訪問日,訪問ID,顧客名,業種,契約プラン,設備型式,対応区分,所要時間分,部品費,作業費,総費用,SLA達成,一次解決,再訪問,担当エンジニア,訪問距離km,リモート判定,対応難易度,顧客満足度,受付チャネル
2024-01-01,V000001,東京湾岸エナジー,電力,プレミアム,AX-2000,予防保全,84,35289,11942,47231,達成,解決,なし,E015,120.7,不可,高,3.8,メール
2024-01-01,V000002,東北ロジスティクス,物流,プレミアム,RX-500,部品交換,164,61878,27744,89622,未達,解決,なし,E016,37.5,不可,低,3.0,電話
2024-01-02,V000003,東京湾岸エナジー,電力,スタンダード,PX-80,再訪問対応,123,8428,21370,29798,達成,未解決,なし,E010,134.6,不可,中,4.6,Web
2024-01-02,V000004,日本橋製薬,製薬,スタンダード,PX-50,予防保全,94,14735,16284,31019,達成,未解決,なし,E015,117.0,不可,低,3.8,電話
2024-01-03,V000005,東都フィナンシャル証券,金融,ベーシック,MX-200,部品交換,136,49953,20013,69966,達成,解決,なし,E009,164.6,不可,中,4.8,アプリ
2024-01-03,V000006,暮らしの匠,小売,スタンダード,AX-1000,定期点検,90,0,14160,14160,達成,解決,なし,E018,122.0,不可,低,3.6,メール
2024-01-03,V000007,大和精機製作所,製造業,スタンダード,PX-80,予防保全,99,51941,16589,68530,達成,解決,なし,E008,169.4,不可,低,3.6,アプリ
2024-01-04,V000008,東洋精機,製造業,ベーシック,AX-1000,予防保全,124,41608,19275,60883,達成,解決,なし,E002,22.8,不可,低,3.0,メール
2024-01-04,V000009,暮らしの匠,小売,プレミアム,PX-50,予防保全,80,72804,11147,83951,達成,解決,なし,E014,134.1,不可,低,3.3,電話
2024-01-06,V000010,みどり市役所,公共,ベーシック,PX-80,定期点検,74,0,10018,10018,達成,解決,なし,E021,176.6,不可,低,4.1,メール
2024-01-07,V000011,東洋精機,製造業,スタンダード,MX-200,ソフトウェア更新,34,0,3860,3860,達成,解決,なし,E007,61.4,不可,中,3.0,電話
2024-01-07,V000012,花鳥風月,観光,スタンダード,PX-50,緊急修理,152,20964,27227,48191,達成,解決,なし,E004,98.2,不可,中,4.0,電話
2024-01-08,V000013,大和精機製作所,製造業,スタンダード,PX-50,予防保全,138,70955,16277,87232,達成,解決,なし,E012,13.3,不可,低,4.3,現地
2024-01-09,V000014,日本橋製薬,製薬,スタンダード,PX-50,予防保全,72,6082,8226,14308,達成,未解決,なし,E022,87.3,不可,低,3.9,電話
2024-01-10,V000015,株式会社ネクストブリッジ,IT,スポット,MX-200,定期点検,112,0,16909,16909,達成,解決,なし,E020,128.8,不可,低,4.5,現地
2024-01-10,V000016,東和建設,建設,スタンダード,AX-2000,定期点検,64,0,9509,9509,達成,解決,なし,E008,156.1,不可,低,3.2,アプリ
2024-01-11,V000017,株式会社ミライテック,IT,スタンダード,AX-2000,再訪問対応,113,22006,17862,39868,達成,解決,なし,E003,86.4,不可,低,3.6,電話
2024-01-12,V000018,株式会社ネクストブリッジ,IT,ベーシック,AX-1000,緊急修理,118,18021,16373,34394,達成,解決,なし,E014,157.5,不可,高,3.8,電話
2024-01-13,V000019,暮らしの匠,小売,ベーシック,AX-1000,定期点検,81,0,9523,9523,達成,解決,なし,E025,152.5,不可,低,3.7,メール
2024-01-13,V000020,東都フィナンシャル証券,金融,ベーシック,MX-100,予防保全,116,42499,20242,62741,未達,未解決,あり,E005,64.5,不可,低,3.9,現地
2024-01-15,V000021,日本橋製薬,製薬,プレミアム,MX-100,定期点検,72,0,9785,9785,達成,解決,なし,E019,130.4,不可,中,4.2,現地
2024-01-15,V000022,大和精機製作所,製造業,プレミアム,MX-300,予防保全,75,59939,10424,70363,達成,解決,なし,E012,40.4,不可,中,4.2,アプリ
2024-01-16,V000023,大和精機製作所,製造業,ベーシック,RX-500,予防保全,73,3007,9074,12081,達成,解決,なし,E025,170.3,不可,中,4.4,メール
2024-01-16,V000024,東和建設,建設,プレミアム,RX-500,再訪問対応,106,75233,17843,93076,達成,解決,なし,E024,145.5,不可,低,3.9,電話
2024-01-18,V000025,株式会社ネクストブリッジ,IT,スタンダード,MX-200,部品交換,112,17096,15495,32591,達成,解決,なし,E020,174.0,不可,低,3.5,アプリ
2024-01-20,V000026,花鳥風月,観光,スポット,MX-200,ソフトウェア更新,44,0,6058,6058,未達,解決,なし,E006,57.2,可,低,2.9,電話
2024-01-20,V000027,東都フィナンシャル証券,金融,プレミアム,PX-50,部品交換,128,35550,15847,51397,達成,未解決,なし,E021,109.2,不可,中,4.2,電話
2024-01-21,V000028,東京湾岸エナジー,電力,ベーシック,RX-500,ソフトウェア更新,77,0,11894,11894,達成,未解決,あり,E005,113.2,不可,中,3.7,アプリ
2024-01-21,V000029,東洋精機,製造業,スタンダード,PX-80,部品交換,149,6929,16983,23912,達成,解決,なし,E003,150.0,不可,低,4.3,現地
2024-01-22,V000030,日本橋製薬,製薬,スタンダード,MX-100,ソフトウェア更新,67,0,9721,9721,未達,解決,なし,E011,172.5,可,中,3.8,電話
2024-01-22,V000031,東都フィナンシャル証券,金融,プレミアム,PX-50,再訪問対応,111,50870,19342,70212,達成,解決,なし,E022,71.0,不可,中,4.0,現地
2024-01-25,V000032,東洋精機,製造業,ベーシック,AX-1000,定期点検,77,0,13059,13059,達成,解決,なし,E005,173.7,不可,中,4.2,メール
2024-01-26,V000033,東洋精機,製造業,ベーシック,AX-1000,部品交換,61,42577,9096,51673,未達,未解決,あり,E005,116.5,不可,低,2.5,現地
2024-01-26,V000034,大和精機製作所,製造業,ベーシック,AX-1000,定期点検,102,0,14691,14691,達成,解決,なし,E003,42.3,不可,低,5.0,メール
2024-01-26,V000035,みどり市役所,公共,プレミアム,MX-100,再訪問対応,151,23266,18521,41787,達成,解決,なし,E006,125.3,不可,中,4.4,アプリ
2024-01-27,V000036,東洋精機,製造業,スタンダード,PX-50,ソフトウェア更新,61,0,10833,10833,達成,未解決,なし,E022,141.6,不可,低,4.4,現地
2024-01-27,V000037,暮らしの匠,小売,スタンダード,PX-80,ソフトウェア更新,65,0,9901,9901,達成,解決,なし,E012,157.4,可,低,4.3,現地
2024-01-28,V000038,暮らしの匠,小売,ベーシック,MX-200,部品交換,85,59340,9895,69235,達成,解決,なし,E012,164.1,不可,中,4.2,電話
2024-01-28,V000039,株式会社ミライテック,IT,スタンダード,AX-1000,緊急修理,155,14987,26155,41142,達成,解決,なし,E005,117.7,不可,中,4.4,電話
2024-01-28,V000040,東和建設,建設,ベーシック,MX-300,再訪問対応,135,30266,22740,53006,達成,解決,なし,E017,99.7,不可,中,3.9,アプリ
2024-01-29,V000041,大和精機製作所,製造業,スタンダード,PX-80,定期点検,96,0,11304,11304,達成,解決,なし,E001,163.1,不可,中,3.5,現地
2024-01-30,V000042,東都フィナンシャル証券,金融,ベーシック,PX-80,ソフトウェア更新,51,0,7995,7995,達成,解決,なし,E018,95.2,可,高,3.9,現地
2024-01-30,V000043,花鳥風月,観光,スタンダード,MX-100,ソフトウェア更新,49,0,7953,7953,達成,解決,なし,E022,65.6,可,低,4.3,電話
2024-01-30,V000044,花鳥風月,観光,ベーシック,AX-1000,緊急修理,159,62899,28406,91305,達成,解決,なし,E005,87.2,不可,低,3.7,電話
2024-01-30,V000045,東北ロジスティクス,物流,スポット,MX-100,部品交換,109,54196,19537,73733,達成,未解決,なし,E025,98.7,不可,低,4.4,Web
2024-01-31,V000046,東和建設,建設,ベーシック,MX-100,再訪問対応,83,59637,14327,73964,達成,解決,なし,E016,70.8,不可,高,4.8,アプリ
2024-02-01,V000047,株式会社ミライテック,IT,ベーシック,PX-80,定期点検,56,0,8298,8298,達成,解決,なし,E022,59.2,不可,低,3.4,メール
2024-02-02,V000048,東和建設,建設,ベーシック,AX-2000,緊急修理,223,48210,34127,82337,達成,解決,なし,E002,79.4,不可,中,4.3,電話
2024-02-02,V000049,東北ロジスティクス,物流,スタンダード,MX-300,定期点検,91,0,10438,10438,達成,解決,なし,E013,140.6,不可,低,3.9,現地
2024-02-02,V000050,東洋精機,製造業,プレミアム,RX-500,部品交換,87,54171,11484,65655,達成,解決,なし,E001,51.6,不可,高,3.7,Web
2024-02-03,V000051,株式会社ネクストブリッジ,IT,スタンダード,MX-200,部品交換,129,66382,15997,82379,達成,解決,なし,E006,26.2,不可,低,4.7,アプリ
2024-02-06,V000052,暮らしの匠,小売,ベーシック,AX-1000,再訪問対応,63,22644,10069,32713,達成,解決,なし,E012,167.1,不可,中,3.7,現地
2024-02-06,V000053,東京湾岸エナジー,電力,スポット,MX-300,緊急修理,116,74305,13813,88118,未達,解決,なし,E013,159.4,不可,低,3.0,アプリ
2024-02-07,V000054,東都フィナンシャル証券,金融,ベーシック,MX-200,緊急修理,96,47156,11422,58578,未達,解決,なし,E019,149.6,不可,中,3.4,Web
2024-02-07,V000055,花鳥風月,観光,プレミアム,MX-100,定期点検,117,0,14716,14716,達成,解決,なし,E010,170.7,不可,中,5.0,電話
2024-02-09,V000056,東和建設,建設,ベーシック,PX-80,緊急修理,194,79569,34127,113696,達成,解決,なし,E024,29.4,不可,中,4.4,現地
2024-02-09,V000057,株式会社ミライテック,IT,スポット,MX-100,定期点検,88,0,13204,13204,達成,未解決,なし,E021,112.0,不可,低,4.3,現地
2024-02-10,V000058,東和建設,建設,スポット,RX-500,緊急修理,161,59619,22394,82013,未達,未解決,あり,E005,84.7,不可,低,3.3,メール
2024-02-10,V000059,みどり市役所,公共,スタンダード,AX-1000,ソフトウェア更新,47,0,6704,6704,達成,解決,なし,E010,49.6,可,低,3.8,アプリ
2024-02-10,V000060,みどり市役所,公共,スタンダード,MX-300,部品交換,126,69466,17977,87443,未達,解決,なし,E003,158.5,不可,低,3.5,アプリ
2024-02-11,V000061,東都フィナンシャル証券,金融,スポット,PX-50,予防保全,48,63680,6240,69920,達成,解決,なし,E005,3.5,不可,低,4.0,メール
2024-02-11,V000062,東北ロジスティクス,物流,ベーシック,AX-1000,定期点検,99,0,11399,11399,達成,解決,なし,E009,91.8,不可,中,4.6,現地
2024-02-12,V000063,東北ロジスティクス,物流,プレミアム,MX-200,ソフトウェア更新,54,0,8217,8217,達成,未解決,あり,E023,73.4,可,低,4.2,メール
2024-02-12,V000064,花鳥風月,観光,スタンダード,MX-300,予防保全,119,53505,21341,74846,未達,解決,なし,E011,133.6,不可,低,3.0,現地
2024-02-14,V000065,花鳥風月,観光,スタンダード,PX-80,ソフトウェア更新,40,0,6034,6034,達成,解決,なし,E001,143.8,不可,中,2.8,現地
2024-02-14,V000066,株式会社ネクストブリッジ,IT,スポット,PX-50,再訪問対応,78,51832,9386,61218,達成,解決,なし,E023,123.2,不可,低,3.9,電話
2024-02-15,V000067,東京湾岸エナジー,電力,スタンダード,AX-2000,緊急修理,98,63814,16767,80581,達成,解決,なし,E005,133.0,不可,低,4.0,現地
2024-02-15,V000068,東京湾岸エナジー,電力,スタンダード,RX-500,予防保全,69,36650,10536,47186,達成,未解決,あり,E018,36.2,不可,低,3.9,メール
2024-02-16,V000069,東京湾岸エナジー,電力,スポット,PX-80,部品交換,81,37842,10541,48383,未達,未解決,あり,E013,104.1,不可,中,3.3,メール
2024-02-16,V000070,暮らしの匠,小売,ベーシック,PX-80,定期点検,73,0,10478,10478,達成,未解決,あり,E018,38.0,不可,中,4.1,メール
2024-02-17,V000071,大和精機製作所,製造業,ベーシック,PX-50,緊急修理,151,45292,24192,69484,達成,未解決,あり,E001,19.9,不可,中,4.2,現地
2024-02-17,V000072,暮らしの匠,小売,プレミアム,RX-500,ソフトウェア更新,57,0,6506,6506,達成,解決,なし,E024,138.8,可,低,4.4,電話
2024-02-18,V000073,みどり市役所,公共,プレミアム,MX-300,定期点検,37,0,6561,6561,未達,解決,なし,E001,166.8,不可,高,3.2,メール
2024-02-21,V000074,東都フィナンシャル証券,金融,プレミアム,AX-1000,部品交換,57,19589,9665,29254,達成,解決,なし,E004,85.3,不可,低,3.8,メール
2024-02-21,V000075,大和精機製作所,製造業,スタンダード,PX-80,再訪問対応,140,27318,17119,44437,達成,解決,なし,E014,154.4,不可,高,3.4,現地
2024-02-21,V000076,東和建設,建設,スタンダード,MX-200,緊急修理,154,52275,19478,71753,未達,解決,なし,E010,136.2,不可,高,3.2,現地
2024-02-21,V000077,東北ロジスティクス,物流,プレミアム,AX-1000,再訪問対応,111,67866,19382,87248,達成,解決,なし,E023,160.0,不可,中,4.1,電話
2024-02-22,V000078,日本橋製薬,製薬,スポット,AX-1000,予防保全,28,50971,3895,54866,達成,未解決,あり,E018,99.8,不可,低,4.4,Web
2024-02-22,V000079,花鳥風月,観光,ベーシック,MX-200,予防保全,91,73781,15761,89542,達成,未解決,あり,E006,38.0,不可,中,3.9,メール
2024-02-22,V000080,みどり市役所,公共,スタンダード,PX-50,再訪問対応,71,61432,8465,69897,達成,解決,なし,E018,75.9,不可,中,3.9,アプリ
2024-02-23,V000081,東北ロジスティクス,物流,スタンダード,MX-100,ソフトウェア更新,61,0,8519,8519,達成,解決,なし,E003,126.7,可,低,4.2,アプリ
2024-02-24,V000082,東洋精機,製造業,スタンダード,MX-300,再訪問対応,40,52132,5655,57787,未達,解決,なし,E003,165.2,不可,低,4.0,現地
2024-02-25,V000083,大和精機製作所,製造業,ベーシック,MX-200,緊急修理,222,2455,36171,38626,未達,解決,なし,E024,176.2,不可,低,4.2,現地
2024-02-25,V000084,株式会社ネクストブリッジ,IT,スタンダード,PX-50,緊急修理,178,16790,19981,36771,達成,解決,なし,E001,119.5,不可,中,4.9,Web
2024-02-25,V000085,東京湾岸エナジー,電力,プレミアム,MX-100,ソフトウェア更新,83,0,11467,11467,達成,解決,なし,E002,43.7,可,高,4.2,Web
2024-02-27,V000086,東都フィナンシャル証券,金融,スタンダード,AX-1000,予防保全,90,20777,16109,36886,達成,解決,なし,E009,94.8,不可,低,4.4,電話
2024-02-27,V000087,東都フィナンシャル証券,金融,スタンダード,MX-300,再訪問対応,158,51958,26070,78028,達成,解決,なし,E005,58.7,不可,低,4.1,メール
2024-02-28,V000088,株式会社ミライテック,IT,ベーシック,RX-500,緊急修理,132,9552,19716,29268,未達,解決,なし,E005,174.3,不可,中,2.3,アプリ
2024-02-28,V000089,東京湾岸エナジー,電力,スタンダード,MX-200,ソフトウェア更新,58,0,7469,7469,達成,解決,なし,E007,121.9,可,高,3.7,現地
2024-02-29,V000090,東北ロジスティクス,物流,スタンダード,RX-500,緊急修理,156,26906,27665,54571,未達,解決,なし,E016,22.9,不可,高,3.2,Web
2024-02-29,V000091,東北ロジスティクス,物流,ベーシック,AX-2000,緊急修理,115,36283,15545,51828,達成,未解決,あり,E024,159.1,不可,低,3.9,アプリ
2024-03-01,V000092,花鳥風月,観光,スタンダード,PX-50,部品交換,152,4125,19494,23619,達成,解決,なし,E014,168.4,不可,中,3.4,メール
2024-03-01,V000093,大和精機製作所,製造業,スタンダード,AX-2000,予防保全,78,35728,12747,48475,達成,解決,なし,E024,89.0,不可,中,3.4,アプリ
2024-03-02,V000094,株式会社ネクストブリッジ,IT,ベーシック,AX-1000,緊急修理,181,9698,26548,36246,達成,解決,なし,E022,151.4,不可,低,5.0,電話
2024-03-02,V000095,花鳥風月,観光,スタンダード,PX-50,定期点検,68,0,10420,10420,達成,解決,なし,E016,120.7,不可,中,4.0,アプリ
2024-03-03,V000096,東洋精機,製造業,スタンダード,AX-2000,定期点検,71,0,10306,10306,達成,解決,なし,E006,126.2,不可,低,3.9,電話
2024-03-03,V000097,暮らしの匠,小売,スタンダード,PX-50,緊急修理,109,12357,14836,27193,達成,解決,なし,E023,74.3,不可,中,4.7,Web
2024-03-04,V000098,東和建設,建設,ベーシック,MX-200,再訪問対応,162,51436,24087,75523,未達,解決,なし,E006,12.0,不可,低,3.3,電話
2024-03-06,V000099,株式会社ネクストブリッジ,IT,スタンダード,AX-1000,予防保全,115,76289,16477,92766,未達,未解決,なし,E009,10.3,不可,低,3.0,現地
2024-03-06,V000100,東都フィナンシャル証券,金融,プレミアム,AX-1000,定期点検,90,0,12409,12409,未達,解決,なし,E008,15.7,不可,低,2.4,現地
2024-03-06,V000101,みどり市役所,公共,スタンダード,AX-1000,ソフトウェア更新,84,0,12184,12184,達成,解決,なし,E003,175.4,可,低,3.9,メール
2024-03-07,V000102,日本橋製薬,製薬,ベーシック,AX-2000,部品交換,154,48636,22901,71537,達成,解決,なし,E019,68.8,不可,低,4.0,アプリ
2024-03-08,V000103,大和精機製作所,製造業,ベーシック,PX-50,再訪問対応,88,22221,14236,36457,達成,解決,なし,E001,58.4,不可,低,4.6,メール
2024-03-10,V000104,株式会社ネクストブリッジ,IT,ベーシック,MX-200,緊急修理,107,15538,11966,27504,達成,解決,なし,E020,65.0,不可,低,3.8,メール
2024-03-10,V000105,みどり市役所,公共,プレミアム,AX-2000,ソフトウェア更新,20,0,2539,2539,達成,解決,なし,E009,94.8,可,低,3.4,メール
2024-03-11,V000106,東和建設,建設,プレミアム,MX-300,ソフトウェア更新,62,0,10917,10917,達成,解決,なし,E015,130.3,可,中,3.5,電話
2024-03-11,V000107,大和精機製作所,製造業,プレミアム,AX-2000,部品交換,140,58441,23391,81832,達成,解決,なし,E005,155.0,不可,高,3.6,メール
2024-03-11,V000108,東和建設,建設,スポット,PX-50,ソフトウェア更新,54,0,7796,7796,達成,未解決,なし,E013,104.5,可,低,4.7,メール
2024-03-11,V000109,大和精機製作所,製造業,スタンダード,MX-300,再訪問対応,118,29479,16601,46080,達成,解決,なし,E014,53.9,不可,中,2.8,アプリ
2024-03-11,V000110,大和精機製作所,製造業,スタンダード,PX-80,再訪問対応,104,64814,15678,80492,達成,解決,なし,E023,97.1,不可,高,4.4,アプリ
2024-03-11,V000111,東都フィナンシャル証券,金融,ベーシック,AX-1000,再訪問対応,121,34536,18879,53415,未達,解決,なし,E002,65.2,不可,中,3.0,現地
2024-03-12,V000112,暮らしの匠,小売,ベーシック,AX-2000,部品交換,143,68935,23205,92140,未達,解決,なし,E008,101.3,不可,中,3.2,アプリ
2024-03-12,V000113,株式会社ミライテック,IT,スタンダード,MX-300,部品交換,100,13253,11812,25065,未達,解決,なし,E010,169.4,不可,低,4.3,メール
2024-03-12,V000114,株式会社ネクストブリッジ,IT,スタンダード,RX-500,部品交換,111,41356,12557,53913,達成,解決,なし,E011,128.5,不可,低,3.6,電話
2024-03-12,V000115,東北ロジスティクス,物流,プレミアム,PX-50,予防保全,41,32389,6799,39188,達成,解決,なし,E022,114.1,不可,低,3.5,アプリ
2024-03-13,V000116,株式会社ミライテック,IT,ベーシック,PX-50,ソフトウェア更新,57,0,9271,9271,達成,解決,なし,E018,146.0,可,低,3.7,Web
2024-03-13,V000117,株式会社ミライテック,IT,プレミアム,MX-200,部品交換,145,52939,22154,75093,達成,解決,なし,E015,106.5,不可,低,3.9,現地
2024-03-13,V000118,東京湾岸エナジー,電力,ベーシック,PX-80,予防保全,100,50929,15854,66783,達成,未解決,あり,E005,92.9,不可,低,4.2,現地
2024-03-14,V000119,株式会社ミライテック,IT,プレミアム,MX-300,予防保全,118,9026,20129,29155,達成,解決,なし,E007,171.4,不可,低,4.9,アプリ
2024-03-14,V000120,暮らしの匠,小売,スタンダード,RX-500,ソフトウェア更新,69,0,7989,7989,達成,解決,なし,E009,7.5,不可,低,3.5,Web
2024-03-15,V000121,東都フィナンシャル証券,金融,プレミアム,RX-500,予防保全,88,16969,11330,28299,達成,解決,なし,E018,98.7,不可,高,3.9,電話
2024-03-15,V000122,花鳥風月,観光,スタンダード,PX-50,ソフトウェア更新,43,0,6083,6083,達成,未解決,なし,E004,64.0,不可,低,5.0,Web
2024-03-16,V000123,東京湾岸エナジー,電力,ベーシック,AX-1000,再訪問対応,87,29124,14475,43599,達成,解決,なし,E020,103.5,不可,中,3.4,現地
2024-03-16,V000124,東京湾岸エナジー,電力,スポット,PX-80,部品交換,164,19771,29092,48863,達成,未解決,あり,E009,141.9,不可,高,3.5,Web
2024-03-17,V000125,東北ロジスティクス,物流,プレミアム,MX-300,再訪問対応,148,20634,22262,42896,達成,解決,なし,E015,49.8,不可,低,3.6,電話
2024-03-17,V000126,日本橋製薬,製薬,ベーシック,MX-200,ソフトウェア更新,73,0,12885,12885,達成,解決,なし,E024,60.3,可,中,3.8,電話
2024-03-18,V000127,東北ロジスティクス,物流,スタンダード,AX-1000,定期点検,131,0,18946,18946,達成,解決,なし,E018,59.5,不可,低,3.8,現地
2024-03-18,V000128,大和精機製作所,製造業,ベーシック,AX-1000,再訪問対応,86,4134,10207,14341,達成,解決,なし,E001,154.7,不可,低,3.3,アプリ
2024-03-18,V000129,東京湾岸エナジー,電力,ベーシック,MX-300,再訪問対応,155,12803,21084,33887,達成,未解決,なし,E013,162.9,不可,低,4.3,メール
2024-03-20,V000130,東北ロジスティクス,物流,ベーシック,AX-2000,再訪問対応,132,79814,16610,96424,達成,解決,なし,E023,123.0,不可,低,4.2,メール
2024-03-21,V000131,花鳥風月,観光,スポット,AX-2000,再訪問対応,90,15425,10550,25975,達成,解決,なし,E013,67.4,不可,低,4.5,Web
2024-03-21,V000132,日本橋製薬,製薬,ベーシック,MX-200,予防保全,111,29925,17090,47015,達成,解決,なし,E022,28.9,不可,低,4.4,アプリ
2024-03-22,V000133,みどり市役所,公共,プレミアム,MX-200,緊急修理,78,43222,12899,56121,達成,解決,なし,E008,46.1,不可,中,4.9,現地
2024-03-23,V000134,日本橋製薬,製薬,ベーシック,PX-80,再訪問対応,142,26726,23053,49779,達成,未解決,なし,E008,54.6,不可,低,4.7,アプリ
2024-03-23,V000135,株式会社ミライテック,IT,スタンダード,MX-200,予防保全,85,52703,14471,67174,未達,解決,なし,E022,103.2,不可,低,3.5,Web
2024-03-23,V000136,花鳥風月,観光,スポット,MX-200,定期点検,100,0,17640,17640,達成,解決,なし,E023,72.8,不可,低,5.0,現地
2024-03-23,V000137,花鳥風月,観光,スタンダード,AX-2000,定期点検,95,0,10975,10975,達成,解決,なし,E005,165.9,不可,高,4.2,現地
2024-03-24,V000138,東和建設,建設,スタンダード,MX-200,部品交換,125,13300,21840,35140,達成,解決,なし,E002,22.6,不可,中,3.9,メール
2024-03-24,V000139,日本橋製薬,製薬,ベーシック,MX-300,定期点検,116,0,15575,15575,達成,解決,なし,E009,94.1,不可,中,4.0,Web
2024-03-24,V000140,株式会社ミライテック,IT,ベーシック,PX-80,再訪問対応,139,10371,17848,28219,未達,未解決,あり,E016,175.6,不可,中,2.8,アプリ
2024-03-26,V000141,東都フィナンシャル証券,金融,プレミアム,MX-300,部品交換,155,17117,19528,36645,達成,解決,なし,E001,92.6,不可,低,3.5,Web
2024-03-27,V000142,東洋精機,製造業,スタンダード,MX-300,緊急修理,202,56967,25394,82361,未達,未解決,あり,E011,46.2,不可,高,2.8,メール
2024-03-28,V000143,花鳥風月,観光,スタンダード,MX-200,予防保全,105,8019,18562,26581,達成,解決,なし,E010,14.3,不可,低,4.6,メール
2024-03-28,V000144,東和建設,建設,スタンダード,MX-100,部品交換,106,62807,14392,77199,達成,解決,なし,E025,175.0,不可,高,4.7,Web
2024-03-28,V000145,東北ロジスティクス,物流,スタンダード,PX-50,緊急修理,153,3257,27015,30272,達成,解決,なし,E024,2.3,不可,中,4.5,メール
2024-03-29,V000146,大和精機製作所,製造業,スタンダード,PX-50,ソフトウェア更新,83,0,9670,9670,達成,解決,なし,E023,166.0,不可,中,4.0,メール
2024-03-30,V000147,株式会社ネクストブリッジ,IT,ベーシック,MX-200,予防保全,75,19132,9493,28625,達成,未解決,あり,E013,48.5,不可,低,3.8,メール
2024-03-31,V000148,東和建設,建設,スタンダード,MX-200,緊急修理,182,43160,25198,68358,達成,未解決,あり,E007,97.4,不可,高,4.3,アプリ
2024-04-02,V000149,東和建設,建設,スタンダード,MX-200,定期点検,106,0,11959,11959,達成,解決,なし,E003,150.8,不可,低,3.3,Web
2024-04-03,V000150,暮らしの匠,小売,スタンダード,MX-100,再訪問対応,190,74869,30849,105718,達成,未解決,あり,E005,46.5,不可,低,3.7,電話
2024-04-03,V000151,東洋精機,製造業,ベーシック,PX-50,緊急修理,115,13015,17337,30352,達成,解決,なし,E001,48.1,不可,中,2.9,電話
2024-04-03,V000152,東京湾岸エナジー,電力,ベーシック,MX-300,定期点検,114,0,13880,13880,未達,未解決,あり,E013,104.2,不可,中,3.3,アプリ
2024-04-04,V000153,東洋精機,製造業,ベーシック,MX-300,部品交換,108,6541,16522,23063,達成,解決,なし,E016,111.8,不可,中,5.0,アプリ
2024-04-04,V000154,みどり市役所,公共,スタンダード,MX-200,部品交換,86,34656,13257,47913,達成,解決,なし,E013,144.8,不可,中,3.3,メール
2024-04-05,V000155,株式会社ネクストブリッジ,IT,ベーシック,AX-1000,予防保全,109,30707,12213,42920,達成,解決,なし,E016,146.3,不可,低,4.4,現地
2024-04-05,V000156,株式会社ミライテック,IT,スタンダード,PX-50,緊急修理,142,9328,23214,32542,達成,解決,なし,E013,170.7,不可,中,4.9,メール
2024-04-05,V000157,暮らしの匠,小売,スポット,MX-300,緊急修理,147,79537,16460,95997,達成,解決,なし,E019,126.7,不可,高,3.5,Web
2024-04-05,V000158,東都フィナンシャル証券,金融,プレミアム,RX-500,予防保全,115,30679,12810,43489,達成,解決,なし,E020,87.1,不可,低,4.2,Web
2024-04-05,V000159,花鳥風月,観光,スタンダード,MX-300,部品交換,115,16538,19464,36002,達成,解決,なし,E012,155.2,不可,高,3.7,アプリ
2024-04-06,V000160,日本橋製薬,製薬,スタンダード,AX-1000,緊急修理,100,65858,15544,81402,未達,解決,なし,E023,33.0,不可,高,3.5,現地
2024-04-09,V000161,花鳥風月,観光,スタンダード,MX-300,ソフトウェア更新,76,0,13407,13407,達成,解決,なし,E019,170.9,可,高,4.6,電話
2024-04-09,V000162,東京湾岸エナジー,電力,スタンダード,PX-50,再訪問対応,129,43879,15706,59585,達成,未解決,あり,E023,159.6,不可,低,3.6,メール
2024-04-10,V000163,株式会社ネクストブリッジ,IT,スタンダード,PX-50,再訪問対応,131,52585,18428,71013,達成,解決,なし,E014,76.7,不可,低,4.0,アプリ
2024-04-10,V000164,みどり市役所,公共,スタンダード,AX-2000,定期点検,90,0,12743,12743,達成,未解決,あり,E001,144.3,不可,低,3.6,メール
2024-04-10,V000165,東和建設,建設,プレミアム,AX-1000,緊急修理,229,14203,30607,44810,達成,解決,なし,E023,177.4,不可,高,4.5,電話
2024-04-11,V000166,株式会社ネクストブリッジ,IT,ベーシック,AX-2000,緊急修理,187,74628,30021,104649,達成,解決,なし,E010,131.9,不可,低,3.9,メール
2024-04-12,V000167,東京湾岸エナジー,電力,プレミアム,RX-500,緊急修理,209,64957,25911,90868,達成,解決,なし,E010,6.6,不可,低,4.5,電話
2024-04-12,V000168,株式会社ネクストブリッジ,IT,プレミアム,AX-2000,ソフトウェア更新,75,0,9220,9220,達成,解決,なし,E009,159.6,可,低,4.3,アプリ
2024-04-12,V000169,株式会社ネクストブリッジ,IT,スタンダード,PX-80,予防保全,119,72968,16538,89506,達成,未解決,なし,E002,136.6,不可,低,4.2,アプリ
2024-04-12,V000170,花鳥風月,観光,スタンダード,RX-500,予防保全,147,6551,21336,27887,未達,解決,なし,E022,162.3,不可,中,3.7,現地
2024-04-12,V000171,大和精機製作所,製造業,スポット,RX-500,緊急修理,155,7593,21643,29236,未達,解決,なし,E021,177.9,不可,低,3.5,Web
2024-04-13,V000172,みどり市役所,公共,スタンダード,MX-200,定期点検,81,0,11507,11507,達成,解決,なし,E020,157.5,不可,中,4.4,現地
2024-04-14,V000173,東都フィナンシャル証券,金融,スタンダード,AX-2000,緊急修理,154,15845,23005,38850,達成,解決,なし,E018,20.0,不可,低,2.8,メール
2024-04-14,V000174,みどり市役所,公共,スタンダード,RX-500,予防保全,97,54654,10933,65587,達成,解決,なし,E008,160.3,不可,低,4.3,電話
2024-04-14,V000175,東北ロジスティクス,物流,スポット,AX-1000,定期点検,114,0,18005,18005,達成,未解決,あり,E010,175.1,不可,低,3.2,アプリ
2024-04-15,V000176,花鳥風月,観光,スタンダード,AX-2000,予防保全,111,65499,18111,83610,達成,解決,なし,E017,156.4,不可,中,4.9,Web
2024-04-15,V000177,東洋精機,製造業,ベーシック,AX-2000,緊急修理,128,28309,21579,49888,未達,解決,なし,E012,46.4,不可,低,3.1,Web
2024-04-16,V000178,東和建設,建設,ベーシック,AX-2000,再訪問対応,94,64204,14201,78405,未達,未解決,あり,E009,64.3,不可,低,3.2,電話
2024-04-17,V000179,東和建設,建設,スタンダード,MX-300,予防保全,103,29096,13270,42366,達成,解決,なし,E025,74.9,不可,低,4.4,電話
2024-04-18,V000180,株式会社ネクストブリッジ,IT,プレミアム,MX-300,予防保全,53,38094,7402,45496,達成,解決,なし,E009,69.0,不可,低,3.2,Web
2024-04-18,V000181,株式会社ネクストブリッジ,IT,ベーシック,AX-2000,予防保全,74,51051,11048,62099,達成,解決,なし,E022,107.7,不可,低,3.2,電話
2024-04-19,V000182,株式会社ネクストブリッジ,IT,スタンダード,PX-80,再訪問対応,85,41163,10470,51633,達成,解決,なし,E002,94.1,不可,低,3.0,現地
2024-04-19,V000183,株式会社ミライテック,IT,スタンダード,MX-300,再訪問対応,109,55031,14952,69983,達成,解決,なし,E019,8.3,不可,中,5.0,Web
2024-04-20,V000184,株式会社ミライテック,IT,ベーシック,RX-500,再訪問対応,152,75170,18647,93817,達成,解決,なし,E009,19.4,不可,低,4.6,現地
2024-04-20,V000185,花鳥風月,観光,プレミアム,AX-1000,再訪問対応,128,45426,17410,62836,達成,解決,なし,E004,106.2,不可,低,3.6,アプリ
2024-04-21,V000186,東洋精機,製造業,ベーシック,MX-200,ソフトウェア更新,69,0,9031,9031,未達,解決,なし,E007,11.6,不可,低,2.8,メール
2024-04-21,V000187,株式会社ミライテック,IT,スタンダード,RX-500,緊急修理,157,25176,20714,45890,達成,解決,なし,E007,12.3,不可,低,3.4,Web
2024-04-22,V000188,東都フィナンシャル証券,金融,プレミアム,MX-200,緊急修理,70,52242,7722,59964,達成,解決,なし,E001,97.0,不可,中,4.7,メール
2024-04-24,V000189,花鳥風月,観光,スタンダード,MX-100,再訪問対応,139,42906,16544,59450,達成,解決,なし,E006,70.3,不可,中,5.0,電話
2024-04-24,V000190,花鳥風月,観光,スタンダード,PX-80,ソフトウェア更新,43,0,7726,7726,達成,解決,なし,E007,63.0,不可,低,4.9,Web
2024-04-24,V000191,暮らしの匠,小売,スポット,AX-2000,定期点検,87,0,10599,10599,達成,未解決,あり,E002,67.3,不可,中,3.3,アプリ
2024-04-24,V000192,みどり市役所,公共,スタンダード,MX-100,予防保全,97,17176,13499,30675,未達,解決,なし,E016,69.7,不可,中,3.1,Web
2024-04-26,V000193,東京湾岸エナジー,電力,ベーシック,MX-100,部品交換,78,19978,10866,30844,達成,解決,なし,E020,162.0,不可,中,3.9,電話
2024-04-26,V000194,東和建設,建設,ベーシック,RX-500,緊急修理,184,55707,24044,79751,達成,未解決,なし,E007,9.0,不可,低,3.9,アプリ
2024-04-27,V000195,東和建設,建設,プレミアム,MX-200,定期点検,95,0,13852,13852,達成,解決,なし,E009,130.8,不可,低,4.2,Web
2024-04-27,V000196,株式会社ネクストブリッジ,IT,スポット,PX-80,ソフトウェア更新,68,0,10701,10701,達成,未解決,なし,E002,77.8,可,高,3.6,電話
2024-04-27,V000197,みどり市役所,公共,ベーシック,MX-300,部品交換,75,14183,10206,24389,達成,解決,なし,E013,63.0,不可,低,3.3,アプリ
2024-04-27,V000198,東和建設,建設,スタンダード,RX-500,ソフトウェア更新,58,0,10206,10206,達成,未解決,あり,E019,30.4,可,中,3.8,アプリ
2024-04-28,V000199,東京湾岸エナジー,電力,スタンダード,AX-1000,予防保全,135,19125,19415,38540,達成,解決,なし,E015,88.9,不可,高,2.9,電話
2024-04-28,V000200,東洋精機,製造業,ベーシック,MX-100,再訪問対応,127,31358,22663,54021,未達,解決,なし,E017,121.2,不可,低,2.4,現地
2024-04-28,V000201,大和精機製作所,製造業,ベーシック,PX-50,ソフトウェア更新,70,0,12540,12540,達成,未解決,あり,E016,11.7,可,低,3.5,アプリ
2024-04-28,V000202,みどり市役所,公共,プレミアム,RX-500,部品交換,127,54858,21234,76092,達成,未解決,あり,E019,16.0,不可,低,4.7,アプリ
2024-04-30,V000203,大和精機製作所,製造業,スタンダード,AX-1000,定期点検,112,0,12600,12600,未達,解決,なし,E020,99.7,不可,中,3.3,現地
2024-05-01,V000204,日本橋製薬,製薬,ベーシック,PX-50,再訪問対応,151,61566,20118,81684,達成,未解決,あり,E023,138.6,不可,中,4.1,メール
2024-05-02,V000205,東北ロジスティクス,物流,プレミアム,PX-50,定期点検,82,0,13050,13050,達成,未解決,なし,E005,10.1,不可,低,4.6,アプリ
2024-05-02,V000206,大和精機製作所,製造業,ベーシック,PX-50,定期点検,52,0,8329,8329,未達,解決,なし,E021,21.2,不可,低,3.4,現地
2024-05-03,V000207,大和精機製作所,製造業,ベーシック,RX-500,再訪問対応,132,8366,19631,27997,達成,解決,なし,E017,79.0,不可,中,4.0,Web
2024-05-03,V000208,東北ロジスティクス,物流,プレミアム,MX-300,定期点検,109,0,14924,14924,達成,解決,なし,E025,176.4,不可,高,3.6,Web
2024-05-03,V000209,東和建設,建設,スポット,PX-80,ソフトウェア更新,34,0,4959,4959,未達,解決,なし,E024,152.1,可,低,2.6,現地
2024-05-04,V000210,日本橋製薬,製薬,スタンダード,PX-80,再訪問対応,176,25306,25567,50873,達成,解決,なし,E004,125.6,不可,低,3.9,メール
2024-05-04,V000211,東都フィナンシャル証券,金融,スタンダード,AX-2000,再訪問対応,163,70515,19144,89659,達成,未解決,あり,E002,69.8,不可,低,3.3,Web
2024-05-07,V000212,東和建設,建設,ベーシック,PX-80,再訪問対応,114,6234,15402,21636,達成,未解決,なし,E022,82.6,不可,中,4.8,現地
2024-05-07,V000213,みどり市役所,公共,ベーシック,AX-2000,緊急修理,145,52014,19883,71897,達成,未解決,なし,E011,172.3,不可,高,3.9,現地
2024-05-07,V000214,東洋精機,製造業,ベーシック,PX-50,予防保全,105,50200,17100,67300,未達,未解決,あり,E025,99.3,不可,中,3.9,Web
2024-05-08,V000215,東和建設,建設,プレミアム,MX-200,緊急修理,157,38583,23387,61970,未達,解決,なし,E009,25.2,不可,中,3.3,電話
2024-05-09,V000216,東和建設,建設,ベーシック,MX-300,定期点検,139,0,21279,21279,達成,解決,なし,E019,119.8,不可,低,4.4,現地
2024-05-09,V000217,株式会社ミライテック,IT,ベーシック,AX-1000,予防保全,126,56516,18649,75165,達成,解決,なし,E007,73.8,不可,低,4.2,メール
2024-05-09,V000218,東和建設,建設,スタンダード,RX-500,予防保全,86,33958,15232,49190,達成,未解決,あり,E004,123.5,不可,低,3.5,アプリ
2024-05-09,V000219,東和建設,建設,ベーシック,MX-100,予防保全,108,7747,14121,21868,未達,解決,なし,E003,118.0,不可,低,2.7,電話
2024-05-10,V000220,東京湾岸エナジー,電力,スポット,MX-100,再訪問対応,152,15621,18907,34528,達成,未解決,なし,E024,149.5,不可,高,3.6,アプリ
2024-05-10,V000221,日本橋製薬,製薬,スポット,MX-300,定期点検,96,0,15897,15897,達成,解決,なし,E008,101.3,不可,中,4.1,メール
2024-05-10,V000222,株式会社ミライテック,IT,スタンダード,AX-2000,ソフトウェア更新,61,0,9785,9785,達成,解決,なし,E003,13.3,不可,低,4.0,メール
2024-05-11,V000223,暮らしの匠,小売,プレミアム,PX-80,予防保全,76,6039,10881,16920,達成,解決,なし,E013,97.0,不可,低,4.2,現地
2024-05-13,V000224,東和建設,建設,ベーシック,PX-80,再訪問対応,81,3461,12048,15509,未達,未解決,なし,E001,100.8,不可,低,2.2,現地
2024-05-14,V000225,日本橋製薬,製薬,スタンダード,MX-200,部品交換,116,69181,13916,83097,達成,解決,なし,E009,34.8,不可,中,3.7,Web
2024-05-14,V000226,大和精機製作所,製造業,ベーシック,MX-100,予防保全,97,14871,12010,26881,達成,解決,なし,E012,105.3,不可,高,4.2,Web
2024-05-15,V000227,東北ロジスティクス,物流,スタンダード,PX-80,予防保全,77,42065,12207,54272,達成,解決,なし,E011,29.1,不可,中,4.0,アプリ
2024-05-15,V000228,東京湾岸エナジー,電力,スタンダード,PX-50,再訪問対応,139,45458,23831,69289,達成,解決,なし,E010,84.4,不可,低,3.8,アプリ
2024-05-16,V000229,東都フィナンシャル証券,金融,プレミアム,MX-200,部品交換,97,12022,15609,27631,達成,解決,なし,E021,160.8,不可,中,3.9,電話
2024-05-17,V000230,花鳥風月,観光,スタンダード,PX-50,定期点検,115,0,18890,18890,達成,解決,なし,E025,67.1,不可,低,4.0,現地
2024-05-18,V000231,東北ロジスティクス,物流,スタンダード,RX-500,予防保全,63,23737,10269,34006,達成,解決,なし,E019,27.0,不可,低,4.0,現地
2024-05-19,V000232,日本橋製薬,製薬,スポット,RX-500,部品交換,118,29102,17257,46359,達成,未解決,あり,E015,142.9,不可,低,4.4,電話
2024-05-21,V000233,東洋精機,製造業,ベーシック,MX-200,再訪問対応,122,77842,18068,95910,未達,解決,なし,E012,32.9,不可,中,4.0,現地
2024-05-21,V000234,日本橋製薬,製薬,ベーシック,PX-80,ソフトウェア更新,37,0,4963,4963,未達,解決,なし,E005,143.1,不可,低,3.7,アプリ
2024-05-22,V000235,大和精機製作所,製造業,プレミアム,PX-80,緊急修理,94,32191,13068,45259,達成,解決,なし,E022,60.8,不可,低,3.4,アプリ
2024-05-22,V000236,株式会社ネクストブリッジ,IT,スタンダード,AX-2000,定期点検,79,0,11524,11524,達成,解決,なし,E006,160.6,不可,低,3.9,メール
2024-05-23,V000237,暮らしの匠,小売,スタンダード,AX-2000,予防保全,129,39152,22743,61895,未達,解決,なし,E016,40.6,不可,中,2.6,アプリ
2024-05-25,V000238,東京湾岸エナジー,電力,ベーシック,MX-300,予防保全,89,46914,15536,62450,未達,解決,なし,E013,108.2,不可,低,2.9,アプリ
2024-05-26,V000239,大和精機製作所,製造業,プレミアム,AX-2000,緊急修理,191,71655,27739,99394,達成,解決,なし,E005,22.9,不可,低,3.6,現地
2024-05-27,V000240,東都フィナンシャル証券,金融,プレミアム,AX-2000,予防保全,46,65192,7602,72794,達成,未解決,なし,E024,69.9,不可,中,4.5,現地
2024-05-28,V000241,大和精機製作所,製造業,プレミアム,RX-500,緊急修理,111,35791,13678,49469,達成,解決,なし,E019,128.2,不可,中,3.6,現地
2024-05-29,V000242,大和精機製作所,製造業,プレミアム,PX-50,再訪問対応,156,78725,19929,98654,達成,解決,なし,E012,154.2,不可,低,4.3,現地
2024-05-30,V000243,東和建設,建設,ベーシック,PX-50,ソフトウェア更新,68,0,9782,9782,達成,解決,なし,E013,178.0,可,中,4.6,Web
2024-05-31,V000244,みどり市役所,公共,ベーシック,PX-50,ソフトウェア更新,33,0,5479,5479,未達,未解決,あり,E013,111.3,可,低,3.2,電話
2024-05-31,V000245,花鳥風月,観光,ベーシック,RX-500,予防保全,101,6948,16232,23180,達成,解決,なし,E021,167.7,不可,低,4.2,現地
2024-06-01,V000246,東和建設,建設,スポット,MX-100,緊急修理,166,69915,21583,91498,未達,解決,なし,E017,8.0,不可,中,3.9,Web
2024-06-01,V000247,日本橋製薬,製薬,ベーシック,AX-1000,緊急修理,143,53792,19788,73580,達成,未解決,あり,E023,37.7,不可,低,4.5,電話
2024-06-01,V000248,暮らしの匠,小売,スタンダード,AX-1000,部品交換,104,54947,15625,70572,未達,解決,なし,E004,48.5,不可,低,3.0,現地
2024-06-01,V000249,東洋精機,製造業,スタンダード,MX-200,予防保全,65,51424,9712,61136,未達,未解決,なし,E025,139.1,不可,中,2.9,アプリ
2024-06-03,V000250,東北ロジスティクス,物流,ベーシック,MX-100,ソフトウェア更新,27,0,4249,4249,達成,解決,なし,E017,42.9,可,高,2.8,現地
2024-06-04,V000251,東洋精機,製造業,ベーシック,PX-50,部品交換,181,64463,23886,88349,達成,未解決,なし,E006,40.9,不可,中,4.5,Web
2024-06-04,V000252,株式会社ネクストブリッジ,IT,プレミアム,PX-50,部品交換,120,22446,19743,42189,達成,解決,なし,E022,23.3,不可,低,4.7,アプリ
2024-06-05,V000253,日本橋製薬,製薬,ベーシック,MX-100,ソフトウェア更新,84,0,12618,12618,達成,解決,なし,E017,50.9,可,中,3.4,メール
2024-06-05,V000254,株式会社ミライテック,IT,ベーシック,MX-300,定期点検,95,0,12759,12759,達成,解決,なし,E015,155.2,不可,中,4.0,電話
2024-06-05,V000255,東北ロジスティクス,物流,スタンダード,MX-100,定期点検,107,0,18225,18225,達成,解決,なし,E009,35.3,不可,低,4.3,アプリ
2024-06-05,V000256,暮らしの匠,小売,スタンダード,MX-300,ソフトウェア更新,60,0,8282,8282,達成,解決,なし,E022,82.2,可,高,3.5,Web
2024-06-05,V000257,花鳥風月,観光,ベーシック,PX-50,予防保全,138,21601,19749,41350,達成,解決,なし,E005,3.7,不可,低,5.0,現地
2024-06-06,V000258,東都フィナンシャル証券,金融,スタンダード,RX-500,部品交換,134,30241,22373,52614,達成,未解決,あり,E015,86.8,不可,中,4.2,メール
2024-06-07,V000259,東和建設,建設,スタンダード,PX-80,部品交換,171,28077,25714,53791,達成,解決,なし,E025,117.7,不可,中,3.0,メール
2024-06-07,V000260,株式会社ミライテック,IT,ベーシック,RX-500,再訪問対応,102,20985,17419,38404,達成,解決,なし,E014,116.0,不可,高,3.6,現地
2024-06-07,V000261,東都フィナンシャル証券,金融,ベーシック,MX-200,定期点検,82,0,10555,10555,達成,解決,なし,E015,116.7,不可,低,4.4,メール
2024-06-08,V000262,東北ロジスティクス,物流,スタンダード,RX-500,ソフトウェア更新,61,0,9886,9886,達成,未解決,あり,E004,135.5,可,低,4.4,電話
2024-06-08,V000263,暮らしの匠,小売,スタンダード,MX-100,定期点検,100,0,15326,15326,達成,解決,なし,E013,17.0,不可,高,4.0,メール
2024-06-09,V000264,東京湾岸エナジー,電力,ベーシック,RX-500,再訪問対応,134,48771,22810,71581,達成,解決,なし,E018,59.9,不可,低,4.1,メール
2024-06-09,V000265,東都フィナンシャル証券,金融,プレミアム,MX-300,予防保全,78,70610,12073,82683,達成,解決,なし,E016,97.0,不可,高,3.5,現地
2024-06-10,V000266,東京湾岸エナジー,電力,プレミアム,PX-80,部品交換,156,19865,20915,40780,達成,解決,なし,E016,85.5,不可,低,4.0,アプリ
2024-06-10,V000267,東和建設,建設,ベーシック,PX-80,予防保全,81,75472,11388,86860,達成,解決,なし,E021,46.5,不可,中,4.4,アプリ
2024-06-10,V000268,花鳥風月,観光,スタンダード,MX-200,ソフトウェア更新,66,0,10465,10465,達成,解決,なし,E009,50.4,可,中,3.3,アプリ
2024-06-11,V000269,東京湾岸エナジー,電力,プレミアム,MX-300,部品交換,75,66486,9235,75721,達成,解決,なし,E018,5.5,不可,低,4.2,電話
2024-06-11,V000270,東京湾岸エナジー,電力,プレミアム,PX-80,緊急修理,152,66694,19030,85724,達成,解決,なし,E016,76.8,不可,中,4.3,メール
2024-06-12,V000271,株式会社ネクストブリッジ,IT,ベーシック,AX-1000,定期点検,91,0,13004,13004,未達,未解決,あり,E013,36.2,不可,中,3.0,電話
2024-06-12,V000272,大和精機製作所,製造業,ベーシック,PX-50,ソフトウェア更新,59,0,8393,8393,達成,解決,なし,E016,139.2,可,高,3.9,アプリ
2024-06-12,V000273,東北ロジスティクス,物流,スタンダード,AX-1000,緊急修理,192,35202,27587,62789,達成,解決,なし,E002,55.2,不可,低,3.8,Web
2024-06-13,V000274,暮らしの匠,小売,スタンダード,AX-2000,部品交換,102,7504,15368,22872,達成,未解決,あり,E005,125.0,不可,中,4.2,メール
2024-06-14,V000275,花鳥風月,観光,スタンダード,RX-500,定期点検,127,0,14503,14503,達成,解決,なし,E018,65.3,不可,低,3.8,電話
2024-06-14,V000276,大和精機製作所,製造業,スタンダード,AX-1000,ソフトウェア更新,42,0,5357,5357,達成,解決,なし,E018,9.0,不可,中,4.6,アプリ
2024-06-15,V000277,東京湾岸エナジー,電力,プレミアム,AX-1000,部品交換,152,74682,18426,93108,達成,解決,なし,E009,96.5,不可,低,3.0,現地
2024-06-15,V000278,株式会社ミライテック,IT,プレミアム,AX-2000,再訪問対応,164,33298,21721,55019,達成,解決,なし,E013,13.3,不可,高,3.3,Web
2024-06-16,V000279,東都フィナンシャル証券,金融,スタンダード,MX-300,予防保全,95,10739,10741,21480,達成,解決,なし,E002,168.9,不可,低,4.2,Web
2024-06-16,V000280,大和精機製作所,製造業,プレミアム,MX-100,予防保全,65,79371,8314,87685,達成,解決,なし,E003,67.2,不可,中,4.0,電話
2024-06-17,V000281,暮らしの匠,小売,スタンダード,RX-500,定期点検,66,0,11373,11373,達成,解決,なし,E002,148.3,不可,中,4.6,現地
2024-06-18,V000282,東和建設,建設,プレミアム,MX-200,部品交換,106,32279,15604,47883,達成,解決,なし,E008,35.7,不可,中,4.0,現地
2024-06-18,V000283,日本橋製薬,製薬,プレミアム,AX-2000,再訪問対応,107,57977,18382,76359,達成,解決,なし,E013,31.7,不可,低,4.4,現地
2024-06-18,V000284,株式会社ミライテック,IT,プレミアム,RX-500,部品交換,177,56046,28938,84984,達成,解決,なし,E020,78.6,不可,中,4.0,Web
2024-06-19,V000285,東都フィナンシャル証券,金融,スタンダード,PX-80,部品交換,81,39287,12287,51574,未達,解決,なし,E010,94.1,不可,高,3.7,電話
2024-06-19,V000286,東和建設,建設,スタンダード,AX-1000,定期点検,113,0,16943,16943,達成,未解決,なし,E015,103.7,不可,低,3.7,メール
2024-06-20,V000287,大和精機製作所,製造業,スタンダード,PX-50,緊急修理,106,30499,17108,47607,達成,解決,なし,E006,130.8,不可,中,3.7,アプリ
2024-06-22,V000288,花鳥風月,観光,ベーシック,MX-200,予防保全,108,9329,18849,28178,達成,解決,なし,E014,61.5,不可,高,3.5,アプリ
2024-06-24,V000289,暮らしの匠,小売,プレミアム,PX-50,再訪問対応,186,52133,21164,73297,達成,解決,なし,E019,95.3,不可,低,4.1,Web
2024-06-26,V000290,東和建設,建設,ベーシック,MX-300,定期点検,90,0,10467,10467,達成,未解決,なし,E005,78.9,不可,中,3.3,Web
2024-06-27,V000291,株式会社ミライテック,IT,スタンダード,MX-100,予防保全,56,19088,9147,28235,達成,解決,なし,E013,87.6,不可,低,4.0,現地
2024-06-28,V000292,東京湾岸エナジー,電力,ベーシック,PX-50,緊急修理,164,56209,22902,79111,達成,未解決,あり,E020,64.0,不可,低,3.9,電話
2024-06-29,V000293,花鳥風月,観光,プレミアム,AX-1000,予防保全,80,32603,9918,42521,達成,解決,なし,E003,68.5,不可,中,3.6,電話
2024-06-29,V000294,東北ロジスティクス,物流,スタンダード,MX-300,部品交換,145,4981,19318,24299,達成,解決,なし,E018,133.7,不可,低,4.4,現地
2024-06-30,V000295,花鳥風月,観光,スタンダード,MX-300,再訪問対応,88,7699,11253,18952,達成,解決,なし,E023,12.7,不可,低,3.6,現地
2024-07-01,V000296,東和建設,建設,スタンダード,MX-100,定期点検,109,0,18584,18584,達成,解決,なし,E021,5.4,不可,高,3.4,アプリ
2024-07-01,V000297,東京湾岸エナジー,電力,スタンダード,MX-200,部品交換,136,62029,20297,82326,達成,解決,なし,E017,128.8,不可,低,4.2,メール
2024-07-02,V000298,株式会社ミライテック,IT,スタンダード,MX-300,定期点検,78,0,13921,13921,達成,解決,なし,E021,91.2,不可,中,3.7,メール
2024-07-02,V000299,みどり市役所,公共,ベーシック,MX-100,予防保全,86,19991,9988,29979,未達,解決,なし,E020,70.0,不可,高,3.6,Web
2024-07-03,V000300,株式会社ネクストブリッジ,IT,スタンダード,AX-2000,部品交換,100,20163,15067,35230,未達,解決,なし,E005,123.8,不可,低,3.1,メール
2024-07-04,V000301,東北ロジスティクス,物流,ベーシック,MX-300,ソフトウェア更新,90,0,11900,11900,未達,未解決,あり,E011,101.2,不可,低,2.7,Web
2024-07-05,V000302,東北ロジスティクス,物流,ベーシック,AX-2000,ソフトウェア更新,43,0,5187,5187,達成,未解決,なし,E020,35.5,可,低,3.4,現地
2024-07-05,V000303,東和建設,建設,スタンダード,PX-50,予防保全,75,64469,8953,73422,達成,解決,なし,E021,152.6,不可,低,4.6,メール
2024-07-06,V000304,東京湾岸エナジー,電力,スタンダード,RX-500,緊急修理,67,37370,11826,49196,達成,解決,なし,E007,41.6,不可,中,4.7,Web
2024-07-07,V000305,東洋精機,製造業,スポット,RX-500,予防保全,81,55066,13311,68377,達成,解決,なし,E024,110.2,不可,中,4.1,メール
2024-07-08,V000306,株式会社ミライテック,IT,スポット,MX-100,予防保全,136,34207,19898,54105,達成,解決,なし,E018,72.4,不可,中,3.3,アプリ
2024-07-09,V000307,東都フィナンシャル証券,金融,ベーシック,MX-100,緊急修理,126,62469,15328,77797,達成,解決,なし,E023,54.4,不可,高,4.9,現地
2024-07-11,V000308,みどり市役所,公共,スタンダード,RX-500,定期点検,99,0,15714,15714,達成,解決,なし,E015,26.1,不可,低,2.8,電話
2024-07-12,V000309,東京湾岸エナジー,電力,スタンダード,PX-50,ソフトウェア更新,45,0,5466,5466,達成,解決,なし,E021,132.5,可,中,3.4,メール
2024-07-13,V000310,大和精機製作所,製造業,ベーシック,MX-300,ソフトウェア更新,66,0,11285,11285,達成,解決,なし,E025,155.6,可,低,4.4,電話
2024-07-13,V000311,株式会社ネクストブリッジ,IT,スタンダード,RX-500,部品交換,133,35175,14743,49918,達成,解決,なし,E001,90.6,不可,低,4.2,現地
2024-07-13,V000312,みどり市役所,公共,スタンダード,RX-500,ソフトウェア更新,50,0,7415,7415,達成,解決,なし,E002,112.3,可,中,3.8,Web
2024-07-13,V000313,大和精機製作所,製造業,ベーシック,MX-100,緊急修理,124,8426,14585,23011,未達,未解決,なし,E010,178.9,不可,低,4.3,現地
2024-07-14,V000314,日本橋製薬,製薬,ベーシック,MX-300,ソフトウェア更新,85,0,11270,11270,達成,解決,なし,E018,161.8,不可,中,4.2,電話
2024-07-14,V000315,東和建設,建設,プレミアム,PX-80,部品交換,106,16326,15899,32225,達成,解決,なし,E003,176.3,不可,中,3.4,アプリ
2024-07-15,V000316,東北ロジスティクス,物流,ベーシック,PX-80,ソフトウェア更新,20,0,2695,2695,達成,解決,なし,E021,25.1,可,中,3.7,アプリ
2024-07-15,V000317,株式会社ネクストブリッジ,IT,プレミアム,PX-50,再訪問対応,156,17456,25213,42669,達成,解決,なし,E014,38.9,不可,中,4.4,アプリ
2024-07-15,V000318,東洋精機,製造業,スタンダード,PX-50,定期点検,89,0,11660,11660,達成,解決,なし,E004,99.9,不可,中,4.2,メール
2024-07-15,V000319,株式会社ミライテック,IT,ベーシック,MX-100,緊急修理,107,6660,16605,23265,達成,未解決,なし,E018,87.7,不可,中,4.1,メール
2024-07-16,V000320,株式会社ネクストブリッジ,IT,ベーシック,MX-100,予防保全,83,45479,13775,59254,達成,未解決,あり,E005,160.1,不可,低,3.9,メール
2024-07-16,V000321,みどり市役所,公共,スタンダード,AX-2000,再訪問対応,113,17315,19268,36583,達成,解決,なし,E011,135.8,不可,中,3.8,電話
2024-07-17,V000322,東和建設,建設,プレミアム,PX-50,部品交換,115,6901,18911,25812,達成,未解決,あり,E001,164.6,不可,低,4.2,アプリ
2024-07-18,V000323,みどり市役所,公共,プレミアム,AX-1000,ソフトウェア更新,61,0,10432,10432,達成,解決,なし,E005,148.3,不可,中,3.7,Web
2024-07-20,V000324,東北ロジスティクス,物流,スタンダード,MX-200,定期点検,116,0,15466,15466,達成,解決,なし,E025,160.3,不可,低,3.2,メール
2024-07-21,V000325,東洋精機,製造業,ベーシック,PX-50,部品交換,69,17420,8906,26326,達成,解決,なし,E020,30.0,不可,低,3.8,現地
2024-07-22,V000326,東都フィナンシャル証券,金融,スタンダード,AX-1000,予防保全,94,34089,11466,45555,達成,解決,なし,E018,57.4,不可,高,3.6,アプリ
2024-07-22,V000327,東洋精機,製造業,プレミアム,MX-100,定期点検,62,0,10688,10688,達成,解決,なし,E015,114.0,不可,中,4.5,現地
2024-07-22,V000328,株式会社ミライテック,IT,スタンダード,PX-50,再訪問対応,178,76421,21222,97643,達成,未解決,あり,E015,146.7,不可,高,3.6,電話
2024-07-22,V000329,株式会社ネクストブリッジ,IT,ベーシック,RX-500,ソフトウェア更新,73,0,12694,12694,達成,解決,なし,E011,71.8,可,中,3.5,アプリ
2024-07-23,V000330,株式会社ネクストブリッジ,IT,プレミアム,MX-200,部品交換,97,68577,11368,79945,達成,未解決,あり,E011,147.5,不可,中,4.5,現地
2024-07-23,V000331,日本橋製薬,製薬,ベーシック,RX-500,ソフトウェア更新,60,0,8625,8625,達成,解決,なし,E014,13.8,可,中,4.3,アプリ
2024-07-24,V000332,東都フィナンシャル証券,金融,スタンダード,PX-50,緊急修理,194,65783,22892,88675,達成,解決,なし,E004,108.1,不可,低,3.7,アプリ
2024-07-27,V000333,東京湾岸エナジー,電力,スポット,MX-200,予防保全,78,10058,9074,19132,達成,未解決,なし,E025,147.4,不可,高,4.4,電話
2024-07-27,V000334,花鳥風月,観光,ベーシック,RX-500,予防保全,83,43497,10871,54368,達成,解決,なし,E014,143.4,不可,中,4.1,メール
2024-07-28,V000335,暮らしの匠,小売,スタンダード,AX-2000,緊急修理,229,2110,36464,38574,未達,解決,なし,E010,148.1,不可,低,2.4,電話
2024-07-30,V000336,東京湾岸エナジー,電力,ベーシック,AX-2000,再訪問対応,99,24729,14180,38909,達成,解決,なし,E012,35.5,不可,低,4.4,アプリ
2024-07-31,V000337,大和精機製作所,製造業,スポット,MX-300,緊急修理,198,59243,35293,94536,達成,解決,なし,E014,26.2,不可,低,4.8,アプリ
2024-08-02,V000338,みどり市役所,公共,ベーシック,AX-2000,予防保全,74,48570,9309,57879,達成,解決,なし,E016,77.6,不可,低,3.8,Web
2024-08-03,V000339,東北ロジスティクス,物流,スタンダード,AX-1000,定期点検,86,0,12358,12358,未達,解決,なし,E024,124.9,不可,低,3.0,現地
2024-08-03,V000340,暮らしの匠,小売,スポット,PX-80,ソフトウェア更新,51,0,7861,7861,達成,解決,なし,E018,120.1,可,中,3.8,現地
2024-08-03,V000341,東和建設,建設,プレミアム,AX-1000,予防保全,71,45452,9902,55354,達成,解決,なし,E010,173.0,不可,中,4.0,Web
2024-08-04,V000342,東洋精機,製造業,スポット,PX-80,再訪問対応,100,77085,11361,88446,未達,解決,なし,E020,178.3,不可,中,2.7,電話
2024-08-04,V000343,東和建設,建設,プレミアム,MX-200,部品交換,116,16621,17663,34284,達成,解決,なし,E022,164.0,不可,中,4.4,アプリ
2024-08-04,V000344,株式会社ミライテック,IT,プレミアム,PX-50,ソフトウェア更新,102,0,18126,18126,達成,解決,なし,E025,108.0,不可,中,4.3,アプリ
2024-08-04,V000345,花鳥風月,観光,スタンダード,RX-500,再訪問対応,127,36654,20686,57340,達成,解決,なし,E013,22.6,不可,低,3.5,アプリ
2024-08-05,V000346,東和建設,建設,ベーシック,PX-50,ソフトウェア更新,58,0,8145,8145,達成,解決,なし,E011,53.4,不可,低,4.6,現地
2024-08-05,V000347,東北ロジスティクス,物流,プレミアム,AX-1000,ソフトウェア更新,58,0,9637,9637,達成,解決,なし,E022,47.5,可,低,4.4,Web
2024-08-06,V000348,東北ロジスティクス,物流,スタンダード,PX-50,予防保全,113,3110,19008,22118,達成,解決,なし,E004,4.1,不可,低,4.6,アプリ
2024-08-06,V000349,株式会社ミライテック,IT,ベーシック,PX-80,緊急修理,197,30419,34777,65196,達成,解決,なし,E004,115.6,不可,中,4.2,電話
2024-08-06,V000350,みどり市役所,公共,プレミアム,MX-300,定期点検,38,0,5879,5879,達成,解決,なし,E014,166.2,不可,低,4.2,メール
2024-08-07,V000351,東和建設,建設,ベーシック,PX-80,定期点検,142,0,18250,18250,達成,解決,なし,E007,80.4,不可,低,4.5,現地
2024-08-07,V000352,株式会社ミライテック,IT,ベーシック,MX-200,緊急修理,136,59878,21770,81648,達成,解決,なし,E019,20.4,不可,低,3.8,メール
2024-08-08,V000353,花鳥風月,観光,プレミアム,RX-500,緊急修理,186,21871,29574,51445,達成,解決,なし,E017,163.0,不可,中,4.1,アプリ
2024-08-09,V000354,株式会社ネクストブリッジ,IT,スタンダード,MX-200,予防保全,83,17886,12425,30311,達成,解決,なし,E022,168.4,不可,低,3.2,メール
2024-08-10,V000355,株式会社ミライテック,IT,ベーシック,MX-200,部品交換,70,28623,8565,37188,達成,未解決,あり,E007,9.0,不可,低,4.2,メール
2024-08-11,V000356,東北ロジスティクス,物流,ベーシック,AX-1000,ソフトウェア更新,59,0,7287,7287,達成,解決,なし,E003,130.1,可,低,3.7,現地
2024-08-11,V000357,日本橋製薬,製薬,スタンダード,RX-500,定期点検,91,0,10762,10762,達成,解決,なし,E015,145.7,不可,中,3.9,現地
2024-08-12,V000358,大和精機製作所,製造業,スタンダード,MX-200,定期点検,138,0,21153,21153,達成,解決,なし,E001,45.2,不可,中,4.1,Web
2024-08-12,V000359,日本橋製薬,製薬,スポット,MX-200,ソフトウェア更新,63,0,9553,9553,達成,未解決,あり,E011,111.6,可,低,3.8,アプリ
2024-08-12,V000360,東和建設,建設,スポット,MX-300,部品交換,97,17826,12529,30355,未達,未解決,なし,E012,136.8,不可,低,3.0,現地
2024-08-12,V000361,大和精機製作所,製造業,スタンダード,MX-100,緊急修理,151,65827,17463,83290,達成,未解決,なし,E023,3.3,不可,高,3.9,現地
2024-08-13,V000362,みどり市役所,公共,スタンダード,RX-500,再訪問対応,125,33359,21958,55317,達成,解決,なし,E006,110.7,不可,低,4.5,アプリ
2024-08-13,V000363,日本橋製薬,製薬,プレミアム,PX-80,部品交換,151,14541,23151,37692,達成,解決,なし,E017,155.6,不可,高,5.0,Web
2024-08-13,V000364,株式会社ネクストブリッジ,IT,ベーシック,PX-50,部品交換,154,64182,22303,86485,達成,解決,なし,E002,30.4,不可,高,4.8,メール
2024-08-14,V000365,東和建設,建設,スタンダード,AX-1000,予防保全,96,25053,11622,36675,達成,未解決,あり,E003,7.2,不可,中,2.9,Web
2024-08-15,V000366,東北ロジスティクス,物流,スタンダード,AX-1000,ソフトウェア更新,48,0,6375,6375,達成,解決,なし,E013,19.5,不可,高,4.8,Web
2024-08-16,V000367,東洋精機,製造業,スタンダード,MX-100,ソフトウェア更新,53,0,8500,8500,達成,未解決,あり,E005,114.5,不可,低,4.2,電話
2024-08-16,V000368,東北ロジスティクス,物流,プレミアム,MX-300,定期点検,99,0,17032,17032,達成,解決,なし,E021,109.4,不可,中,4.4,現地
2024-08-17,V000369,みどり市役所,公共,スタンダード,PX-50,定期点検,100,0,14314,14314,達成,解決,なし,E014,84.4,不可,低,3.7,Web
2024-08-18,V000370,東京湾岸エナジー,電力,スタンダード,PX-50,予防保全,93,63689,15004,78693,未達,未解決,なし,E013,91.8,不可,低,3.3,アプリ
2024-08-18,V000371,花鳥風月,観光,ベーシック,MX-200,ソフトウェア更新,60,0,8307,8307,達成,解決,なし,E003,40.8,可,低,3.2,電話
2024-08-18,V000372,株式会社ネクストブリッジ,IT,スタンダード,RX-500,予防保全,58,55131,7130,62261,達成,解決,なし,E023,157.1,不可,中,4.2,電話
2024-08-18,V000373,みどり市役所,公共,プレミアム,AX-1000,予防保全,92,73098,13824,86922,達成,解決,なし,E020,38.9,不可,中,5.0,メール
2024-08-19,V000374,東北ロジスティクス,物流,プレミアム,AX-1000,定期点検,74,0,9047,9047,達成,解決,なし,E023,101.5,不可,低,3.7,Web
2024-08-20,V000375,大和精機製作所,製造業,スタンダード,MX-200,再訪問対応,151,31548,19997,51545,達成,未解決,あり,E014,161.8,不可,中,3.9,メール
2024-08-20,V000376,東洋精機,製造業,スタンダード,RX-500,ソフトウェア更新,32,0,5534,5534,達成,未解決,あり,E023,82.5,可,中,3.8,電話
2024-08-21,V000377,東京湾岸エナジー,電力,ベーシック,MX-200,定期点検,98,0,11910,11910,達成,解決,なし,E005,21.9,不可,低,3.9,Web
2024-08-21,V000378,東都フィナンシャル証券,金融,ベーシック,PX-80,ソフトウェア更新,69,0,9733,9733,未達,解決,なし,E008,116.8,可,低,3.5,現地
2024-08-22,V000379,日本橋製薬,製薬,スタンダード,AX-1000,再訪問対応,88,73888,12422,86310,達成,解決,なし,E010,56.1,不可,低,3.6,Web
2024-08-22,V000380,花鳥風月,観光,スタンダード,AX-1000,部品交換,100,23805,15330,39135,達成,解決,なし,E006,30.6,不可,中,4.4,Web
2024-08-22,V000381,みどり市役所,公共,ベーシック,MX-300,緊急修理,142,36132,19294,55426,達成,解決,なし,E022,38.5,不可,中,4.2,メール
2024-08-23,V000382,暮らしの匠,小売,プレミアム,RX-500,予防保全,104,67459,17034,84493,未達,解決,なし,E005,170.7,不可,高,3.3,電話
2024-08-24,V000383,暮らしの匠,小売,スタンダード,AX-1000,再訪問対応,110,77199,17235,94434,達成,解決,なし,E015,144.3,不可,中,5.0,メール
2024-08-24,V000384,東北ロジスティクス,物流,ベーシック,MX-100,緊急修理,201,30883,28384,59267,達成,解決,なし,E021,18.5,不可,低,4.1,Web
2024-08-25,V000385,日本橋製薬,製薬,スタンダード,PX-80,緊急修理,97,13452,17295,30747,達成,解決,なし,E020,72.2,不可,低,4.3,現地
2024-08-26,V000386,東都フィナンシャル証券,金融,プレミアム,AX-1000,ソフトウェア更新,51,0,6864,6864,達成,未解決,あり,E024,176.0,不可,低,4.3,アプリ
2024-08-26,V000387,東北ロジスティクス,物流,スタンダード,RX-500,部品交換,158,56289,18923,75212,達成,解決,なし,E007,106.5,不可,低,3.5,メール
2024-08-27,V000388,株式会社ネクストブリッジ,IT,ベーシック,AX-1000,定期点検,88,0,13615,13615,未達,解決,なし,E015,50.7,不可,低,3.2,現地
2024-08-27,V000389,花鳥風月,観光,プレミアム,MX-300,ソフトウェア更新,65,0,9812,9812,達成,解決,なし,E001,89.9,不可,低,3.6,Web
2024-08-28,V000390,東和建設,建設,スポット,RX-500,定期点検,55,0,6992,6992,達成,未解決,あり,E003,23.2,不可,低,4.0,現地
2024-08-28,V000391,東北ロジスティクス,物流,スタンダード,AX-2000,部品交換,114,69177,18388,87565,達成,解決,なし,E019,5.1,不可,低,3.8,電話
2024-08-28,V000392,大和精機製作所,製造業,スタンダード,MX-300,部品交換,62,48659,7031,55690,達成,解決,なし,E003,53.9,不可,中,4.5,現地
2024-08-28,V000393,東京湾岸エナジー,電力,ベーシック,MX-200,予防保全,132,41462,17028,58490,達成,解決,なし,E018,126.2,不可,低,3.3,現地
2024-08-30,V000394,株式会社ミライテック,IT,プレミアム,MX-300,予防保全,52,23368,6092,29460,達成,解決,なし,E007,29.5,不可,低,4.6,現地
2024-08-30,V000395,日本橋製薬,製薬,ベーシック,MX-200,ソフトウェア更新,74,0,10623,10623,達成,解決,なし,E020,57.5,可,中,3.0,現地
2024-08-31,V000396,花鳥風月,観光,スタンダード,PX-80,定期点検,113,0,17872,17872,達成,解決,なし,E003,56.7,不可,低,4.6,アプリ
2024-09-01,V000397,東北ロジスティクス,物流,ベーシック,MX-200,定期点検,121,0,17659,17659,達成,未解決,あり,E009,12.5,不可,低,4.6,電話
2024-09-01,V000398,東洋精機,製造業,ベーシック,MX-200,定期点検,101,0,13595,13595,未達,解決,なし,E009,18.2,不可,中,3.0,現地
2024-09-01,V000399,株式会社ミライテック,IT,プレミアム,PX-50,予防保全,96,30442,15370,45812,達成,解決,なし,E025,173.6,不可,低,4.0,現地
2024-09-01,V000400,東洋精機,製造業,ベーシック,PX-50,予防保全,94,16067,11529,27596,未達,解決,なし,E007,65.2,不可,低,2.9,現地
2024-09-02,V000401,東京湾岸エナジー,電力,プレミアム,AX-1000,定期点検,68,0,8852,8852,達成,解決,なし,E016,130.5,不可,低,4.0,電話
2024-09-02,V000402,株式会社ミライテック,IT,スタンダード,PX-80,再訪問対応,104,58093,12814,70907,未達,解決,なし,E016,14.4,不可,中,3.1,メール
2024-09-02,V000403,東京湾岸エナジー,電力,スポット,RX-500,再訪問対応,122,20791,16791,37582,達成,解決,なし,E024,125.7,不可,高,3.8,Web
2024-09-03,V000404,東洋精機,製造業,スポット,AX-1000,緊急修理,181,38505,29600,68105,達成,未解決,あり,E025,138.3,不可,中,3.3,アプリ
2024-09-03,V000405,株式会社ミライテック,IT,ベーシック,AX-2000,ソフトウェア更新,52,0,7501,7501,達成,解決,なし,E024,43.1,不可,低,4.1,電話
2024-09-04,V000406,花鳥風月,観光,スタンダード,MX-100,緊急修理,180,14626,29378,44004,達成,解決,なし,E016,119.7,不可,中,4.6,アプリ
2024-09-05,V000407,東京湾岸エナジー,電力,ベーシック,RX-500,予防保全,119,6141,21342,27483,達成,解決,なし,E015,158.7,不可,低,3.5,メール
2024-09-05,V000408,みどり市役所,公共,スタンダード,MX-100,定期点検,98,0,11906,11906,達成,解決,なし,E013,78.7,不可,低,3.0,アプリ
2024-09-06,V000409,花鳥風月,観光,スタンダード,RX-500,再訪問対応,88,22487,12801,35288,達成,解決,なし,E013,71.7,不可,低,4.1,現地
2024-09-06,V000410,東北ロジスティクス,物流,ベーシック,PX-80,部品交換,139,78541,15551,94092,達成,解決,なし,E004,160.7,不可,低,4.3,アプリ
2024-09-06,V000411,株式会社ミライテック,IT,スタンダード,AX-1000,定期点検,71,0,12334,12334,達成,解決,なし,E011,13.7,不可,低,3.5,Web
2024-09-06,V000412,東洋精機,製造業,スタンダード,RX-500,再訪問対応,150,63564,22673,86237,達成,解決,なし,E013,177.5,不可,低,3.8,メール
2024-09-07,V000413,東都フィナンシャル証券,金融,ベーシック,MX-200,再訪問対応,74,46504,9003,55507,達成,解決,なし,E007,55.3,不可,高,4.0,アプリ
2024-09-07,V000414,日本橋製薬,製薬,スポット,MX-200,予防保全,90,31607,13834,45441,達成,解決,なし,E019,172.5,不可,中,4.6,電話
2024-09-07,V000415,日本橋製薬,製薬,スタンダード,RX-500,ソフトウェア更新,51,0,7155,7155,達成,未解決,なし,E020,98.1,可,低,4.9,現地
2024-09-07,V000416,株式会社ネクストブリッジ,IT,ベーシック,MX-300,定期点検,100,0,15625,15625,達成,解決,なし,E009,148.7,不可,高,4.5,現地
2024-09-07,V000417,花鳥風月,観光,ベーシック,AX-2000,予防保全,108,33506,13017,46523,達成,解決,なし,E014,124.0,不可,低,4.5,アプリ
2024-09-08,V000418,東和建設,建設,ベーシック,MX-200,再訪問対応,150,35612,23711,59323,達成,解決,なし,E005,44.0,不可,低,3.4,Web
2024-09-09,V000419,東洋精機,製造業,ベーシック,PX-80,ソフトウェア更新,68,0,8778,8778,達成,未解決,あり,E018,7.2,不可,低,3.8,Web
2024-09-09,V000420,日本橋製薬,製薬,プレミアム,RX-500,定期点検,87,0,15386,15386,達成,未解決,あり,E003,161.6,不可,中,4.2,アプリ
2024-09-10,V000421,暮らしの匠,小売,ベーシック,MX-300,緊急修理,80,70846,10210,81056,達成,未解決,なし,E004,159.5,不可,低,3.9,メール
2024-09-10,V000422,東和建設,建設,スタンダード,AX-2000,再訪問対応,147,37985,20692,58677,達成,未解決,あり,E016,47.3,不可,中,4.2,現地
2024-09-10,V000423,株式会社ミライテック,IT,スポット,AX-1000,予防保全,142,49578,20343,69921,達成,未解決,なし,E021,67.5,不可,低,3.2,現地
2024-09-11,V000424,東洋精機,製造業,ベーシック,MX-100,再訪問対応,95,49560,16455,66015,未達,未解決,あり,E008,124.0,不可,中,3.7,アプリ
2024-09-11,V000425,株式会社ミライテック,IT,スポット,AX-2000,部品交換,102,23001,17759,40760,達成,未解決,なし,E025,114.4,不可,高,4.9,アプリ
2024-09-11,V000426,花鳥風月,観光,スタンダード,MX-200,ソフトウェア更新,72,0,12338,12338,達成,解決,なし,E017,148.0,不可,中,3.3,電話
2024-09-12,V000427,株式会社ミライテック,IT,ベーシック,AX-1000,ソフトウェア更新,66,0,10221,10221,達成,未解決,なし,E019,2.5,可,低,4.5,電話
2024-09-12,V000428,大和精機製作所,製造業,スタンダード,MX-300,予防保全,59,36167,7206,43373,達成,未解決,あり,E010,107.6,不可,低,4.1,Web
2024-09-12,V000429,大和精機製作所,製造業,スタンダード,AX-2000,ソフトウェア更新,92,0,14287,14287,未達,未解決,あり,E007,113.5,不可,高,2.8,メール
2024-09-13,V000430,東北ロジスティクス,物流,プレミアム,AX-2000,予防保全,120,76349,14185,90534,達成,解決,なし,E015,129.9,不可,低,4.3,アプリ
2024-09-14,V000431,大和精機製作所,製造業,ベーシック,PX-50,部品交換,160,30254,28746,59000,達成,解決,なし,E014,52.4,不可,中,4.7,Web
2024-09-14,V000432,株式会社ミライテック,IT,プレミアム,PX-80,部品交換,120,62052,13920,75972,達成,解決,なし,E023,85.5,不可,高,4.7,アプリ
2024-09-14,V000433,東北ロジスティクス,物流,ベーシック,AX-2000,再訪問対応,120,32781,17155,49936,達成,解決,なし,E022,65.1,不可,中,3.9,現地
2024-09-15,V000434,東北ロジスティクス,物流,ベーシック,MX-100,部品交換,164,19332,29153,48485,達成,解決,なし,E009,101.6,不可,中,3.9,Web
2024-09-15,V000435,東都フィナンシャル証券,金融,スポット,RX-500,緊急修理,147,18760,21306,40066,達成,未解決,あり,E012,175.3,不可,低,4.4,アプリ
2024-09-15,V000436,東和建設,建設,ベーシック,PX-80,予防保全,142,21826,21143,42969,達成,未解決,あり,E015,166.3,不可,中,4.0,電話
2024-09-17,V000437,東京湾岸エナジー,電力,プレミアム,MX-300,定期点検,79,0,13640,13640,達成,解決,なし,E023,90.1,不可,低,4.1,現地
2024-09-19,V000438,株式会社ネクストブリッジ,IT,スタンダード,MX-300,定期点検,80,0,12999,12999,達成,解決,なし,E022,148.4,不可,中,4.9,現地
2024-09-21,V000439,東京湾岸エナジー,電力,スポット,MX-100,予防保全,116,67288,18256,85544,未達,解決,なし,E022,160.0,不可,低,3.0,電話
2024-09-22,V000440,株式会社ミライテック,IT,スタンダード,MX-200,部品交換,141,61513,21711,83224,達成,解決,なし,E011,49.9,不可,中,3.4,電話
2024-09-23,V000441,日本橋製薬,製薬,スポット,AX-1000,再訪問対応,174,39087,23076,62163,未達,未解決,なし,E020,11.9,不可,低,3.9,アプリ
2024-09-24,V000442,大和精機製作所,製造業,スタンダード,PX-50,ソフトウェア更新,62,0,10086,10086,達成,未解決,あり,E014,118.4,可,低,3.6,メール
2024-09-24,V000443,みどり市役所,公共,ベーシック,AX-1000,再訪問対応,140,52867,20069,72936,達成,解決,なし,E025,102.2,不可,低,4.5,アプリ
2024-09-25,V000444,花鳥風月,観光,ベーシック,AX-2000,再訪問対応,110,31390,17086,48476,達成,解決,なし,E017,129.0,不可,高,4.5,現地
2024-09-26,V000445,大和精機製作所,製造業,スタンダード,MX-200,ソフトウェア更新,56,0,7836,7836,達成,未解決,なし,E017,103.2,可,高,4.4,電話
2024-09-26,V000446,東都フィナンシャル証券,金融,スタンダード,RX-500,再訪問対応,82,4132,9673,13805,達成,未解決,あり,E006,119.8,不可,低,3.6,アプリ
2024-09-27,V000447,東洋精機,製造業,スタンダード,PX-80,部品交換,99,36743,13255,49998,達成,解決,なし,E007,165.4,不可,中,3.4,Web
2024-09-27,V000448,東洋精機,製造業,スポット,PX-80,再訪問対応,146,24509,22762,47271,達成,解決,なし,E022,83.9,不可,低,4.0,現地
2024-09-27,V000449,東北ロジスティクス,物流,スタンダード,AX-1000,再訪問対応,108,18395,12901,31296,達成,解決,なし,E023,36.0,不可,中,4.3,Web
2024-09-27,V000450,みどり市役所,公共,スタンダード,MX-300,再訪問対応,116,62742,13963,76705,達成,未解決,なし,E005,77.1,不可,低,3.9,アプリ
2024-09-27,V000451,暮らしの匠,小売,スタンダード,RX-500,予防保全,111,45758,12271,58029,達成,解決,なし,E014,114.2,不可,中,3.6,アプリ
2024-09-28,V000452,東北ロジスティクス,物流,スタンダード,PX-80,定期点検,63,0,9922,9922,達成,解決,なし,E023,147.4,不可,低,3.6,電話
2024-09-28,V000453,東都フィナンシャル証券,金融,スタンダード,AX-1000,予防保全,71,47451,10038,57489,達成,未解決,あり,E024,79.6,不可,低,4.1,Web
2024-09-28,V000454,株式会社ネクストブリッジ,IT,スタンダード,PX-50,予防保全,61,63402,7270,70672,未達,解決,なし,E014,54.2,不可,中,2.6,メール
2024-09-28,V000455,花鳥風月,観光,ベーシック,MX-300,予防保全,84,22488,12801,35289,達成,未解決,あり,E016,20.0,不可,低,4.0,メール
2024-09-28,V000456,東京湾岸エナジー,電力,スタンダード,MX-100,部品交換,150,67991,16835,84826,未達,解決,なし,E020,13.3,不可,低,4.0,Web
2024-09-28,V000457,大和精機製作所,製造業,スタンダード,PX-80,部品交換,60,69552,9138,78690,達成,未解決,なし,E015,20.5,不可,低,3.6,アプリ
2024-09-28,V000458,暮らしの匠,小売,ベーシック,MX-200,予防保全,72,23895,11094,34989,達成,未解決,あり,E006,157.0,不可,高,3.8,メール
2024-09-29,V000459,東北ロジスティクス,物流,ベーシック,RX-500,再訪問対応,90,18119,15246,33365,未達,解決,なし,E025,80.2,不可,低,3.9,電話
2024-09-30,V000460,東京湾岸エナジー,電力,ベーシック,AX-1000,部品交換,85,49270,13095,62365,達成,解決,なし,E017,45.7,不可,中,4.6,アプリ
2024-09-30,V000461,花鳥風月,観光,プレミアム,AX-2000,ソフトウェア更新,37,0,6514,6514,達成,未解決,なし,E017,80.8,不可,中,3.9,電話
2024-09-30,V000462,大和精機製作所,製造業,スタンダード,MX-300,ソフトウェア更新,39,0,4447,4447,達成,未解決,なし,E017,114.4,不可,中,3.2,メール
2024-09-30,V000463,株式会社ネクストブリッジ,IT,ベーシック,PX-80,再訪問対応,122,21249,19400,40649,達成,未解決,あり,E018,81.4,不可,低,4.6,現地
2024-09-30,V000464,花鳥風月,観光,ベーシック,AX-1000,再訪問対応,127,45842,17437,63279,達成,解決,なし,E017,130.0,不可,高,4.1,現地
2024-10-01,V000465,東和建設,建設,プレミアム,PX-80,予防保全,151,72770,22872,95642,達成,解決,なし,E024,45.0,不可,中,4.2,アプリ
2024-10-01,V000466,暮らしの匠,小売,プレミアム,MX-100,部品交換,155,18351,21918,40269,達成,解決,なし,E011,103.9,不可,低,4.6,Web
2024-10-02,V000467,花鳥風月,観光,スポット,PX-50,部品交換,105,51501,15369,66870,達成,未解決,なし,E019,46.1,不可,低,3.9,Web
2024-10-03,V000468,花鳥風月,観光,スタンダード,MX-200,緊急修理,222,64423,27757,92180,達成,未解決,あり,E013,15.9,不可,中,4.4,現地
2024-10-03,V000469,東都フィナンシャル証券,金融,ベーシック,PX-80,予防保全,46,66165,7416,73581,達成,解決,なし,E017,76.2,不可,低,4.4,Web
2024-10-04,V000470,株式会社ネクストブリッジ,IT,スタンダード,MX-200,再訪問対応,128,50409,22338,72747,達成,解決,なし,E004,23.1,不可,高,2.8,電話
2024-10-05,V000471,株式会社ミライテック,IT,スタンダード,MX-300,定期点検,50,0,5997,5997,達成,未解決,あり,E010,107.0,不可,低,4.1,メール
2024-10-05,V000472,東京湾岸エナジー,電力,ベーシック,RX-500,定期点検,106,0,15912,15912,達成,解決,なし,E013,102.7,不可,高,3.6,アプリ
2024-10-05,V000473,みどり市役所,公共,ベーシック,MX-300,緊急修理,111,44626,12903,57529,達成,解決,なし,E013,113.2,不可,中,4.2,Web
2024-10-06,V000474,みどり市役所,公共,スタンダード,MX-100,再訪問対応,90,5251,13503,18754,未達,解決,なし,E018,143.7,不可,中,2.4,電話
2024-10-06,V000475,日本橋製薬,製薬,プレミアム,MX-100,予防保全,95,71711,11645,83356,達成,解決,なし,E008,5.4,不可,中,4.0,現地
2024-10-07,V000476,株式会社ネクストブリッジ,IT,ベーシック,AX-1000,ソフトウェア更新,72,0,8829,8829,達成,解決,なし,E003,6.3,可,低,3.8,電話
2024-10-08,V000477,暮らしの匠,小売,スタンダード,PX-80,緊急修理,203,9721,31061,40782,達成,未解決,あり,E002,59.9,不可,低,3.8,メール
2024-10-08,V000478,株式会社ミライテック,IT,スタンダード,AX-2000,部品交換,141,78812,17844,96656,達成,未解決,なし,E004,92.5,不可,中,4.1,メール
2024-10-09,V000479,東洋精機,製造業,スタンダード,AX-2000,定期点検,94,0,12111,12111,達成,解決,なし,E008,173.5,不可,中,5.0,現地
2024-10-09,V000480,日本橋製薬,製薬,プレミアム,AX-2000,ソフトウェア更新,71,0,9665,9665,達成,解決,なし,E014,177.4,不可,中,5.0,現地
2024-10-10,V000481,株式会社ネクストブリッジ,IT,プレミアム,RX-500,予防保全,126,34884,21264,56148,達成,未解決,あり,E021,69.7,不可,低,3.8,Web
2024-10-10,V000482,日本橋製薬,製薬,スタンダード,MX-100,緊急修理,138,18118,23202,41320,達成,解決,なし,E014,131.1,不可,高,4.5,Web
2024-10-10,V000483,日本橋製薬,製薬,スポット,AX-1000,再訪問対応,180,37784,22898,60682,未達,解決,なし,E015,177.0,不可,低,3.1,現地
2024-10-11,V000484,東和建設,建設,スポット,MX-300,再訪問対応,134,24745,18615,43360,未達,解決,なし,E025,161.4,不可,中,3.2,アプリ
2024-10-11,V000485,東都フィナンシャル証券,金融,ベーシック,MX-200,予防保全,89,51332,14945,66277,達成,未解決,なし,E025,65.7,不可,低,3.6,電話
2024-10-11,V000486,大和精機製作所,製造業,スタンダード,PX-50,ソフトウェア更新,61,0,9738,9738,達成,解決,なし,E023,36.1,不可,中,3.2,Web
2024-10-11,V000487,東京湾岸エナジー,電力,スタンダード,AX-1000,定期点検,93,0,15575,15575,達成,未解決,なし,E019,72.5,不可,高,4.3,現地
2024-10-11,V000488,株式会社ネクストブリッジ,IT,スタンダード,MX-300,定期点検,126,0,21405,21405,達成,解決,なし,E009,158.8,不可,中,4.8,Web
2024-10-12,V000489,みどり市役所,公共,プレミアム,PX-80,再訪問対応,173,8797,29370,38167,達成,解決,なし,E014,59.5,不可,中,3.7,メール
2024-10-12,V000490,大和精機製作所,製造業,スタンダード,RX-500,部品交換,118,57058,17377,74435,達成,解決,なし,E011,58.3,不可,低,3.8,電話
2024-10-12,V000491,みどり市役所,公共,ベーシック,PX-50,再訪問対応,130,42737,14871,57608,達成,解決,なし,E014,113.3,不可,低,4.3,電話
2024-10-12,V000492,日本橋製薬,製薬,ベーシック,AX-1000,部品交換,174,45724,25469,71193,達成,解決,なし,E020,44.1,不可,低,3.8,現地
2024-10-12,V000493,株式会社ネクストブリッジ,IT,プレミアム,RX-500,予防保全,62,10523,10216,20739,達成,未解決,なし,E002,13.0,不可,中,4.7,メール
2024-10-13,V000494,日本橋製薬,製薬,スタンダード,MX-200,再訪問対応,149,55884,18821,74705,達成,解決,なし,E001,108.7,不可,中,3.6,アプリ
2024-10-15,V000495,株式会社ミライテック,IT,ベーシック,MX-200,部品交換,80,16156,9375,25531,達成,未解決,あり,E007,107.9,不可,低,3.9,現地
2024-10-16,V000496,大和精機製作所,製造業,スタンダード,AX-1000,ソフトウェア更新,63,0,7124,7124,達成,解決,なし,E021,24.7,可,中,4.3,メール
2024-10-16,V000497,東和建設,建設,ベーシック,MX-300,緊急修理,124,69853,18730,88583,達成,解決,なし,E017,122.7,不可,低,5.0,現地
2024-10-16,V000498,みどり市役所,公共,スタンダード,PX-50,緊急修理,172,64354,27285,91639,達成,解決,なし,E011,176.8,不可,中,4.1,現地
2024-10-17,V000499,東都フィナンシャル証券,金融,スタンダード,PX-80,ソフトウェア更新,83,0,12011,12011,達成,解決,なし,E015,165.8,可,中,3.2,現地
2024-10-18,V000500,東京湾岸エナジー,電力,スタンダード,AX-1000,再訪問対応,131,3296,15086,18382,達成,解決,なし,E010,7.3,不可,低,3.9,アプリ
2024-10-18,V000501,東京湾岸エナジー,電力,スタンダード,AX-1000,定期点検,86,0,11037,11037,未達,解決,なし,E008,33.0,不可,中,3.5,Web
2024-10-19,V000502,東京湾岸エナジー,電力,プレミアム,PX-80,定期点検,61,0,7183,7183,達成,解決,なし,E008,168.6,不可,低,4.6,メール
2024-10-19,V000503,花鳥風月,観光,ベーシック,AX-2000,再訪問対応,181,27124,26657,53781,達成,解決,なし,E014,125.6,不可,低,3.6,Web
2024-10-20,V000504,暮らしの匠,小売,ベーシック,PX-50,予防保全,100,38709,17109,55818,達成,解決,なし,E016,153.6,不可,高,4.7,Web
2024-10-21,V000505,東北ロジスティクス,物流,ベーシック,MX-200,緊急修理,106,62852,12988,75840,達成,未解決,なし,E016,128.8,不可,中,4.0,アプリ
2024-10-21,V000506,株式会社ネクストブリッジ,IT,スタンダード,MX-100,緊急修理,174,42107,24316,66423,達成,解決,なし,E012,69.1,不可,低,3.6,メール
2024-10-22,V000507,東都フィナンシャル証券,金融,プレミアム,MX-200,部品交換,90,46089,12584,58673,達成,解決,なし,E016,85.2,不可,低,3.7,メール
2024-10-22,V000508,東和建設,建設,プレミアム,RX-500,緊急修理,175,67767,25531,93298,達成,解決,なし,E008,116.6,不可,中,3.8,電話
2024-10-22,V000509,大和精機製作所,製造業,スタンダード,PX-50,部品交換,102,37974,12581,50555,達成,解決,なし,E025,109.5,不可,低,4.9,現地
2024-10-23,V000510,みどり市役所,公共,プレミアム,PX-80,部品交換,94,78015,15326,93341,達成,解決,なし,E025,4.1,不可,中,4.3,Web
2024-10-25,V000511,みどり市役所,公共,スタンダード,PX-50,ソフトウェア更新,44,0,7348,7348,達成,解決,なし,E014,62.6,可,中,3.8,アプリ
2024-10-25,V000512,東京湾岸エナジー,電力,スタンダード,MX-100,部品交換,117,48486,15653,64139,達成,未解決,あり,E013,76.6,不可,中,3.4,現地
2024-10-26,V000513,東和建設,建設,スタンダード,MX-100,緊急修理,115,77219,19628,96847,達成,未解決,あり,E013,176.5,不可,低,3.5,電話
2024-10-27,V000514,東都フィナンシャル証券,金融,プレミアム,MX-200,部品交換,130,15672,20441,36113,達成,解決,なし,E020,33.6,不可,中,3.9,アプリ
2024-10-27,V000515,東洋精機,製造業,プレミアム,AX-2000,部品交換,87,50319,12727,63046,達成,解決,なし,E014,32.6,不可,高,3.9,アプリ
2024-10-27,V000516,大和精機製作所,製造業,プレミアム,AX-2000,ソフトウェア更新,68,0,11623,11623,達成,解決,なし,E006,57.1,不可,中,3.8,現地
2024-10-28,V000517,東都フィナンシャル証券,金融,スタンダード,PX-50,予防保全,122,60422,13966,74388,達成,解決,なし,E017,73.1,不可,中,5.0,メール
2024-10-29,V000518,みどり市役所,公共,ベーシック,RX-500,ソフトウェア更新,72,0,11449,11449,達成,未解決,あり,E006,128.7,可,中,3.6,アプリ
2024-10-30,V000519,東京湾岸エナジー,電力,ベーシック,AX-2000,ソフトウェア更新,79,0,8931,8931,達成,未解決,なし,E018,159.6,可,高,4.4,メール
2024-10-30,V000520,日本橋製薬,製薬,プレミアム,PX-50,ソフトウェア更新,70,0,11401,11401,達成,解決,なし,E006,91.8,不可,低,4.3,メール
2024-10-31,V000521,東京湾岸エナジー,電力,プレミアム,MX-100,定期点検,69,0,9518,9518,達成,解決,なし,E009,36.6,不可,低,4.1,電話
2024-11-01,V000522,東北ロジスティクス,物流,プレミアム,RX-500,ソフトウェア更新,46,0,6469,6469,達成,解決,なし,E001,85.8,可,低,3.3,現地
2024-11-01,V000523,大和精機製作所,製造業,スタンダード,AX-2000,緊急修理,170,30399,27201,57600,達成,未解決,なし,E015,160.9,不可,中,4.4,電話
2024-11-01,V000524,みどり市役所,公共,ベーシック,MX-200,ソフトウェア更新,56,0,7639,7639,達成,解決,なし,E007,37.9,可,高,3.9,電話
2024-11-02,V000525,東洋精機,製造業,プレミアム,MX-100,部品交換,189,14661,31333,45994,達成,解決,なし,E006,149.8,不可,低,4.5,電話
2024-11-02,V000526,株式会社ミライテック,IT,プレミアム,AX-1000,部品交換,129,58083,15280,73363,達成,解決,なし,E006,40.1,不可,低,4.6,電話
2024-11-03,V000527,株式会社ミライテック,IT,スタンダード,AX-2000,緊急修理,171,50362,19335,69697,達成,解決,なし,E025,159.6,不可,低,3.3,現地
2024-11-03,V000528,株式会社ネクストブリッジ,IT,スポット,MX-300,部品交換,166,19423,22118,41541,未達,解決,なし,E011,115.1,不可,高,3.1,アプリ
2024-11-04,V000529,東洋精機,製造業,プレミアム,RX-500,ソフトウェア更新,36,0,3993,3993,達成,解決,なし,E008,5.8,不可,低,4.0,アプリ
2024-11-04,V000530,花鳥風月,観光,ベーシック,MX-100,緊急修理,164,6968,20772,27740,達成,解決,なし,E015,131.1,不可,高,4.3,メール
2024-11-05,V000531,大和精機製作所,製造業,スタンダード,MX-100,予防保全,115,32016,19467,51483,達成,解決,なし,E018,61.0,不可,低,3.2,電話
2024-11-05,V000532,みどり市役所,公共,ベーシック,PX-50,再訪問対応,157,26057,22131,48188,達成,解決,なし,E003,3.1,不可,高,3.6,Web
2024-11-07,V000533,東洋精機,製造業,スポット,PX-50,緊急修理,192,32973,27939,60912,達成,解決,なし,E006,77.9,不可,低,3.0,Web
2024-11-07,V000534,東京湾岸エナジー,電力,プレミアム,PX-50,部品交換,104,65068,12022,77090,達成,解決,なし,E006,175.1,不可,低,3.7,アプリ
2024-11-07,V000535,株式会社ネクストブリッジ,IT,スタンダード,AX-2000,緊急修理,95,41351,14407,55758,達成,未解決,あり,E009,29.2,不可,中,4.7,アプリ
2024-11-08,V000536,株式会社ネクストブリッジ,IT,スタンダード,AX-2000,予防保全,118,22280,20547,42827,達成,解決,なし,E024,2.7,不可,高,4.4,メール
2024-11-08,V000537,株式会社ネクストブリッジ,IT,スポット,AX-2000,再訪問対応,102,55580,17538,73118,達成,解決,なし,E019,178.7,不可,低,3.5,Web
2024-11-09,V000538,東京湾岸エナジー,電力,スタンダード,PX-80,再訪問対応,109,9563,16956,26519,達成,解決,なし,E008,166.9,不可,中,3.6,アプリ
2024-11-09,V000539,東洋精機,製造業,ベーシック,MX-100,再訪問対応,68,21315,8690,30005,達成,解決,なし,E006,109.2,不可,高,3.3,電話
2024-11-10,V000540,大和精機製作所,製造業,プレミアム,AX-2000,ソフトウェア更新,85,0,10336,10336,達成,未解決,あり,E018,78.0,可,中,3.5,アプリ
2024-11-10,V000541,日本橋製薬,製薬,ベーシック,MX-200,定期点検,113,0,19786,19786,達成,未解決,あり,E006,72.8,不可,低,4.6,アプリ
2024-11-11,V000542,東洋精機,製造業,プレミアム,AX-2000,予防保全,85,26431,13539,39970,達成,解決,なし,E004,37.2,不可,低,4.1,アプリ
2024-11-12,V000543,東都フィナンシャル証券,金融,スタンダード,PX-50,定期点検,135,0,19014,19014,達成,未解決,あり,E021,164.5,不可,低,3.9,Web
2024-11-13,V000544,東洋精機,製造業,プレミアム,MX-200,部品交換,123,15213,13611,28824,達成,解決,なし,E022,49.4,不可,高,4.6,現地
2024-11-14,V000545,花鳥風月,観光,プレミアム,PX-50,予防保全,36,36843,6308,43151,達成,解決,なし,E014,86.2,不可,低,3.8,メール
2024-11-14,V000546,株式会社ミライテック,IT,ベーシック,AX-1000,緊急修理,182,45287,30291,75578,未達,未解決,あり,E013,2.5,不可,高,3.4,Web
2024-11-15,V000547,東洋精機,製造業,プレミアム,PX-80,再訪問対応,82,64285,11975,76260,達成,解決,なし,E021,119.5,不可,低,4.2,メール
2024-11-15,V000548,東洋精機,製造業,スタンダード,MX-100,再訪問対応,104,12665,13975,26640,達成,解決,なし,E016,169.2,不可,高,3.7,電話
2024-11-17,V000549,東北ロジスティクス,物流,スタンダード,PX-50,再訪問対応,72,68143,8079,76222,達成,解決,なし,E022,90.6,不可,低,3.6,現地
2024-11-17,V000550,暮らしの匠,小売,スタンダード,RX-500,定期点検,90,0,15848,15848,達成,解決,なし,E023,126.6,不可,低,4.3,電話
2024-11-17,V000551,大和精機製作所,製造業,スポット,AX-2000,部品交換,56,18134,8768,26902,達成,解決,なし,E016,166.2,不可,中,4.2,電話
2024-11-17,V000552,花鳥風月,観光,スタンダード,PX-50,予防保全,84,52023,13085,65108,達成,解決,なし,E014,141.7,不可,高,3.6,Web
2024-11-18,V000553,東京湾岸エナジー,電力,プレミアム,MX-200,定期点検,124,0,14647,14647,達成,解決,なし,E013,67.5,不可,高,3.7,現地
2024-11-18,V000554,東北ロジスティクス,物流,スタンダード,PX-50,ソフトウェア更新,45,0,7459,7459,未達,解決,なし,E013,94.5,可,低,3.8,電話
2024-11-19,V000555,東都フィナンシャル証券,金融,スタンダード,MX-300,部品交換,80,21119,12983,34102,達成,解決,なし,E002,153.1,不可,中,4.2,現地
2024-11-19,V000556,東和建設,建設,スタンダード,MX-200,部品交換,64,66883,8345,75228,未達,解決,なし,E011,174.0,不可,低,3.3,Web
2024-11-19,V000557,花鳥風月,観光,スタンダード,PX-50,再訪問対応,162,41203,28982,70185,達成,未解決,なし,E001,119.3,不可,中,3.4,現地
2024-11-19,V000558,株式会社ミライテック,IT,スタンダード,RX-500,部品交換,95,27571,15112,42683,達成,解決,なし,E011,99.5,不可,低,3.9,現地
2024-11-20,V000559,みどり市役所,公共,プレミアム,PX-80,ソフトウェア更新,43,0,7430,7430,達成,解決,なし,E021,39.3,不可,低,4.2,電話
2024-11-20,V000560,株式会社ミライテック,IT,ベーシック,MX-200,再訪問対応,178,24049,31117,55166,未達,未解決,あり,E006,19.1,不可,高,3.1,電話
2024-11-21,V000561,大和精機製作所,製造業,スタンダード,AX-1000,予防保全,96,17571,12178,29749,達成,解決,なし,E006,89.0,不可,中,3.6,アプリ
2024-11-23,V000562,花鳥風月,観光,スポット,MX-200,ソフトウェア更新,51,0,6038,6038,未達,未解決,あり,E017,16.7,可,中,2.8,Web
2024-11-24,V000563,東洋精機,製造業,スタンダード,RX-500,部品交換,95,58840,12434,71274,達成,解決,なし,E023,24.3,不可,低,3.7,現地
2024-11-25,V000564,東京湾岸エナジー,電力,ベーシック,MX-100,ソフトウェア更新,66,0,9657,9657,達成,解決,なし,E004,106.1,不可,中,3.5,Web
2024-11-25,V000565,暮らしの匠,小売,ベーシック,MX-300,予防保全,79,7130,9402,16532,達成,解決,なし,E018,38.7,不可,低,4.1,メール
2024-11-26,V000566,みどり市役所,公共,プレミアム,MX-200,予防保全,136,34550,17821,52371,達成,未解決,あり,E010,170.4,不可,中,3.9,現地
2024-11-26,V000567,株式会社ネクストブリッジ,IT,スタンダード,AX-1000,予防保全,61,7863,7722,15585,未達,未解決,なし,E007,35.5,不可,低,3.1,Web
2024-11-27,V000568,日本橋製薬,製薬,スタンダード,AX-1000,部品交換,140,52040,21767,73807,達成,解決,なし,E009,31.1,不可,低,4.2,アプリ
2024-11-27,V000569,暮らしの匠,小売,プレミアム,PX-50,定期点検,68,0,10880,10880,達成,解決,なし,E017,102.3,不可,中,3.5,現地
2024-11-28,V000570,大和精機製作所,製造業,ベーシック,AX-1000,ソフトウェア更新,57,0,8999,8999,達成,未解決,あり,E011,74.4,可,低,4.6,メール
2024-11-28,V000571,大和精機製作所,製造業,ベーシック,PX-80,定期点検,127,0,15067,15067,達成,未解決,あり,E019,95.7,不可,高,3.7,アプリ
2024-11-28,V000572,大和精機製作所,製造業,スタンダード,PX-80,予防保全,120,53060,14717,67777,達成,解決,なし,E018,145.5,不可,中,4.1,現地
2024-11-30,V000573,日本橋製薬,製薬,ベーシック,RX-500,予防保全,85,18563,10198,28761,達成,解決,なし,E024,103.0,不可,低,4.0,メール
2024-11-30,V000574,東北ロジスティクス,物流,スタンダード,AX-2000,再訪問対応,107,39594,13835,53429,達成,解決,なし,E008,78.1,不可,高,4.4,メール
2024-12-01,V000575,日本橋製薬,製薬,プレミアム,PX-80,ソフトウェア更新,69,0,8042,8042,達成,未解決,なし,E016,104.4,可,低,4.2,電話
2024-12-02,V000576,暮らしの匠,小売,スタンダード,MX-300,ソフトウェア更新,51,0,6055,6055,達成,解決,なし,E001,4.5,可,中,3.4,アプリ
2024-12-02,V000577,東北ロジスティクス,物流,ベーシック,PX-50,再訪問対応,176,7551,26842,34393,達成,未解決,なし,E025,173.7,不可,中,3.7,現地
2024-12-03,V000578,みどり市役所,公共,プレミアム,AX-1000,緊急修理,123,16841,16439,33280,達成,未解決,あり,E025,122.9,不可,中,4.3,電話
2024-12-04,V000579,東和建設,建設,スタンダード,PX-80,緊急修理,83,69571,13927,83498,達成,解決,なし,E020,8.3,不可,低,4.7,アプリ
2024-12-04,V000580,東洋精機,製造業,プレミアム,RX-500,部品交換,91,54699,12268,66967,達成,解決,なし,E003,20.0,不可,低,4.6,現地
2024-12-04,V000581,東都フィナンシャル証券,金融,プレミアム,MX-200,ソフトウェア更新,59,0,8035,8035,達成,解決,なし,E009,66.9,不可,中,4.6,電話
2024-12-04,V000582,暮らしの匠,小売,ベーシック,RX-500,緊急修理,193,16505,23791,40296,達成,未解決,あり,E024,9.2,不可,低,3.5,メール
2024-12-05,V000583,みどり市役所,公共,プレミアム,PX-50,ソフトウェア更新,42,0,6624,6624,未達,未解決,あり,E013,24.7,不可,中,3.2,現地
2024-12-05,V000584,東北ロジスティクス,物流,ベーシック,AX-2000,緊急修理,171,67536,18973,86509,達成,解決,なし,E011,123.8,不可,低,4.0,アプリ
2024-12-06,V000585,暮らしの匠,小売,ベーシック,AX-2000,ソフトウェア更新,60,0,7240,7240,達成,解決,なし,E009,93.0,可,中,3.6,Web
2024-12-06,V000586,日本橋製薬,製薬,スタンダード,RX-500,再訪問対応,124,26729,22255,48984,達成,解決,なし,E008,107.2,不可,中,3.3,電話
2024-12-07,V000587,大和精機製作所,製造業,プレミアム,PX-50,緊急修理,160,55385,23479,78864,達成,解決,なし,E008,126.6,不可,高,4.1,メール
2024-12-07,V000588,株式会社ネクストブリッジ,IT,プレミアム,AX-2000,再訪問対応,79,56797,10055,66852,達成,解決,なし,E001,161.3,不可,低,4.9,電話
2024-12-09,V000589,日本橋製薬,製薬,スタンダード,PX-80,ソフトウェア更新,49,0,7075,7075,達成,解決,なし,E022,61.5,可,中,4.2,現地
2024-12-09,V000590,花鳥風月,観光,プレミアム,AX-1000,再訪問対応,92,33228,14307,47535,達成,解決,なし,E004,39.4,不可,低,3.6,Web
2024-12-10,V000591,日本橋製薬,製薬,ベーシック,MX-100,予防保全,109,14928,12561,27489,未達,未解決,なし,E024,99.3,不可,低,3.7,アプリ
2024-12-10,V000592,暮らしの匠,小売,スタンダード,MX-300,定期点検,78,0,12726,12726,達成,解決,なし,E012,152.6,不可,中,3.0,メール
2024-12-10,V000593,株式会社ネクストブリッジ,IT,ベーシック,AX-2000,定期点検,128,0,15575,15575,達成,解決,なし,E010,50.8,不可,高,3.7,電話
2024-12-11,V000594,暮らしの匠,小売,プレミアム,PX-50,再訪問対応,91,11828,11064,22892,達成,解決,なし,E025,135.6,不可,低,3.9,アプリ
2024-12-12,V000595,株式会社ミライテック,IT,スタンダード,MX-300,定期点検,74,0,12235,12235,達成,解決,なし,E017,83.1,不可,中,3.0,メール
2024-12-12,V000596,東和建設,建設,スタンダード,PX-80,予防保全,79,21416,13899,35315,達成,解決,なし,E002,51.4,不可,低,3.9,Web
2024-12-13,V000597,暮らしの匠,小売,スタンダード,MX-200,定期点検,109,0,19211,19211,達成,解決,なし,E005,159.3,不可,低,3.9,アプリ
2024-12-14,V000598,みどり市役所,公共,スタンダード,MX-100,再訪問対応,149,4049,21994,26043,達成,未解決,あり,E025,176.2,不可,中,3.9,現地
2024-12-14,V000599,大和精機製作所,製造業,ベーシック,AX-2000,再訪問対応,112,59958,14049,74007,達成,解決,なし,E025,49.8,不可,中,3.8,アプリ
2024-12-14,V000600,大和精機製作所,製造業,スタンダード,AX-2000,部品交換,86,25083,10596,35679,達成,解決,なし,E021,89.3,不可,中,4.0,メール
2024-12-14,V000601,東洋精機,製造業,プレミアム,MX-300,ソフトウェア更新,69,0,9787,9787,達成,解決,なし,E005,116.8,可,中,4.4,電話
2024-12-14,V000602,日本橋製薬,製薬,スタンダード,MX-100,定期点検,106,0,12280,12280,達成,未解決,なし,E001,27.4,不可,中,4.1,電話
2024-12-15,V000603,暮らしの匠,小売,プレミアム,AX-1000,再訪問対応,134,23383,17623,41006,達成,解決,なし,E018,87.2,不可,低,2.9,メール
2024-12-17,V000604,日本橋製薬,製薬,プレミアム,MX-100,定期点検,107,0,11779,11779,達成,解決,なし,E013,41.9,不可,低,3.7,Web
2024-12-18,V000605,株式会社ミライテック,IT,スタンダード,AX-2000,再訪問対応,137,15334,24242,39576,未達,未解決,あり,E011,52.2,不可,低,3.4,電話
2024-12-18,V000606,株式会社ミライテック,IT,スポット,MX-200,定期点検,60,0,9453,9453,達成,解決,なし,E010,28.7,不可,中,3.9,現地
2024-12-19,V000607,花鳥風月,観光,スタンダード,MX-200,部品交換,169,12009,27922,39931,未達,解決,なし,E025,155.4,不可,高,2.8,Web
2024-12-19,V000608,東和建設,建設,スタンダード,RX-500,定期点検,88,0,11670,11670,達成,解決,なし,E012,24.7,不可,中,3.7,メール
2024-12-21,V000609,株式会社ネクストブリッジ,IT,スタンダード,AX-2000,予防保全,111,34231,15187,49418,達成,解決,なし,E016,99.8,不可,中,3.3,現地
2024-12-22,V000610,東都フィナンシャル証券,金融,スタンダード,MX-200,予防保全,107,30748,17036,47784,達成,解決,なし,E001,43.9,不可,低,3.1,メール
2024-12-23,V000611,東都フィナンシャル証券,金融,スポット,MX-200,定期点検,112,0,13412,13412,未達,解決,なし,E018,83.9,不可,中,2.5,アプリ
2024-12-24,V000612,東京湾岸エナジー,電力,ベーシック,MX-100,再訪問対応,124,57667,16866,74533,達成,未解決,なし,E003,126.8,不可,中,4.1,アプリ
2024-12-24,V000613,みどり市役所,公共,ベーシック,MX-100,緊急修理,193,56590,23252,79842,達成,解決,なし,E024,34.5,不可,中,4.3,現地
2024-12-25,V000614,東北ロジスティクス,物流,スタンダード,AX-2000,再訪問対応,125,6209,19036,25245,達成,未解決,なし,E013,32.9,不可,低,4.3,アプリ
2024-12-26,V000615,東北ロジスティクス,物流,ベーシック,PX-80,予防保全,137,70354,18690,89044,達成,未解決,あり,E013,171.3,不可,中,5.0,現地
2024-12-26,V000616,東洋精機,製造業,スタンダード,MX-200,再訪問対応,91,23603,10358,33961,達成,解決,なし,E009,68.1,不可,低,3.3,電話
2024-12-28,V000617,大和精機製作所,製造業,スタンダード,AX-1000,定期点検,102,0,11298,11298,達成,解決,なし,E007,163.9,不可,低,4.2,電話
2024-12-28,V000618,東京湾岸エナジー,電力,プレミアム,MX-100,予防保全,110,42449,12165,54614,未達,解決,なし,E013,65.5,不可,低,3.3,現地
2024-12-29,V000619,東京湾岸エナジー,電力,ベーシック,AX-1000,緊急修理,98,15238,14224,29462,未達,解決,なし,E013,140.0,不可,低,3.7,アプリ
2024-12-29,V000620,日本橋製薬,製薬,ベーシック,PX-80,緊急修理,162,32352,27849,60201,達成,解決,なし,E025,145.7,不可,中,3.9,Web
2025-01-01,V000621,暮らしの匠,小売,スタンダード,AX-1000,ソフトウェア更新,41,0,5746,5746,達成,解決,なし,E007,160.5,不可,低,4.8,現地
2025-01-02,V000622,日本橋製薬,製薬,スポット,RX-500,定期点検,109,0,19383,19383,未達,解決,なし,E004,141.1,不可,低,2.7,アプリ
2025-01-02,V000623,東和建設,建設,スポット,MX-300,定期点検,101,0,16567,16567,達成,解決,なし,E009,47.9,不可,低,4.2,アプリ
2025-01-04,V000624,日本橋製薬,製薬,プレミアム,MX-200,予防保全,94,18906,13240,32146,達成,解決,なし,E011,93.2,不可,中,4.5,メール
2025-01-05,V000625,大和精機製作所,製造業,スタンダード,RX-500,部品交換,130,34088,20667,54755,達成,未解決,あり,E004,101.8,不可,低,4.0,メール
2025-01-05,V000626,株式会社ミライテック,IT,スタンダード,MX-200,緊急修理,184,72138,31833,103971,達成,解決,なし,E024,84.7,不可,低,4.3,電話
2025-01-05,V000627,暮らしの匠,小売,スポット,AX-2000,緊急修理,121,29870,19258,49128,達成,解決,なし,E002,86.8,不可,低,4.6,現地
2025-01-05,V000628,大和精機製作所,製造業,スタンダード,PX-50,部品交換,170,58375,30344,88719,達成,未解決,なし,E001,40.0,不可,低,4.3,アプリ
2025-01-06,V000629,東和建設,建設,ベーシック,MX-200,緊急修理,132,57013,19368,76381,達成,解決,なし,E002,121.2,不可,低,4.8,電話
2025-01-07,V000630,みどり市役所,公共,スタンダード,PX-80,緊急修理,85,59250,11460,70710,達成,未解決,あり,E001,125.3,不可,低,3.8,現地
2025-01-08,V000631,花鳥風月,観光,スタンダード,MX-200,再訪問対応,87,43486,9656,53142,達成,解決,なし,E016,161.6,不可,高,5.0,メール
2025-01-08,V000632,大和精機製作所,製造業,スポット,AX-2000,部品交換,66,18478,10190,28668,達成,解決,なし,E002,115.7,不可,中,4.3,Web
2025-01-12,V000633,東北ロジスティクス,物流,プレミアム,MX-300,予防保全,163,77607,28827,106434,達成,解決,なし,E010,67.9,不可,低,3.6,メール
2025-01-12,V000634,東都フィナンシャル証券,金融,ベーシック,RX-500,再訪問対応,93,57816,13635,71451,未達,解決,なし,E006,138.2,不可,低,4.0,アプリ
2025-01-13,V000635,株式会社ネクストブリッジ,IT,プレミアム,MX-300,予防保全,79,39125,12572,51697,達成,解決,なし,E004,168.9,不可,高,3.4,電話
2025-01-13,V000636,花鳥風月,観光,プレミアム,MX-100,予防保全,99,73399,11580,84979,達成,解決,なし,E002,81.1,不可,中,3.3,メール
2025-01-14,V000637,みどり市役所,公共,スタンダード,RX-500,予防保全,87,62810,12084,74894,達成,解決,なし,E024,148.0,不可,中,4.0,アプリ
2025-01-14,V000638,東洋精機,製造業,スタンダード,PX-50,予防保全,123,56357,19327,75684,達成,未解決,あり,E002,2.7,不可,高,3.2,電話
2025-01-17,V000639,東洋精機,製造業,ベーシック,AX-1000,部品交換,85,53296,10496,63792,達成,解決,なし,E019,116.7,不可,中,4.3,アプリ
2025-01-17,V000640,大和精機製作所,製造業,ベーシック,MX-300,ソフトウェア更新,53,0,8802,8802,未達,解決,なし,E025,91.8,可,中,3.3,メール
2025-01-18,V000641,みどり市役所,公共,プレミアム,AX-1000,緊急修理,214,22060,23956,46016,達成,解決,なし,E003,127.9,不可,高,4.1,現地
2025-01-19,V000642,株式会社ミライテック,IT,ベーシック,MX-300,ソフトウェア更新,53,0,6549,6549,達成,未解決,あり,E013,151.6,不可,中,3.7,メール
2025-01-21,V000643,日本橋製薬,製薬,スタンダード,MX-300,再訪問対応,187,18080,21971,40051,達成,未解決,なし,E003,52.3,不可,高,4.7,電話
2025-01-22,V000644,株式会社ネクストブリッジ,IT,スタンダード,PX-50,ソフトウェア更新,39,0,4864,4864,達成,未解決,あり,E015,76.7,不可,中,4.1,Web
2025-01-23,V000645,東京湾岸エナジー,電力,プレミアム,MX-300,再訪問対応,216,47453,31076,78529,達成,解決,なし,E006,111.3,不可,中,4.3,現地
2025-01-23,V000646,東北ロジスティクス,物流,スポット,PX-50,予防保全,85,49826,10032,59858,達成,解決,なし,E008,40.6,不可,低,4.0,電話
2025-01-23,V000647,東北ロジスティクス,物流,スポット,PX-80,部品交換,96,66985,13490,80475,達成,未解決,あり,E009,170.4,不可,高,3.9,Web
2025-01-23,V000648,東京湾岸エナジー,電力,ベーシック,PX-80,ソフトウェア更新,65,0,10435,10435,達成,未解決,あり,E009,79.2,可,中,4.3,メール
2025-01-23,V000649,日本橋製薬,製薬,ベーシック,AX-2000,緊急修理,140,23921,24116,48037,達成,解決,なし,E014,172.5,不可,低,3.9,メール
2025-01-23,V000650,日本橋製薬,製薬,ベーシック,AX-1000,ソフトウェア更新,48,0,6482,6482,達成,解決,なし,E025,14.9,可,低,4.8,メール
2025-01-24,V000651,大和精機製作所,製造業,スタンダード,MX-100,再訪問対応,149,75615,17080,92695,達成,解決,なし,E007,52.5,不可,低,3.0,電話
2025-01-24,V000652,東都フィナンシャル証券,金融,ベーシック,MX-200,予防保全,100,43958,12387,56345,未達,解決,なし,E002,10.8,不可,低,2.8,メール
2025-01-24,V000653,株式会社ネクストブリッジ,IT,プレミアム,MX-300,予防保全,81,77465,14511,91976,達成,解決,なし,E013,164.3,不可,低,3.8,電話
2025-01-24,V000654,みどり市役所,公共,スポット,MX-100,部品交換,164,41452,21193,62645,達成,解決,なし,E018,136.2,不可,低,4.5,メール
2025-01-24,V000655,株式会社ネクストブリッジ,IT,プレミアム,PX-80,再訪問対応,84,51008,14753,65761,未達,解決,なし,E001,20.3,不可,低,2.3,Web
2025-01-25,V000656,大和精機製作所,製造業,スタンダード,AX-2000,緊急修理,179,72458,32089,104547,達成,解決,なし,E009,168.3,不可,高,3.7,電話
2025-01-25,V000657,大和精機製作所,製造業,スポット,MX-200,部品交換,129,24326,22541,46867,達成,解決,なし,E011,105.9,不可,低,3.6,Web
2025-01-26,V000658,花鳥風月,観光,ベーシック,AX-2000,再訪問対応,87,66238,15515,81753,達成,解決,なし,E008,59.3,不可,中,3.9,電話
2025-01-27,V000659,東和建設,建設,スタンダード,MX-200,部品交換,118,12225,13600,25825,達成,未解決,なし,E022,90.0,不可,低,3.7,Web
2025-01-27,V000660,株式会社ネクストブリッジ,IT,スタンダード,RX-500,定期点検,70,0,12327,12327,達成,未解決,なし,E017,128.1,不可,中,4.0,電話
2025-01-27,V000661,みどり市役所,公共,スタンダード,AX-1000,ソフトウェア更新,61,0,7896,7896,未達,未解決,あり,E021,31.2,可,高,2.9,電話
2025-01-28,V000662,大和精機製作所,製造業,ベーシック,MX-200,緊急修理,145,71584,20544,92128,達成,解決,なし,E003,49.3,不可,高,4.6,メール
2025-01-29,V000663,株式会社ネクストブリッジ,IT,プレミアム,AX-2000,予防保全,94,52137,15156,67293,達成,解決,なし,E013,77.2,不可,低,4.1,Web
2025-01-29,V000664,日本橋製薬,製薬,スタンダード,RX-500,予防保全,61,30780,7201,37981,達成,解決,なし,E008,161.3,不可,中,3.0,電話
2025-01-30,V000665,東都フィナンシャル証券,金融,スタンダード,AX-2000,ソフトウェア更新,70,0,10126,10126,達成,解決,なし,E023,32.4,可,中,3.3,現地
2025-02-02,V000666,東和建設,建設,プレミアム,MX-300,予防保全,96,33276,11703,44979,達成,解決,なし,E011,123.3,不可,低,3.0,アプリ
2025-02-02,V000667,大和精機製作所,製造業,プレミアム,RX-500,ソフトウェア更新,59,0,9295,9295,達成,解決,なし,E019,153.8,可,高,4.2,電話
2025-02-03,V000668,株式会社ネクストブリッジ,IT,スタンダード,MX-200,定期点検,132,0,19373,19373,達成,解決,なし,E004,31.8,不可,低,3.9,電話
2025-02-03,V000669,東和建設,建設,ベーシック,RX-500,ソフトウェア更新,45,0,4992,4992,達成,未解決,あり,E025,64.8,不可,高,4.0,現地
2025-02-07,V000670,株式会社ネクストブリッジ,IT,スタンダード,MX-100,緊急修理,177,34029,26626,60655,未達,未解決,なし,E007,125.9,不可,低,3.7,電話
2025-02-09,V000671,東京湾岸エナジー,電力,スポット,MX-200,部品交換,48,71062,5867,76929,未達,未解決,なし,E011,164.0,不可,低,3.6,アプリ
2025-02-09,V000672,日本橋製薬,製薬,スポット,PX-80,部品交換,103,18116,14455,32571,達成,解決,なし,E012,83.0,不可,高,3.1,メール
2025-02-10,V000673,大和精機製作所,製造業,プレミアム,MX-300,ソフトウェア更新,55,0,6676,6676,達成,解決,なし,E015,88.7,可,低,4.6,電話
2025-02-11,V000674,東京湾岸エナジー,電力,ベーシック,MX-200,定期点検,64,0,7263,7263,達成,解決,なし,E017,26.5,不可,高,4.8,現地
2025-02-12,V000675,大和精機製作所,製造業,プレミアム,PX-80,緊急修理,136,30686,15265,45951,未達,解決,なし,E022,168.1,不可,低,3.1,アプリ
2025-02-12,V000676,株式会社ネクストブリッジ,IT,スポット,MX-200,部品交換,134,44268,22285,66553,未達,解決,なし,E009,26.8,不可,中,3.7,Web
2025-02-12,V000677,株式会社ミライテック,IT,プレミアム,PX-80,定期点検,105,0,17678,17678,達成,未解決,あり,E023,19.1,不可,中,4.8,メール
2025-02-13,V000678,東都フィナンシャル証券,金融,ベーシック,AX-1000,ソフトウェア更新,76,0,13214,13214,達成,解決,なし,E005,6.7,不可,低,3.9,現地
2025-02-13,V000679,みどり市役所,公共,ベーシック,AX-1000,緊急修理,218,18506,30128,48634,達成,未解決,なし,E017,3.1,不可,中,4.3,アプリ
2025-02-14,V000680,みどり市役所,公共,プレミアム,PX-80,再訪問対応,148,45425,25234,70659,達成,解決,なし,E017,23.6,不可,中,3.4,電話
2025-02-14,V000681,東北ロジスティクス,物流,スタンダード,RX-500,緊急修理,169,42749,27097,69846,達成,解決,なし,E020,168.7,不可,中,3.7,Web
2025-02-14,V000682,大和精機製作所,製造業,プレミアム,MX-200,予防保全,53,60171,7279,67450,達成,解決,なし,E016,166.8,不可,低,4.2,Web
2025-02-14,V000683,花鳥風月,観光,ベーシック,PX-80,予防保全,67,26223,8034,34257,達成,未解決,なし,E017,134.5,不可,低,4.3,現地
2025-02-16,V000684,東京湾岸エナジー,電力,スタンダード,PX-80,再訪問対応,112,52570,17789,70359,達成,解決,なし,E014,21.1,不可,低,4.3,Web
2025-02-16,V000685,東洋精機,製造業,スタンダード,AX-2000,定期点検,70,0,9877,9877,達成,解決,なし,E005,163.6,不可,低,3.4,アプリ
2025-02-16,V000686,みどり市役所,公共,スタンダード,MX-100,緊急修理,115,53199,16780,69979,達成,未解決,あり,E021,33.1,不可,低,4.6,現地
2025-02-17,V000687,株式会社ミライテック,IT,ベーシック,MX-300,部品交換,172,65405,23453,88858,未達,未解決,なし,E019,86.0,不可,中,3.6,現地
2025-02-17,V000688,花鳥風月,観光,スタンダード,MX-300,再訪問対応,105,7888,11766,19654,達成,未解決,あり,E022,132.5,不可,低,3.7,電話
2025-02-18,V000689,株式会社ネクストブリッジ,IT,ベーシック,AX-1000,緊急修理,156,24806,25111,49917,未達,未解決,なし,E003,70.4,不可,高,4.3,電話
2025-02-18,V000690,日本橋製薬,製薬,プレミアム,MX-200,ソフトウェア更新,78,0,10333,10333,達成,解決,なし,E019,126.4,可,高,3.0,現地
2025-02-19,V000691,東京湾岸エナジー,電力,スタンダード,RX-500,再訪問対応,161,27204,18679,45883,達成,解決,なし,E004,6.3,不可,高,4.8,Web
2025-02-20,V000692,東洋精機,製造業,プレミアム,MX-100,部品交換,138,71226,19973,91199,達成,解決,なし,E016,150.2,不可,中,3.7,現地
2025-02-20,V000693,株式会社ミライテック,IT,ベーシック,MX-300,定期点検,110,0,13079,13079,達成,解決,なし,E016,94.1,不可,低,3.5,Web
2025-02-20,V000694,東洋精機,製造業,スタンダード,MX-100,緊急修理,167,48911,19164,68075,未達,解決,なし,E003,157.1,不可,高,2.8,現地
2025-02-20,V000695,東都フィナンシャル証券,金融,ベーシック,PX-80,ソフトウェア更新,75,0,13168,13168,達成,解決,なし,E014,177.3,可,低,3.6,メール
2025-02-21,V000696,東京湾岸エナジー,電力,ベーシック,MX-100,緊急修理,153,10169,19353,29522,達成,未解決,あり,E020,15.0,不可,高,2.9,電話
2025-02-21,V000697,株式会社ミライテック,IT,プレミアム,AX-2000,予防保全,86,7471,10086,17557,達成,未解決,なし,E012,90.4,不可,低,4.0,アプリ
2025-02-22,V000698,株式会社ネクストブリッジ,IT,ベーシック,PX-50,定期点検,92,0,14036,14036,未達,解決,なし,E001,69.5,不可,中,2.9,現地
2025-02-22,V000699,株式会社ネクストブリッジ,IT,スタンダード,AX-2000,再訪問対応,114,17465,19699,37164,達成,解決,なし,E007,176.9,不可,低,3.9,メール
2025-02-22,V000700,株式会社ネクストブリッジ,IT,プレミアム,PX-50,定期点検,89,0,14731,14731,達成,解決,なし,E001,103.1,不可,高,3.0,Web
2025-02-23,V000701,花鳥風月,観光,プレミアム,MX-300,ソフトウェア更新,47,0,5973,5973,達成,解決,なし,E004,54.0,可,低,4.6,電話
2025-02-24,V000702,東洋精機,製造業,スポット,PX-50,ソフトウェア更新,70,0,9183,9183,未達,未解決,なし,E008,67.3,可,高,2.8,現地
2025-02-24,V000703,みどり市役所,公共,スタンダード,MX-200,定期点検,114,0,13165,13165,達成,解決,なし,E017,164.3,不可,中,3.8,Web
2025-02-25,V000704,東和建設,建設,スタンダード,MX-200,部品交換,123,61475,21735,83210,達成,未解決,あり,E009,5.8,不可,中,4.5,メール
2025-02-25,V000705,日本橋製薬,製薬,スタンダード,MX-200,定期点検,45,0,6161,6161,達成,解決,なし,E006,9.9,不可,低,4.0,アプリ
2025-02-25,V000706,東都フィナンシャル証券,金融,ベーシック,MX-100,予防保全,100,36410,16671,53081,達成,未解決,なし,E011,107.2,不可,中,3.5,現地
2025-02-26,V000707,株式会社ネクストブリッジ,IT,スタンダード,MX-100,定期点検,73,0,10762,10762,達成,未解決,なし,E025,77.4,不可,中,5.0,現地
2025-02-27,V000708,東和建設,建設,スポット,RX-500,再訪問対応,152,37965,17630,55595,未達,解決,なし,E011,46.5,不可,中,3.0,現地
2025-02-28,V000709,株式会社ミライテック,IT,ベーシック,AX-1000,部品交換,107,76506,16719,93225,達成,未解決,なし,E015,150.8,不可,中,3.8,アプリ
2025-02-28,V000710,東洋精機,製造業,プレミアム,MX-100,部品交換,186,38234,32139,70373,達成,未解決,あり,E015,100.2,不可,高,4.4,Web
2025-02-28,V000711,東和建設,建設,ベーシック,PX-80,ソフトウェア更新,72,0,8169,8169,達成,解決,なし,E015,22.4,可,中,4.6,現地
2025-03-01,V000712,東和建設,建設,スタンダード,PX-50,定期点検,133,0,22537,22537,未達,未解決,なし,E008,98.2,不可,低,3.3,メール
2025-03-01,V000713,大和精機製作所,製造業,スタンダード,MX-200,予防保全,57,56521,6554,63075,達成,解決,なし,E001,77.9,不可,低,3.6,メール
2025-03-02,V000714,日本橋製薬,製薬,スタンダード,AX-2000,再訪問対応,160,40125,28019,68144,達成,未解決,あり,E020,164.3,不可,低,4.1,Web
2025-03-05,V000715,花鳥風月,観光,スタンダード,AX-1000,緊急修理,138,12281,24407,36688,達成,解決,なし,E019,172.6,不可,高,3.8,現地
2025-03-05,V000716,暮らしの匠,小売,ベーシック,AX-2000,予防保全,126,70740,18449,89189,達成,未解決,あり,E019,58.4,不可,低,4.2,メール
2025-03-05,V000717,みどり市役所,公共,スタンダード,AX-1000,緊急修理,170,55729,23006,78735,達成,解決,なし,E012,64.7,不可,中,4.2,アプリ
2025-03-06,V000718,日本橋製薬,製薬,スタンダード,AX-2000,緊急修理,86,55427,13518,68945,達成,未解決,あり,E010,120.5,不可,中,3.8,メール
2025-03-06,V000719,東和建設,建設,プレミアム,AX-2000,予防保全,71,25581,12165,37746,未達,解決,なし,E009,4.8,不可,低,2.6,現地
2025-03-06,V000720,東北ロジスティクス,物流,スタンダード,MX-200,緊急修理,157,69488,26797,96285,達成,未解決,あり,E012,165.5,不可,高,4.2,Web
2025-03-07,V000721,株式会社ミライテック,IT,スタンダード,PX-80,定期点検,81,0,13004,13004,達成,未解決,あり,E015,15.1,不可,高,3.8,アプリ
2025-03-08,V000722,日本橋製薬,製薬,ベーシック,AX-2000,部品交換,113,68764,13092,81856,達成,未解決,なし,E012,161.4,不可,中,3.3,アプリ
2025-03-08,V000723,株式会社ミライテック,IT,スタンダード,PX-80,定期点検,115,0,16877,16877,達成,解決,なし,E010,92.5,不可,高,4.2,メール
2025-03-08,V000724,株式会社ミライテック,IT,ベーシック,MX-300,定期点検,96,0,14424,14424,未達,未解決,なし,E010,111.6,不可,低,3.8,Web
2025-03-08,V000725,大和精機製作所,製造業,スタンダード,RX-500,緊急修理,247,15909,43154,59063,未達,解決,なし,E007,120.6,不可,低,2.5,現地
2025-03-09,V000726,みどり市役所,公共,ベーシック,MX-100,予防保全,100,5378,13586,18964,未達,未解決,あり,E014,52.2,不可,高,3.1,アプリ
2025-03-09,V000727,東都フィナンシャル証券,金融,ベーシック,PX-80,定期点検,110,0,12768,12768,達成,未解決,あり,E022,26.4,不可,低,3.6,電話
2025-03-09,V000728,暮らしの匠,小売,ベーシック,PX-50,再訪問対応,111,69219,17432,86651,達成,解決,なし,E002,15.2,不可,中,4.5,アプリ
2025-03-09,V000729,大和精機製作所,製造業,ベーシック,AX-1000,緊急修理,201,3044,25570,28614,未達,未解決,なし,E008,106.4,不可,高,3.4,Web
2025-03-11,V000730,東和建設,建設,プレミアム,MX-300,再訪問対応,120,69673,20400,90073,達成,解決,なし,E003,135.4,不可,低,3.8,アプリ
2025-03-11,V000731,東都フィナンシャル証券,金融,スタンダード,MX-300,定期点検,68,0,10515,10515,達成,解決,なし,E006,88.2,不可,中,4.5,メール
2025-03-11,V000732,みどり市役所,公共,ベーシック,RX-500,ソフトウェア更新,49,0,5721,5721,未達,解決,なし,E010,22.0,不可,中,3.6,アプリ
2025-03-12,V000733,暮らしの匠,小売,スタンダード,AX-2000,定期点検,76,0,9041,9041,達成,未解決,なし,E016,159.0,不可,中,4.4,現地
2025-03-13,V000734,株式会社ミライテック,IT,スタンダード,PX-80,部品交換,167,36289,26260,62549,達成,未解決,なし,E014,75.2,不可,中,4.3,アプリ
2025-03-14,V000735,東和建設,建設,プレミアム,RX-500,再訪問対応,163,31007,24462,55469,達成,解決,なし,E021,31.6,不可,低,4.2,電話
2025-03-14,V000736,暮らしの匠,小売,ベーシック,AX-1000,緊急修理,138,13829,22718,36547,達成,解決,なし,E025,61.3,不可,低,3.1,現地
2025-03-14,V000737,東洋精機,製造業,プレミアム,PX-50,部品交換,82,40035,13619,53654,達成,未解決,なし,E007,164.1,不可,低,4.5,現地
2025-03-15,V000738,東北ロジスティクス,物流,スポット,MX-100,定期点検,50,0,5647,5647,未達,解決,なし,E021,52.4,不可,低,3.2,Web
2025-03-16,V000739,東洋精機,製造業,ベーシック,AX-2000,再訪問対応,138,68127,22155,90282,達成,未解決,なし,E001,137.7,不可,低,3.8,現地
2025-03-16,V000740,日本橋製薬,製薬,プレミアム,AX-2000,緊急修理,94,41603,12143,53746,達成,未解決,なし,E021,38.1,不可,低,4.4,現地
2025-03-17,V000741,株式会社ネクストブリッジ,IT,スタンダード,MX-200,緊急修理,68,71888,9891,81779,未達,解決,なし,E024,70.1,不可,高,3.3,アプリ
2025-03-17,V000742,暮らしの匠,小売,ベーシック,MX-200,ソフトウェア更新,61,0,9114,9114,達成,未解決,あり,E003,116.4,可,中,4.5,電話
2025-03-17,V000743,東都フィナンシャル証券,金融,スタンダード,RX-500,予防保全,78,76270,12732,89002,達成,解決,なし,E014,12.5,不可,低,3.6,メール
2025-03-18,V000744,東北ロジスティクス,物流,ベーシック,MX-100,部品交換,136,29423,22147,51570,達成,解決,なし,E011,143.5,不可,中,3.7,Web
2025-03-19,V000745,東和建設,建設,ベーシック,MX-200,定期点検,92,0,13468,13468,達成,解決,なし,E004,23.6,不可,低,4.1,電話
2025-03-20,V000746,みどり市役所,公共,スタンダード,RX-500,緊急修理,124,59079,22283,81362,達成,解決,なし,E009,130.1,不可,高,4.2,現地
2025-03-20,V000747,東和建設,建設,ベーシック,MX-300,緊急修理,184,34930,26320,61250,達成,未解決,なし,E024,39.5,不可,低,3.9,Web
2025-03-21,V000748,大和精機製作所,製造業,ベーシック,RX-500,定期点検,20,0,2207,2207,達成,解決,なし,E004,126.9,不可,低,4.3,現地
2025-03-21,V000749,株式会社ネクストブリッジ,IT,プレミアム,RX-500,予防保全,83,3851,14520,18371,達成,解決,なし,E014,50.9,不可,中,3.9,現地
2025-03-22,V000750,東北ロジスティクス,物流,スタンダード,AX-2000,部品交換,131,15497,21110,36607,達成,解決,なし,E004,51.8,不可,低,4.6,Web
2025-03-22,V000751,花鳥風月,観光,スタンダード,AX-2000,部品交換,167,64050,20816,84866,達成,未解決,なし,E007,2.5,不可,低,3.8,電話
2025-03-22,V000752,暮らしの匠,小売,ベーシック,MX-300,緊急修理,237,19953,34559,54512,達成,解決,なし,E011,80.3,不可,中,4.6,メール
2025-03-22,V000753,東都フィナンシャル証券,金融,プレミアム,AX-2000,ソフトウェア更新,42,0,5551,5551,達成,解決,なし,E006,15.9,可,低,4.8,メール
2025-03-22,V000754,東北ロジスティクス,物流,ベーシック,RX-500,ソフトウェア更新,83,0,12918,12918,達成,解決,なし,E025,33.7,不可,高,4.7,メール
2025-03-24,V000755,東北ロジスティクス,物流,スタンダード,PX-50,ソフトウェア更新,64,0,7913,7913,達成,未解決,なし,E009,106.3,可,高,4.4,現地
2025-03-24,V000756,暮らしの匠,小売,ベーシック,MX-100,再訪問対応,178,35166,22996,58162,達成,解決,なし,E001,12.2,不可,中,4.2,アプリ
2025-03-24,V000757,暮らしの匠,小売,ベーシック,RX-500,緊急修理,153,5779,23394,29173,達成,未解決,なし,E006,129.0,不可,中,3.9,Web
2025-03-24,V000758,東洋精機,製造業,ベーシック,MX-200,定期点検,101,0,17137,17137,達成,未解決,あり,E011,118.6,不可,中,3.7,メール
2025-03-25,V000759,みどり市役所,公共,プレミアム,AX-1000,予防保全,67,10058,7674,17732,達成,解決,なし,E024,148.9,不可,中,4.4,メール
2025-03-26,V000760,大和精機製作所,製造業,スタンダード,PX-80,予防保全,119,2422,15682,18104,達成,解決,なし,E015,101.8,不可,低,4.7,現地
2025-03-26,V000761,みどり市役所,公共,プレミアム,RX-500,定期点検,88,0,13321,13321,達成,解決,なし,E001,173.9,不可,中,3.7,Web
2025-03-27,V000762,日本橋製薬,製薬,スタンダード,PX-50,部品交換,135,19397,17784,37181,達成,解決,なし,E009,69.5,不可,低,3.8,Web
2025-03-28,V000763,東都フィナンシャル証券,金融,スタンダード,PX-50,部品交換,107,36674,12462,49136,未達,解決,なし,E025,65.2,不可,低,3.9,現地
2025-03-28,V000764,株式会社ネクストブリッジ,IT,ベーシック,MX-300,定期点検,106,0,19033,19033,未達,解決,なし,E022,79.2,不可,中,3.7,メール
2025-03-28,V000765,東京湾岸エナジー,電力,ベーシック,PX-80,定期点検,93,0,16231,16231,達成,解決,なし,E016,94.0,不可,中,4.4,Web
2025-03-28,V000766,株式会社ネクストブリッジ,IT,スタンダード,AX-2000,再訪問対応,116,3035,14049,17084,達成,解決,なし,E004,86.6,不可,低,3.3,Web
2025-03-28,V000767,みどり市役所,公共,スタンダード,RX-500,予防保全,110,77492,17447,94939,達成,解決,なし,E008,132.1,不可,低,3.5,メール
2025-03-29,V000768,東北ロジスティクス,物流,ベーシック,RX-500,再訪問対応,151,68448,17750,86198,達成,解決,なし,E019,77.8,不可,低,3.8,アプリ
2025-03-29,V000769,日本橋製薬,製薬,プレミアム,MX-300,部品交換,145,20290,17268,37558,達成,未解決,なし,E003,61.3,不可,高,5.0,メール
2025-03-29,V000770,花鳥風月,観光,プレミアム,AX-1000,ソフトウェア更新,54,0,6590,6590,達成,解決,なし,E014,56.7,可,高,3.7,電話
2025-03-30,V000771,東北ロジスティクス,物流,プレミアム,AX-1000,定期点検,56,0,8899,8899,達成,解決,なし,E015,164.5,不可,中,4.1,Web
2025-04-01,V000772,花鳥風月,観光,プレミアム,MX-300,部品交換,129,57652,19580,77232,達成,解決,なし,E022,97.1,不可,低,2.9,現地
2025-04-02,V000773,東洋精機,製造業,ベーシック,MX-300,緊急修理,172,54190,29931,84121,達成,解決,なし,E007,116.9,不可,低,3.4,電話
2025-04-03,V000774,東京湾岸エナジー,電力,スタンダード,AX-1000,ソフトウェア更新,56,0,9379,9379,達成,解決,なし,E006,8.2,不可,低,4.5,アプリ
2025-04-04,V000775,東北ロジスティクス,物流,ベーシック,RX-500,定期点検,56,0,6790,6790,達成,未解決,なし,E022,24.9,不可,中,4.5,アプリ
2025-04-04,V000776,東洋精機,製造業,ベーシック,AX-2000,ソフトウェア更新,58,0,8830,8830,達成,解決,なし,E016,144.8,可,低,4.7,メール
2025-04-05,V000777,みどり市役所,公共,スポット,MX-200,緊急修理,108,21711,11932,33643,未達,解決,なし,E009,170.8,不可,中,3.7,Web
2025-04-06,V000778,東都フィナンシャル証券,金融,ベーシック,RX-500,ソフトウェア更新,72,0,9770,9770,達成,解決,なし,E011,160.3,可,低,4.4,メール
2025-04-06,V000779,花鳥風月,観光,プレミアム,PX-80,緊急修理,120,6668,18204,24872,達成,解決,なし,E024,65.6,不可,低,4.1,アプリ
2025-04-06,V000780,東京湾岸エナジー,電力,プレミアム,MX-200,緊急修理,122,62035,19303,81338,達成,解決,なし,E024,45.4,不可,中,4.2,現地
2025-04-07,V000781,東都フィナンシャル証券,金融,プレミアム,AX-1000,部品交換,111,15254,15177,30431,達成,解決,なし,E021,176.5,不可,低,3.1,メール
2025-04-09,V000782,株式会社ネクストブリッジ,IT,プレミアム,PX-80,再訪問対応,115,27119,17245,44364,達成,未解決,なし,E018,179.1,不可,中,4.1,Web
2025-04-09,V000783,東北ロジスティクス,物流,プレミアム,RX-500,緊急修理,148,38287,21476,59763,達成,解決,なし,E006,10.1,不可,低,3.1,メール
2025-04-09,V000784,東和建設,建設,スタンダード,MX-100,ソフトウェア更新,34,0,5250,5250,達成,解決,なし,E008,19.3,可,中,4.2,電話
2025-04-09,V000785,日本橋製薬,製薬,ベーシック,RX-500,予防保全,72,75093,7983,83076,達成,解決,なし,E015,62.6,不可,低,3.9,Web
2025-04-10,V000786,株式会社ネクストブリッジ,IT,ベーシック,PX-50,予防保全,147,12303,22666,34969,達成,未解決,あり,E007,101.9,不可,低,4.2,現地
2025-04-10,V000787,株式会社ミライテック,IT,スタンダード,AX-1000,ソフトウェア更新,53,0,7134,7134,達成,解決,なし,E010,78.8,不可,低,3.8,現地
2025-04-10,V000788,東北ロジスティクス,物流,スポット,AX-2000,予防保全,106,30613,13227,43840,達成,解決,なし,E006,21.7,不可,低,3.8,アプリ
2025-04-11,V000789,東都フィナンシャル証券,金融,スタンダード,PX-50,ソフトウェア更新,62,0,9702,9702,未達,解決,なし,E017,124.3,可,中,2.5,現地
2025-04-11,V000790,東都フィナンシャル証券,金融,スタンダード,AX-2000,ソフトウェア更新,67,0,11465,11465,達成,解決,なし,E025,73.2,可,中,3.9,アプリ
2025-04-12,V000791,日本橋製薬,製薬,ベーシック,MX-200,ソフトウェア更新,51,0,5713,5713,達成,解決,なし,E003,41.9,可,中,4.2,現地
2025-04-12,V000792,東都フィナンシャル証券,金融,スタンダード,MX-100,部品交換,87,50535,9708,60243,達成,解決,なし,E013,109.0,不可,中,3.5,現地
2025-04-12,V000793,東都フィナンシャル証券,金融,プレミアム,MX-300,ソフトウェア更新,91,0,12065,12065,達成,未解決,あり,E015,54.2,不可,低,3.6,アプリ
2025-04-13,V000794,東京湾岸エナジー,電力,ベーシック,PX-50,緊急修理,189,45418,32327,77745,未達,解決,なし,E024,163.8,不可,低,3.6,電話
2025-04-14,V000795,東洋精機,製造業,プレミアム,AX-2000,予防保全,83,72430,9832,82262,未達,未解決,あり,E018,140.2,不可,中,3.4,電話
2025-04-14,V000796,株式会社ネクストブリッジ,IT,ベーシック,MX-100,部品交換,149,69051,22953,92004,未達,未解決,なし,E004,80.3,不可,中,3.3,Web
2025-04-15,V000797,みどり市役所,公共,ベーシック,MX-200,再訪問対応,91,65254,11348,76602,達成,解決,なし,E003,19.3,不可,中,4.9,アプリ
2025-04-15,V000798,みどり市役所,公共,スタンダード,PX-50,部品交換,104,35806,15576,51382,達成,解決,なし,E005,107.8,不可,中,4.5,現地
2025-04-16,V000799,東和建設,建設,スタンダード,AX-1000,予防保全,113,41943,16189,58132,達成,解決,なし,E024,80.3,不可,低,3.9,Web
2025-04-17,V000800,大和精機製作所,製造業,スタンダード,AX-2000,部品交換,126,78576,13966,92542,達成,解決,なし,E017,66.8,不可,中,4.4,アプリ
2025-04-17,V000801,株式会社ネクストブリッジ,IT,スポット,AX-1000,再訪問対応,84,65602,13052,78654,達成,未解決,あり,E016,157.0,不可,低,4.7,アプリ
2025-04-18,V000802,東洋精機,製造業,スポット,AX-1000,緊急修理,138,17675,21458,39133,達成,解決,なし,E021,65.5,不可,低,4.9,電話
2025-04-18,V000803,みどり市役所,公共,ベーシック,PX-50,再訪問対応,153,10807,19737,30544,達成,未解決,あり,E018,173.2,不可,中,4.3,電話
2025-04-18,V000804,暮らしの匠,小売,プレミアム,PX-50,緊急修理,129,34124,16251,50375,達成,解決,なし,E020,129.7,不可,低,3.3,メール
2025-04-20,V000805,東都フィナンシャル証券,金融,プレミアム,PX-50,再訪問対応,162,9977,20175,30152,達成,解決,なし,E016,45.4,不可,中,3.7,アプリ
2025-04-20,V000806,大和精機製作所,製造業,ベーシック,MX-100,部品交換,87,64394,10772,75166,未達,解決,なし,E016,98.5,不可,低,3.3,メール
2025-04-20,V000807,東都フィナンシャル証券,金融,スタンダード,MX-200,再訪問対応,145,61802,26021,87823,未達,未解決,あり,E009,46.8,不可,低,2.6,アプリ
2025-04-21,V000808,日本橋製薬,製薬,スタンダード,RX-500,予防保全,97,46714,12539,59253,達成,解決,なし,E015,101.9,不可,低,4.6,電話
2025-04-21,V000809,暮らしの匠,小売,スポット,RX-500,定期点検,94,0,13182,13182,達成,未解決,あり,E015,56.2,不可,高,4.2,メール
2025-04-21,V000810,日本橋製薬,製薬,スタンダード,MX-300,緊急修理,117,71520,16734,88254,達成,未解決,あり,E007,123.9,不可,高,4.0,現地
2025-04-22,V000811,東北ロジスティクス,物流,スタンダード,PX-50,ソフトウェア更新,80,0,14294,14294,達成,未解決,なし,E009,118.3,不可,中,5.0,Web
2025-04-23,V000812,暮らしの匠,小売,スタンダード,PX-80,部品交換,89,60944,11708,72652,達成,解決,なし,E001,102.3,不可,中,4.7,アプリ
2025-04-23,V000813,東洋精機,製造業,スタンダード,MX-300,ソフトウェア更新,57,0,9129,9129,達成,解決,なし,E013,54.5,可,低,3.7,メール
2025-04-24,V000814,東都フィナンシャル証券,金融,ベーシック,PX-50,予防保全,100,64872,17590,82462,達成,未解決,あり,E002,107.5,不可,高,4.4,アプリ
2025-04-24,V000815,東北ロジスティクス,物流,スポット,RX-500,緊急修理,137,46917,17717,64634,達成,解決,なし,E004,67.8,不可,高,4.2,アプリ
2025-04-25,V000816,大和精機製作所,製造業,ベーシック,AX-1000,再訪問対応,146,28213,21801,50014,達成,解決,なし,E018,80.0,不可,低,4.3,メール
2025-04-25,V000817,東都フィナンシャル証券,金融,ベーシック,MX-100,緊急修理,163,43151,28851,72002,達成,解決,なし,E024,66.3,不可,中,3.2,Web
2025-04-26,V000818,東京湾岸エナジー,電力,スタンダード,RX-500,部品交換,113,5032,13539,18571,達成,解決,なし,E016,116.3,不可,低,3.6,電話
2025-04-26,V000819,花鳥風月,観光,プレミアム,AX-1000,定期点検,103,0,15214,15214,達成,未解決,なし,E003,52.3,不可,低,3.7,電話
2025-04-26,V000820,東都フィナンシャル証券,金融,スポット,MX-200,予防保全,119,63400,18171,81571,達成,解決,なし,E025,178.7,不可,中,3.5,アプリ
2025-04-26,V000821,花鳥風月,観光,スタンダード,MX-300,再訪問対応,98,58675,16881,75556,達成,解決,なし,E020,73.5,不可,低,3.7,アプリ
2025-04-26,V000822,東洋精機,製造業,スタンダード,AX-2000,緊急修理,134,61998,20870,82868,達成,解決,なし,E012,37.7,不可,中,3.6,現地
2025-04-28,V000823,大和精機製作所,製造業,ベーシック,PX-50,部品交換,73,18688,10789,29477,達成,解決,なし,E011,171.9,不可,低,3.4,Web
2025-04-29,V000824,日本橋製薬,製薬,スタンダード,MX-300,ソフトウェア更新,82,0,9176,9176,未達,解決,なし,E013,158.2,不可,低,2.8,電話
2025-04-29,V000825,株式会社ネクストブリッジ,IT,ベーシック,PX-50,ソフトウェア更新,68,0,10289,10289,達成,解決,なし,E019,24.2,不可,中,4.8,現地
2025-04-29,V000826,大和精機製作所,製造業,ベーシック,MX-200,ソフトウェア更新,75,0,9354,9354,達成,解決,なし,E017,18.2,可,低,4.0,電話
2025-04-29,V000827,暮らしの匠,小売,プレミアム,AX-2000,ソフトウェア更新,86,0,12073,12073,達成,未解決,あり,E003,152.9,可,高,3.7,アプリ
2025-04-29,V000828,みどり市役所,公共,プレミアム,PX-80,再訪問対応,145,76000,16044,92044,達成,解決,なし,E016,94.3,不可,低,4.3,電話
2025-04-29,V000829,東洋精機,製造業,ベーシック,PX-80,部品交換,136,21841,22023,43864,達成,未解決,あり,E004,146.2,不可,低,4.5,Web
2025-05-01,V000830,東洋精機,製造業,スタンダード,AX-2000,再訪問対応,137,5735,23593,29328,達成,未解決,なし,E014,8.1,不可,高,4.0,電話
2025-05-01,V000831,東都フィナンシャル証券,金融,ベーシック,MX-300,緊急修理,156,10693,18387,29080,達成,解決,なし,E018,86.7,不可,高,4.5,アプリ
2025-05-01,V000832,大和精機製作所,製造業,ベーシック,MX-100,部品交換,103,14635,14774,29409,達成,未解決,あり,E007,135.3,不可,高,4.6,Web
2025-05-02,V000833,東京湾岸エナジー,電力,プレミアム,MX-300,緊急修理,143,15792,18230,34022,達成,解決,なし,E010,46.6,不可,中,3.6,メール
2025-05-03,V000834,東北ロジスティクス,物流,スタンダード,PX-80,緊急修理,187,6485,30360,36845,達成,解決,なし,E007,144.4,不可,中,4.6,Web
2025-05-03,V000835,東洋精機,製造業,ベーシック,PX-50,緊急修理,76,26608,11704,38312,達成,解決,なし,E015,147.4,不可,中,4.1,Web
2025-05-04,V000836,株式会社ネクストブリッジ,IT,スタンダード,RX-500,定期点検,69,0,12403,12403,達成,解決,なし,E016,35.2,不可,低,4.0,現地
2025-05-05,V000837,株式会社ネクストブリッジ,IT,プレミアム,AX-1000,予防保全,94,73213,11170,84383,達成,解決,なし,E004,42.4,不可,低,4.1,電話
2025-05-07,V000838,東都フィナンシャル証券,金融,スタンダード,AX-1000,部品交換,192,68155,23574,91729,達成,解決,なし,E017,148.0,不可,高,3.5,Web
2025-05-09,V000839,大和精機製作所,製造業,ベーシック,MX-100,緊急修理,132,71541,19371,90912,達成,解決,なし,E008,144.4,不可,低,3.8,現地
2025-05-10,V000840,東京湾岸エナジー,電力,プレミアム,MX-300,再訪問対応,159,21929,23509,45438,達成,解決,なし,E007,172.0,不可,低,3.3,メール
2025-05-10,V000841,東洋精機,製造業,スポット,AX-2000,部品交換,89,44194,10638,54832,達成,解決,なし,E009,169.0,不可,低,4.3,現地
2025-05-10,V000842,東北ロジスティクス,物流,スタンダード,MX-200,定期点検,76,0,13531,13531,達成,解決,なし,E013,175.8,不可,高,4.0,Web
2025-05-11,V000843,日本橋製薬,製薬,スタンダード,PX-50,緊急修理,179,54617,21237,75854,達成,解決,なし,E005,133.7,不可,高,3.9,Web
2025-05-11,V000844,株式会社ネクストブリッジ,IT,ベーシック,AX-1000,定期点検,51,0,7746,7746,達成,解決,なし,E004,43.3,不可,低,3.9,現地
2025-05-12,V000845,東北ロジスティクス,物流,スタンダード,MX-200,再訪問対応,161,35482,18981,54463,達成,解決,なし,E023,85.0,不可,中,4.0,アプリ
2025-05-12,V000846,花鳥風月,観光,スタンダード,MX-200,定期点検,72,0,12301,12301,未達,解決,なし,E014,120.4,不可,中,2.9,アプリ
2025-05-12,V000847,東洋精機,製造業,プレミアム,PX-80,再訪問対応,107,34931,19133,54064,達成,未解決,なし,E016,16.8,不可,低,4.7,Web
2025-05-12,V000848,日本橋製薬,製薬,スタンダード,AX-2000,再訪問対応,85,76136,11586,87722,達成,未解決,なし,E013,94.4,不可,高,4.1,電話
2025-05-13,V000849,日本橋製薬,製薬,スタンダード,MX-200,予防保全,65,57290,10859,68149,達成,未解決,あり,E021,129.9,不可,低,3.6,アプリ
2025-05-14,V000850,みどり市役所,公共,スタンダード,MX-100,ソフトウェア更新,63,0,7043,7043,達成,解決,なし,E004,102.9,可,高,3.3,メール
2025-05-14,V000851,暮らしの匠,小売,ベーシック,RX-500,部品交換,143,8265,18978,27243,達成,未解決,あり,E025,126.4,不可,中,3.9,Web
2025-05-14,V000852,東京湾岸エナジー,電力,ベーシック,AX-1000,再訪問対応,155,13648,20671,34319,達成,解決,なし,E008,111.7,不可,中,3.1,メール
2025-05-15,V000853,花鳥風月,観光,プレミアム,MX-200,再訪問対応,95,28496,12210,40706,達成,解決,なし,E015,127.9,不可,低,3.4,メール
2025-05-15,V000854,花鳥風月,観光,スポット,AX-1000,定期点検,119,0,17758,17758,達成,解決,なし,E013,136.7,不可,中,3.6,現地
2025-05-15,V000855,東北ロジスティクス,物流,プレミアム,MX-200,再訪問対応,125,71838,16845,88683,達成,未解決,あり,E024,25.7,不可,低,4.8,メール
2025-05-16,V000856,日本橋製薬,製薬,スポット,AX-1000,緊急修理,96,37885,10737,48622,達成,解決,なし,E008,42.0,不可,中,3.8,Web
2025-05-16,V000857,みどり市役所,公共,スタンダード,PX-50,緊急修理,201,59534,27942,87476,達成,解決,なし,E014,100.1,不可,中,4.1,Web
2025-05-17,V000858,みどり市役所,公共,スタンダード,AX-2000,再訪問対応,141,49777,24393,74170,達成,未解決,あり,E012,168.8,不可,低,3.5,電話
2025-05-17,V000859,暮らしの匠,小売,プレミアム,PX-50,予防保全,163,64355,24038,88393,達成,解決,なし,E008,20.7,不可,中,3.3,メール
2025-05-18,V000860,東北ロジスティクス,物流,ベーシック,PX-50,ソフトウェア更新,41,0,4695,4695,達成,未解決,あり,E021,179.3,可,低,4.3,電話
2025-05-18,V000861,みどり市役所,公共,スタンダード,MX-300,定期点検,84,0,14810,14810,達成,解決,なし,E016,131.5,不可,中,3.4,アプリ
2025-05-20,V000862,東北ロジスティクス,物流,スポット,AX-2000,緊急修理,139,32482,20834,53316,達成,解決,なし,E005,157.9,不可,高,3.6,現地
2025-05-20,V000863,暮らしの匠,小売,スタンダード,MX-100,予防保全,101,10339,14855,25194,達成,未解決,あり,E008,132.0,不可,中,3.8,現地
2025-05-21,V000864,花鳥風月,観光,スポット,MX-300,定期点検,97,0,17094,17094,達成,解決,なし,E013,104.2,不可,高,4.1,アプリ
2025-05-21,V000865,株式会社ミライテック,IT,スタンダード,AX-1000,緊急修理,129,67494,15009,82503,達成,解決,なし,E012,48.4,不可,低,3.0,電話
2025-05-22,V000866,株式会社ミライテック,IT,ベーシック,PX-80,定期点検,58,0,6767,6767,未達,解決,なし,E001,2.3,不可,高,2.9,電話
2025-05-22,V000867,東和建設,建設,スタンダード,AX-1000,定期点検,79,0,9897,9897,未達,解決,なし,E005,63.5,不可,高,3.0,現地
2025-05-25,V000868,株式会社ミライテック,IT,プレミアム,RX-500,再訪問対応,70,60340,7848,68188,達成,解決,なし,E004,8.9,不可,中,4.0,メール
2025-05-25,V000869,暮らしの匠,小売,プレミアム,MX-300,予防保全,31,46223,5445,51668,達成,未解決,あり,E013,167.3,不可,中,3.0,アプリ
2025-05-26,V000870,暮らしの匠,小売,ベーシック,MX-200,部品交換,153,54990,17275,72265,達成,解決,なし,E016,12.4,不可,高,3.9,現地
2025-05-27,V000871,大和精機製作所,製造業,スタンダード,AX-1000,予防保全,58,28336,7527,35863,達成,解決,なし,E010,26.1,不可,中,3.9,アプリ
2025-05-27,V000872,株式会社ミライテック,IT,スタンダード,RX-500,定期点検,67,0,9703,9703,達成,解決,なし,E022,142.0,不可,低,4.0,電話
2025-05-29,V000873,東都フィナンシャル証券,金融,プレミアム,MX-200,部品交換,103,43111,16660,59771,達成,解決,なし,E010,97.1,不可,低,3.9,アプリ
2025-05-29,V000874,東京湾岸エナジー,電力,スポット,MX-100,再訪問対応,143,7861,24845,32706,未達,未解決,あり,E008,19.6,不可,高,3.6,メール
2025-05-31,V000875,東洋精機,製造業,スタンダード,PX-50,予防保全,114,17247,19916,37163,達成,解決,なし,E011,2.8,不可,低,3.8,Web
2025-06-01,V000876,暮らしの匠,小売,ベーシック,AX-1000,ソフトウェア更新,60,0,10304,10304,達成,解決,なし,E021,77.3,可,高,4.7,メール
2025-06-01,V000877,東京湾岸エナジー,電力,ベーシック,PX-80,ソフトウェア更新,49,0,8480,8480,達成,解決,なし,E021,147.4,可,中,4.2,アプリ
2025-06-02,V000878,東洋精機,製造業,ベーシック,MX-300,再訪問対応,144,66033,16510,82543,達成,解決,なし,E024,97.6,不可,低,4.2,メール
2025-06-02,V000879,暮らしの匠,小売,ベーシック,AX-2000,部品交換,106,17650,14590,32240,達成,解決,なし,E003,159.6,不可,低,3.9,現地
2025-06-03,V000880,みどり市役所,公共,スタンダード,MX-100,ソフトウェア更新,74,0,8573,8573,達成,解決,なし,E012,125.5,可,低,4.1,アプリ
2025-06-03,V000881,東北ロジスティクス,物流,スタンダード,MX-100,再訪問対応,136,76553,15095,91648,未達,未解決,あり,E009,29.2,不可,高,3.6,Web
2025-06-03,V000882,株式会社ミライテック,IT,スタンダード,MX-100,ソフトウェア更新,63,0,8411,8411,達成,未解決,あり,E008,130.4,可,低,4.7,現地
2025-06-03,V000883,東都フィナンシャル証券,金融,スタンダード,MX-300,予防保全,89,72028,9898,81926,未達,解決,なし,E011,130.2,不可,中,2.7,メール
2025-06-04,V000884,東洋精機,製造業,スポット,PX-50,定期点検,105,0,12429,12429,達成,解決,なし,E019,42.0,不可,中,3.2,現地
2025-06-04,V000885,東洋精機,製造業,ベーシック,RX-500,予防保全,79,33151,12466,45617,達成,解決,なし,E021,111.0,不可,低,3.6,アプリ
2025-06-05,V000886,株式会社ネクストブリッジ,IT,ベーシック,RX-500,予防保全,90,52915,16194,69109,未達,解決,なし,E001,159.0,不可,低,4.0,アプリ
2025-06-05,V000887,花鳥風月,観光,プレミアム,RX-500,ソフトウェア更新,62,0,10466,10466,達成,解決,なし,E014,64.8,不可,低,4.5,アプリ
2025-06-05,V000888,東北ロジスティクス,物流,スタンダード,AX-2000,ソフトウェア更新,40,0,4976,4976,達成,解決,なし,E024,40.6,可,低,4.5,現地
2025-06-07,V000889,株式会社ミライテック,IT,スタンダード,AX-2000,部品交換,129,61286,16901,78187,達成,解決,なし,E020,150.3,不可,中,4.2,アプリ
2025-06-07,V000890,東洋精機,製造業,スタンダード,MX-300,再訪問対応,144,29060,19730,48790,達成,解決,なし,E024,120.7,不可,低,4.5,現地
2025-06-10,V000891,花鳥風月,観光,ベーシック,PX-50,緊急修理,163,65790,21538,87328,達成,解決,なし,E024,168.1,不可,中,3.8,電話
2025-06-10,V000892,東北ロジスティクス,物流,ベーシック,MX-200,定期点検,101,0,17485,17485,達成,未解決,あり,E007,38.1,不可,低,3.7,メール
2025-06-11,V000893,みどり市役所,公共,スタンダード,AX-1000,予防保全,91,41746,10656,52402,未達,解決,なし,E005,102.0,不可,高,3.5,Web
2025-06-13,V000894,株式会社ミライテック,IT,スタンダード,AX-2000,緊急修理,140,34688,24966,59654,達成,解決,なし,E015,120.2,不可,低,3.6,電話
2025-06-13,V000895,花鳥風月,観光,プレミアム,AX-2000,ソフトウェア更新,82,0,13715,13715,達成,解決,なし,E001,167.7,可,低,4.1,アプリ
2025-06-14,V000896,暮らしの匠,小売,スタンダード,AX-1000,定期点検,102,0,14030,14030,未達,解決,なし,E022,28.6,不可,高,3.5,Web
2025-06-14,V000897,暮らしの匠,小売,スタンダード,MX-200,部品交換,144,24159,19521,43680,達成,未解決,あり,E017,47.0,不可,中,3.7,電話
2025-06-15,V000898,株式会社ネクストブリッジ,IT,スポット,MX-100,再訪問対応,97,7302,12522,19824,達成,解決,なし,E022,179.1,不可,中,4.2,電話
2025-06-16,V000899,東和建設,建設,プレミアム,MX-100,再訪問対応,141,52907,15865,68772,達成,解決,なし,E011,121.6,不可,中,4.5,メール
2025-06-17,V000900,花鳥風月,観光,ベーシック,AX-2000,ソフトウェア更新,53,0,6545,6545,達成,解決,なし,E022,52.1,可,低,4.3,電話
2025-06-18,V000901,花鳥風月,観光,スポット,MX-200,定期点検,109,0,13165,13165,未達,未解決,あり,E003,144.7,不可,中,3.4,電話
2025-06-19,V000902,東北ロジスティクス,物流,ベーシック,AX-1000,予防保全,164,45371,27064,72435,達成,解決,なし,E023,20.8,不可,低,3.7,Web
2025-06-19,V000903,東京湾岸エナジー,電力,ベーシック,MX-200,緊急修理,157,8553,25149,33702,達成,未解決,あり,E007,70.9,不可,中,3.6,アプリ
2025-06-21,V000904,花鳥風月,観光,ベーシック,RX-500,予防保全,96,10030,13533,23563,達成,解決,なし,E007,92.4,不可,低,3.3,メール
2025-06-22,V000905,大和精機製作所,製造業,スタンダード,PX-50,再訪問対応,161,31847,19540,51387,達成,未解決,あり,E020,115.1,不可,中,3.3,アプリ
2025-06-24,V000906,東都フィナンシャル証券,金融,スタンダード,AX-2000,部品交換,77,34986,9987,44973,達成,解決,なし,E016,30.7,不可,低,3.9,メール
2025-06-25,V000907,みどり市役所,公共,プレミアム,AX-2000,定期点検,123,0,16271,16271,達成,未解決,あり,E023,139.3,不可,高,3.9,現地
2025-06-25,V000908,東北ロジスティクス,物流,プレミアム,PX-80,再訪問対応,128,67496,16770,84266,達成,解決,なし,E024,89.1,不可,中,3.4,Web
2025-06-27,V000909,東京湾岸エナジー,電力,プレミアム,AX-1000,ソフトウェア更新,85,0,15135,15135,達成,解決,なし,E005,84.5,不可,低,3.6,アプリ
2025-06-27,V000910,株式会社ネクストブリッジ,IT,プレミアム,MX-300,部品交換,98,24646,11816,36462,達成,未解決,あり,E001,170.4,不可,低,4.4,アプリ
2025-06-27,V000911,株式会社ネクストブリッジ,IT,スタンダード,PX-50,定期点検,111,0,14367,14367,達成,解決,なし,E016,35.8,不可,中,3.1,アプリ
2025-06-27,V000912,株式会社ネクストブリッジ,IT,ベーシック,RX-500,再訪問対応,113,39921,13549,53470,達成,未解決,あり,E007,94.3,不可,低,4.5,アプリ
2025-06-27,V000913,株式会社ネクストブリッジ,IT,スポット,MX-300,部品交換,131,38948,17537,56485,達成,未解決,あり,E005,68.5,不可,中,4.2,メール
2025-06-29,V000914,東都フィナンシャル証券,金融,スタンダード,MX-100,ソフトウェア更新,81,0,14070,14070,達成,解決,なし,E016,162.7,可,高,3.7,メール
2025-06-29,V000915,東都フィナンシャル証券,金融,スタンダード,AX-1000,再訪問対応,109,32005,17392,49397,達成,解決,なし,E008,110.5,不可,中,4.6,アプリ
2025-06-30,V000916,東都フィナンシャル証券,金融,ベーシック,AX-1000,予防保全,113,71367,16313,87680,未達,解決,なし,E024,109.3,不可,高,3.6,メール
2025-06-30,V000917,東洋精機,製造業,スタンダード,PX-50,部品交換,125,31272,19289,50561,達成,解決,なし,E016,60.2,不可,中,3.4,現地
2025-06-30,V000918,大和精機製作所,製造業,スタンダード,AX-1000,ソフトウェア更新,32,0,4966,4966,未達,解決,なし,E024,172.5,可,低,3.0,電話
2025-06-30,V000919,東北ロジスティクス,物流,プレミアム,PX-80,緊急修理,152,36208,18893,55101,達成,解決,なし,E021,54.7,不可,低,3.9,アプリ
2025-07-02,V000920,東洋精機,製造業,スタンダード,MX-300,ソフトウェア更新,38,0,4466,4466,達成,解決,なし,E015,50.7,可,中,3.5,メール
2025-07-03,V000921,大和精機製作所,製造業,プレミアム,MX-100,定期点検,77,0,12953,12953,達成,解決,なし,E014,68.8,不可,低,4.0,メール
2025-07-03,V000922,株式会社ミライテック,IT,スタンダード,MX-100,再訪問対応,68,9321,10920,20241,達成,解決,なし,E003,129.0,不可,低,3.6,Web
2025-07-03,V000923,大和精機製作所,製造業,スタンダード,PX-50,定期点検,57,0,8234,8234,達成,未解決,あり,E021,99.0,不可,中,4.4,アプリ
2025-07-03,V000924,東北ロジスティクス,物流,スタンダード,MX-200,緊急修理,174,33360,19828,53188,達成,解決,なし,E021,123.7,不可,低,3.8,Web
2025-07-04,V000925,株式会社ネクストブリッジ,IT,プレミアム,PX-50,緊急修理,134,53879,14920,68799,未達,解決,なし,E022,138.3,不可,低,3.6,アプリ
2025-07-05,V000926,東都フィナンシャル証券,金融,プレミアム,MX-100,緊急修理,141,50249,20535,70784,達成,解決,なし,E005,149.6,不可,低,4.2,現地
2025-07-05,V000927,東洋精機,製造業,ベーシック,PX-80,部品交換,130,35590,17343,52933,達成,解決,なし,E004,60.2,不可,低,4.3,メール
2025-07-05,V000928,株式会社ネクストブリッジ,IT,スタンダード,AX-2000,緊急修理,170,28946,21081,50027,達成,解決,なし,E023,103.5,不可,中,3.2,Web
2025-07-05,V000929,みどり市役所,公共,ベーシック,AX-1000,ソフトウェア更新,31,0,3957,3957,達成,解決,なし,E006,93.0,可,低,3.6,メール
2025-07-05,V000930,東京湾岸エナジー,電力,スポット,AX-2000,再訪問対応,149,75509,22614,98123,達成,未解決,なし,E008,143.5,不可,中,4.5,電話
2025-07-06,V000931,日本橋製薬,製薬,ベーシック,MX-100,予防保全,99,60334,13533,73867,達成,解決,なし,E002,103.1,不可,低,4.0,メール
2025-07-06,V000932,東京湾岸エナジー,電力,プレミアム,AX-2000,再訪問対応,123,6586,21266,27852,達成,解決,なし,E007,55.8,不可,低,4.1,電話
2025-07-06,V000933,暮らしの匠,小売,ベーシック,MX-100,ソフトウェア更新,57,0,9806,9806,達成,解決,なし,E019,125.7,可,低,3.5,アプリ
2025-07-06,V000934,東洋精機,製造業,ベーシック,PX-50,定期点検,113,0,16113,16113,達成,解決,なし,E002,33.2,不可,低,4.1,電話
2025-07-06,V000935,暮らしの匠,小売,ベーシック,PX-80,再訪問対応,120,32778,18993,51771,達成,未解決,あり,E002,146.2,不可,高,5.0,現地
2025-07-07,V000936,みどり市役所,公共,スタンダード,RX-500,緊急修理,146,50142,20722,70864,達成,解決,なし,E022,86.1,不可,低,4.2,メール
2025-07-07,V000937,東北ロジスティクス,物流,スタンダード,AX-1000,再訪問対応,102,47539,16698,64237,達成,解決,なし,E016,28.3,不可,中,3.8,現地
2025-07-08,V000938,株式会社ミライテック,IT,スポット,MX-200,予防保全,132,61083,21484,82567,達成,解決,なし,E002,155.4,不可,低,3.7,メール
2025-07-09,V000939,東都フィナンシャル証券,金融,ベーシック,MX-300,予防保全,98,77195,11737,88932,達成,解決,なし,E023,147.3,不可,低,3.0,アプリ
2025-07-09,V000940,東洋精機,製造業,スタンダード,MX-200,予防保全,82,74148,12835,86983,達成,解決,なし,E023,31.3,不可,低,3.8,メール
2025-07-09,V000941,株式会社ネクストブリッジ,IT,スタンダード,AX-1000,予防保全,107,48023,17386,65409,未達,解決,なし,E008,124.4,不可,高,2.9,アプリ
2025-07-10,V000942,大和精機製作所,製造業,ベーシック,PX-50,再訪問対応,144,11464,22844,34308,達成,未解決,あり,E010,56.6,不可,中,4.2,Web
2025-07-10,V000943,東都フィナンシャル証券,金融,プレミアム,PX-50,定期点検,101,0,15921,15921,達成,解決,なし,E004,13.9,不可,低,4.9,アプリ
2025-07-11,V000944,暮らしの匠,小売,ベーシック,MX-100,再訪問対応,110,79291,19180,98471,達成,解決,なし,E022,115.1,不可,中,4.3,アプリ
2025-07-12,V000945,暮らしの匠,小売,スタンダード,AX-1000,定期点検,101,0,16552,16552,達成,解決,なし,E012,77.2,不可,中,3.2,アプリ
2025-07-12,V000946,暮らしの匠,小売,スタンダード,RX-500,定期点検,121,0,19371,19371,達成,解決,なし,E024,166.2,不可,低,4.4,メール
2025-07-12,V000947,東京湾岸エナジー,電力,スポット,MX-100,部品交換,126,3349,19891,23240,達成,未解決,なし,E001,107.6,不可,中,4.5,現地
2025-07-13,V000948,株式会社ネクストブリッジ,IT,スタンダード,RX-500,部品交換,158,8385,20180,28565,達成,解決,なし,E006,22.9,不可,中,3.7,アプリ
2025-07-15,V000949,東和建設,建設,プレミアム,PX-80,予防保全,126,28099,18112,46211,達成,解決,なし,E024,46.3,不可,低,4.8,Web
2025-07-15,V000950,花鳥風月,観光,プレミアム,MX-300,緊急修理,165,60283,27487,87770,達成,解決,なし,E006,170.8,不可,低,3.7,Web
2025-07-16,V000951,大和精機製作所,製造業,スポット,MX-100,ソフトウェア更新,51,0,6924,6924,達成,未解決,あり,E014,98.7,可,低,3.0,現地
2025-07-16,V000952,東北ロジスティクス,物流,プレミアム,MX-200,部品交換,84,33880,14570,48450,達成,解決,なし,E006,157.8,不可,低,4.1,電話
2025-07-17,V000953,東都フィナンシャル証券,金融,ベーシック,RX-500,再訪問対応,129,26315,19446,45761,未達,解決,なし,E007,22.6,不可,低,3.4,Web
2025-07-17,V000954,東和建設,建設,ベーシック,AX-2000,定期点検,117,0,15047,15047,達成,解決,なし,E005,96.4,不可,低,4.0,メール
2025-07-17,V000955,暮らしの匠,小売,ベーシック,PX-50,緊急修理,155,74487,23922,98409,達成,解決,なし,E005,98.4,不可,中,4.3,Web
2025-07-18,V000956,みどり市役所,公共,プレミアム,MX-200,ソフトウェア更新,60,0,10127,10127,達成,未解決,あり,E002,66.4,可,低,4.8,アプリ
2025-07-18,V000957,東洋精機,製造業,スタンダード,AX-2000,定期点検,72,0,12135,12135,達成,解決,なし,E016,42.0,不可,高,4.4,現地
2025-07-18,V000958,暮らしの匠,小売,スタンダード,AX-2000,再訪問対応,132,67160,21663,88823,達成,解決,なし,E003,79.0,不可,低,4.6,現地
2025-07-19,V000959,大和精機製作所,製造業,ベーシック,MX-300,再訪問対応,120,46758,15749,62507,達成,解決,なし,E010,97.3,不可,低,4.7,アプリ
2025-07-19,V000960,東都フィナンシャル証券,金融,スタンダード,MX-300,ソフトウェア更新,78,0,11945,11945,達成,解決,なし,E010,13.2,可,高,3.9,現地
2025-07-19,V000961,東都フィナンシャル証券,金融,スタンダード,AX-1000,緊急修理,125,69852,19665,89517,達成,解決,なし,E022,51.6,不可,中,4.9,Web
2025-07-19,V000962,花鳥風月,観光,ベーシック,MX-300,再訪問対応,102,62645,15373,78018,達成,未解決,あり,E010,32.9,不可,中,3.9,Web
2025-07-19,V000963,東京湾岸エナジー,電力,ベーシック,AX-1000,緊急修理,103,76473,14639,91112,未達,未解決,あり,E003,62.8,不可,低,3.7,メール
2025-07-20,V000964,大和精機製作所,製造業,スタンダード,AX-2000,定期点検,37,0,5496,5496,達成,未解決,あり,E014,148.2,不可,中,4.0,Web
2025-07-20,V000965,東和建設,建設,スポット,RX-500,予防保全,94,18110,12717,30827,達成,解決,なし,E003,144.6,不可,低,4.3,メール
2025-07-20,V000966,大和精機製作所,製造業,スタンダード,MX-300,定期点検,103,0,15414,15414,未達,解決,なし,E020,3.8,不可,低,4.2,メール
2025-07-20,V000967,東和建設,建設,スタンダード,PX-50,予防保全,88,5008,13090,18098,達成,未解決,なし,E013,58.4,不可,低,4.3,Web
2025-07-21,V000968,東都フィナンシャル証券,金融,プレミアム,MX-300,定期点検,130,0,15433,15433,達成,解決,なし,E008,45.8,不可,低,3.9,アプリ
2025-07-21,V000969,日本橋製薬,製薬,ベーシック,PX-50,部品交換,105,52685,14829,67514,達成,解決,なし,E014,43.3,不可,中,4.6,アプリ
2025-07-21,V000970,株式会社ネクストブリッジ,IT,ベーシック,AX-2000,予防保全,101,66424,14197,80621,達成,解決,なし,E001,157.8,不可,低,3.7,アプリ
2025-07-22,V000971,東都フィナンシャル証券,金融,スタンダード,RX-500,予防保全,142,51501,17293,68794,達成,解決,なし,E012,73.9,不可,低,4.4,アプリ
2025-07-23,V000972,東和建設,建設,ベーシック,PX-50,ソフトウェア更新,94,0,11945,11945,達成,解決,なし,E013,126.2,可,中,4.2,現地
2025-07-23,V000973,株式会社ミライテック,IT,スタンダード,RX-500,ソフトウェア更新,59,0,8004,8004,達成,未解決,あり,E019,179.5,可,低,4.4,現地
2025-07-24,V000974,日本橋製薬,製薬,ベーシック,MX-100,ソフトウェア更新,65,0,10313,10313,達成,未解決,あり,E015,10.9,可,高,3.9,Web
2025-07-24,V000975,東和建設,建設,ベーシック,PX-80,緊急修理,122,14094,18722,32816,達成,解決,なし,E024,103.9,不可,中,4.0,Web
2025-07-25,V000976,東和建設,建設,スタンダード,AX-2000,緊急修理,146,15305,18809,34114,達成,未解決,あり,E025,141.4,不可,中,3.8,アプリ
2025-07-26,V000977,東都フィナンシャル証券,金融,スタンダード,MX-300,緊急修理,157,24517,25692,50209,達成,解決,なし,E017,93.4,不可,低,3.6,電話
2025-07-27,V000978,株式会社ミライテック,IT,プレミアム,RX-500,緊急修理,122,38605,17368,55973,達成,解決,なし,E023,83.0,不可,中,3.7,Web
2025-07-28,V000979,大和精機製作所,製造業,ベーシック,MX-100,定期点検,83,0,11976,11976,未達,解決,なし,E024,136.3,不可,中,3.8,アプリ
2025-07-28,V000980,みどり市役所,公共,スタンダード,AX-1000,予防保全,99,23875,14376,38251,達成,未解決,あり,E007,91.0,不可,中,5.0,電話
2025-07-28,V000981,日本橋製薬,製薬,スタンダード,PX-80,定期点検,74,0,9769,9769,達成,解決,なし,E014,37.4,不可,低,4.3,Web
2025-07-30,V000982,株式会社ネクストブリッジ,IT,スタンダード,MX-300,再訪問対応,173,59544,22092,81636,達成,解決,なし,E012,73.1,不可,中,4.8,Web
2025-07-30,V000983,株式会社ネクストブリッジ,IT,スタンダード,MX-100,緊急修理,146,62960,25353,88313,未達,未解決,なし,E003,159.9,不可,高,3.4,現地
2025-07-31,V000984,東和建設,建設,ベーシック,RX-500,定期点検,81,0,14137,14137,未達,未解決,あり,E005,31.5,不可,高,3.5,現地
2025-07-31,V000985,東和建設,建設,プレミアム,PX-50,再訪問対応,82,62331,11011,73342,達成,解決,なし,E017,60.1,不可,低,4.5,現地
2025-08-01,V000986,大和精機製作所,製造業,スタンダード,RX-500,ソフトウェア更新,64,0,9577,9577,達成,解決,なし,E013,14.0,不可,高,3.2,メール
2025-08-02,V000987,日本橋製薬,製薬,スタンダード,PX-80,緊急修理,122,7490,13795,21285,達成,未解決,あり,E014,4.2,不可,低,4.3,現地
2025-08-02,V000988,東京湾岸エナジー,電力,ベーシック,MX-300,ソフトウェア更新,60,0,6878,6878,達成,解決,なし,E003,154.9,可,低,4.0,Web
2025-08-03,V000989,株式会社ネクストブリッジ,IT,スポット,RX-500,定期点検,115,0,20534,20534,達成,解決,なし,E009,153.4,不可,高,3.6,現地
2025-08-03,V000990,東都フィナンシャル証券,金融,ベーシック,AX-1000,再訪問対応,99,79303,14493,93796,達成,解決,なし,E008,51.7,不可,中,3.2,Web
2025-08-05,V000991,花鳥風月,観光,スタンダード,PX-80,部品交換,211,8722,37272,45994,未達,解決,なし,E004,55.5,不可,高,2.9,Web
2025-08-05,V000992,東都フィナンシャル証券,金融,ベーシック,PX-50,緊急修理,188,49578,26110,75688,達成,解決,なし,E010,73.2,不可,中,4.4,電話
2025-08-05,V000993,東京湾岸エナジー,電力,ベーシック,MX-200,部品交換,93,56293,13310,69603,未達,解決,なし,E004,7.4,不可,高,3.5,メール
2025-08-06,V000994,東京湾岸エナジー,電力,ベーシック,RX-500,ソフトウェア更新,67,0,10233,10233,達成,解決,なし,E013,31.4,可,低,3.7,電話
2025-08-06,V000995,大和精機製作所,製造業,プレミアム,MX-100,緊急修理,233,21908,41806,63714,達成,解決,なし,E005,2.4,不可,低,4.7,メール
2025-08-07,V000996,暮らしの匠,小売,スタンダード,AX-1000,再訪問対応,152,7104,27320,34424,達成,解決,なし,E001,16.7,不可,低,3.7,Web
2025-08-08,V000997,花鳥風月,観光,ベーシック,RX-500,定期点検,94,0,14371,14371,達成,解決,なし,E009,26.7,不可,低,3.8,Web
2025-08-10,V000998,日本橋製薬,製薬,ベーシック,MX-200,ソフトウェア更新,73,0,11580,11580,達成,未解決,あり,E010,146.2,可,中,3.4,アプリ
2025-08-12,V000999,株式会社ネクストブリッジ,IT,スポット,PX-80,再訪問対応,141,12414,16089,28503,達成,解決,なし,E015,157.8,不可,低,4.2,Web
2025-08-12,V001000,大和精機製作所,製造業,プレミアム,AX-1000,再訪問対応,96,74367,15461,89828,達成,解決,なし,E016,55.9,不可,中,4.1,電話
2025-08-12,V001001,株式会社ミライテック,IT,スタンダード,AX-1000,定期点検,58,0,8261,8261,達成,未解決,なし,E011,174.0,不可,中,4.6,アプリ
2025-08-12,V001002,大和精機製作所,製造業,スタンダード,AX-2000,再訪問対応,128,23519,22630,46149,達成,未解決,あり,E011,76.0,不可,低,3.9,Web
2025-08-13,V001003,東洋精機,製造業,プレミアム,RX-500,部品交換,75,49281,11984,61265,達成,解決,なし,E001,144.4,不可,低,4.4,電話
2025-08-13,V001004,株式会社ネクストブリッジ,IT,ベーシック,PX-50,緊急修理,148,53208,25496,78704,達成,未解決,なし,E020,178.9,不可,中,3.6,Web
2025-08-13,V001005,株式会社ネクストブリッジ,IT,スポット,MX-100,ソフトウェア更新,47,0,6671,6671,未達,解決,なし,E003,52.6,可,中,4.8,アプリ
2025-08-13,V001006,花鳥風月,観光,スタンダード,RX-500,予防保全,103,7073,17218,24291,達成,未解決,なし,E013,121.0,不可,中,4.4,メール
2025-08-14,V001007,東洋精機,製造業,スタンダード,PX-50,ソフトウェア更新,65,0,10804,10804,達成,解決,なし,E001,97.3,不可,高,4.1,現地
2025-08-15,V001008,みどり市役所,公共,ベーシック,PX-80,予防保全,72,74398,9369,83767,達成,解決,なし,E013,22.6,不可,低,3.7,現地
2025-08-15,V001009,東北ロジスティクス,物流,プレミアム,PX-50,定期点検,57,0,6352,6352,達成,解決,なし,E009,25.1,不可,中,3.0,Web
2025-08-16,V001010,日本橋製薬,製薬,ベーシック,AX-2000,緊急修理,158,39850,20802,60652,未達,解決,なし,E003,98.5,不可,中,3.4,電話
2025-08-16,V001011,暮らしの匠,小売,ベーシック,MX-100,緊急修理,147,61151,19643,80794,達成,未解決,なし,E018,91.1,不可,中,4.3,アプリ
2025-08-16,V001012,東都フィナンシャル証券,金融,スタンダード,PX-80,定期点検,108,0,16002,16002,達成,解決,なし,E020,46.5,不可,低,4.8,電話
2025-08-17,V001013,暮らしの匠,小売,プレミアム,AX-1000,緊急修理,189,48056,21184,69240,達成,解決,なし,E014,153.9,不可,中,5.0,電話
2025-08-18,V001014,花鳥風月,観光,ベーシック,AX-2000,緊急修理,100,10768,17832,28600,達成,解決,なし,E025,134.5,不可,中,4.1,アプリ
2025-08-19,V001015,東都フィナンシャル証券,金融,スタンダード,AX-1000,再訪問対応,146,4244,26153,30397,達成,未解決,あり,E014,168.2,不可,中,4.6,電話
2025-08-20,V001016,暮らしの匠,小売,ベーシック,MX-200,緊急修理,132,19795,18894,38689,未達,解決,なし,E025,100.5,不可,中,3.1,メール
2025-08-20,V001017,大和精機製作所,製造業,ベーシック,AX-1000,緊急修理,157,41348,24576,65924,達成,未解決,あり,E013,179.7,不可,中,3.9,Web
2025-08-21,V001018,東和建設,建設,ベーシック,MX-200,予防保全,98,5427,17511,22938,達成,解決,なし,E005,60.3,不可,中,3.5,現地
2025-08-21,V001019,日本橋製薬,製薬,ベーシック,AX-1000,定期点検,66,0,8103,8103,達成,解決,なし,E008,39.8,不可,中,4.9,電話
2025-08-21,V001020,東和建設,建設,ベーシック,MX-200,再訪問対応,120,74399,18726,93125,達成,解決,なし,E002,19.9,不可,低,3.6,メール
2025-08-22,V001021,暮らしの匠,小売,スタンダード,AX-1000,部品交換,179,2525,21028,23553,達成,解決,なし,E012,86.9,不可,低,4.7,アプリ
2025-08-24,V001022,東都フィナンシャル証券,金融,スタンダード,PX-50,定期点検,120,0,14072,14072,達成,解決,なし,E024,146.6,不可,低,3.6,Web
2025-08-24,V001023,東京湾岸エナジー,電力,スポット,PX-50,ソフトウェア更新,56,0,9202,9202,達成,解決,なし,E007,35.4,可,低,4.9,現地
2025-08-25,V001024,東北ロジスティクス,物流,プレミアム,PX-80,部品交換,99,18337,15788,34125,達成,未解決,あり,E001,47.4,不可,中,3.8,電話
2025-08-25,V001025,株式会社ミライテック,IT,プレミアム,PX-80,再訪問対応,119,34608,14193,48801,達成,解決,なし,E024,9.2,不可,高,3.8,電話
2025-08-25,V001026,東北ロジスティクス,物流,ベーシック,MX-300,緊急修理,175,16519,29417,45936,達成,解決,なし,E007,4.4,不可,低,4.0,アプリ
2025-08-26,V001027,大和精機製作所,製造業,ベーシック,MX-200,部品交換,95,60118,14859,74977,達成,解決,なし,E013,154.7,不可,低,3.4,メール
2025-08-26,V001028,東京湾岸エナジー,電力,ベーシック,PX-50,ソフトウェア更新,61,0,8689,8689,達成,解決,なし,E015,12.9,不可,低,4.0,現地
2025-08-26,V001029,東和建設,建設,スタンダード,PX-80,緊急修理,155,71414,17758,89172,達成,解決,なし,E008,82.9,不可,低,3.4,アプリ
2025-08-27,V001030,東京湾岸エナジー,電力,ベーシック,RX-500,ソフトウェア更新,52,0,8562,8562,達成,解決,なし,E018,116.8,可,高,4.1,現地
2025-08-27,V001031,日本橋製薬,製薬,プレミアム,PX-80,再訪問対応,182,69696,30205,99901,達成,解決,なし,E019,134.9,不可,低,4.6,電話
2025-08-29,V001032,東京湾岸エナジー,電力,スタンダード,PX-50,再訪問対応,195,67147,34792,101939,未達,未解決,あり,E011,2.6,不可,高,2.7,現地
2025-08-29,V001033,株式会社ネクストブリッジ,IT,スタンダード,RX-500,緊急修理,142,37643,21446,59089,達成,解決,なし,E020,113.9,不可,中,3.5,現地
2025-08-29,V001034,東都フィナンシャル証券,金融,プレミアム,RX-500,予防保全,121,63785,19738,83523,達成,解決,なし,E014,96.8,不可,低,4.1,現地
2025-08-31,V001035,東洋精機,製造業,プレミアム,MX-300,緊急修理,104,11516,12187,23703,達成,解決,なし,E023,178.2,不可,中,4.1,Web
2025-08-31,V001036,東京湾岸エナジー,電力,スタンダード,AX-1000,定期点検,80,0,10370,10370,達成,解決,なし,E007,106.8,不可,低,3.9,電話
2025-09-01,V001037,株式会社ミライテック,IT,スタンダード,MX-200,定期点検,63,0,7124,7124,達成,未解決,あり,E022,124.6,不可,中,3.4,電話
2025-09-01,V001038,暮らしの匠,小売,スタンダード,PX-50,ソフトウェア更新,49,0,7364,7364,未達,解決,なし,E025,2.0,可,高,3.2,アプリ
2025-09-01,V001039,東都フィナンシャル証券,金融,プレミアム,MX-200,再訪問対応,151,32699,24405,57104,達成,解決,なし,E007,132.4,不可,低,4.9,Web
2025-09-02,V001040,大和精機製作所,製造業,スタンダード,RX-500,緊急修理,140,50056,21545,71601,達成,解決,なし,E022,158.7,不可,低,3.2,アプリ
2025-09-02,V001041,大和精機製作所,製造業,プレミアム,MX-300,ソフトウェア更新,69,0,11661,11661,達成,解決,なし,E003,76.8,可,低,4.1,Web
2025-09-02,V001042,株式会社ミライテック,IT,スタンダード,MX-300,部品交換,147,79553,25420,104973,達成,解決,なし,E015,165.3,不可,高,3.6,Web
2025-09-02,V001043,花鳥風月,観光,スタンダード,PX-50,ソフトウェア更新,63,0,8077,8077,達成,解決,なし,E001,40.1,不可,中,3.6,Web
2025-09-02,V001044,株式会社ミライテック,IT,スタンダード,RX-500,定期点検,73,0,9203,9203,達成,解決,なし,E004,126.6,不可,高,3.0,現地
2025-09-03,V001045,株式会社ネクストブリッジ,IT,スポット,MX-300,定期点検,91,0,15793,15793,達成,解決,なし,E003,92.5,不可,中,4.3,Web
2025-09-04,V001046,東都フィナンシャル証券,金融,プレミアム,MX-200,部品交換,124,66291,21020,87311,達成,解決,なし,E008,38.5,不可,中,3.9,電話
2025-09-05,V001047,東都フィナンシャル証券,金融,ベーシック,MX-200,ソフトウェア更新,58,0,7048,7048,達成,解決,なし,E025,51.2,不可,低,3.6,電話
2025-09-05,V001048,花鳥風月,観光,ベーシック,MX-100,再訪問対応,132,78787,15269,94056,達成,解決,なし,E004,124.5,不可,低,3.1,アプリ
2025-09-06,V001049,花鳥風月,観光,スタンダード,AX-1000,定期点検,61,0,10930,10930,達成,解決,なし,E017,57.7,不可,中,3.5,メール
2025-09-08,V001050,花鳥風月,観光,スタンダード,MX-200,予防保全,74,66374,10845,77219,達成,解決,なし,E025,138.7,不可,低,3.7,メール
2025-09-09,V001051,東都フィナンシャル証券,金融,ベーシック,AX-1000,ソフトウェア更新,55,0,6238,6238,達成,解決,なし,E021,119.8,不可,低,4.0,メール
2025-09-10,V001052,大和精機製作所,製造業,ベーシック,PX-80,予防保全,118,37312,17206,54518,達成,解決,なし,E002,178.3,不可,低,4.4,メール
2025-09-10,V001053,東和建設,建設,プレミアム,AX-2000,再訪問対応,122,29252,15472,44724,達成,解決,なし,E015,109.2,不可,中,3.9,現地
2025-09-11,V001054,株式会社ミライテック,IT,スポット,MX-300,緊急修理,168,53337,21453,74790,達成,解決,なし,E017,96.1,不可,高,4.1,電話
2025-09-12,V001055,東和建設,建設,ベーシック,MX-300,予防保全,127,51556,20354,71910,未達,解決,なし,E013,35.4,不可,中,2.9,メール
2025-09-12,V001056,東京湾岸エナジー,電力,ベーシック,MX-300,再訪問対応,83,42304,11498,53802,達成,未解決,なし,E014,30.2,不可,低,3.9,Web
2025-09-12,V001057,株式会社ミライテック,IT,ベーシック,AX-2000,緊急修理,139,53142,18127,71269,達成,未解決,あり,E012,176.8,不可,低,4.0,メール
2025-09-13,V001058,花鳥風月,観光,ベーシック,MX-100,緊急修理,134,26504,17496,44000,達成,解決,なし,E001,172.7,不可,高,3.6,電話
2025-09-13,V001059,株式会社ネクストブリッジ,IT,スタンダード,PX-80,部品交換,125,31604,20144,51748,達成,未解決,あり,E017,67.6,不可,中,3.9,現地
2025-09-13,V001060,東京湾岸エナジー,電力,スポット,AX-1000,再訪問対応,135,46555,15204,61759,未達,解決,なし,E010,124.3,不可,低,3.0,Web
2025-09-15,V001061,東京湾岸エナジー,電力,スタンダード,AX-1000,緊急修理,126,53736,20284,74020,達成,解決,なし,E003,145.6,不可,中,4.7,電話
2025-09-15,V001062,東北ロジスティクス,物流,スタンダード,RX-500,再訪問対応,214,33600,32427,66027,達成,解決,なし,E007,114.3,不可,低,4.4,Web
2025-09-15,V001063,株式会社ミライテック,IT,スタンダード,PX-50,定期点検,138,0,21090,21090,未達,未解決,なし,E011,91.9,不可,中,2.9,アプリ
2025-09-16,V001064,大和精機製作所,製造業,スポット,AX-2000,予防保全,154,29355,25783,55138,未達,解決,なし,E004,179.5,不可,低,3.3,メール
2025-09-16,V001065,花鳥風月,観光,プレミアム,MX-300,予防保全,91,67188,11690,78878,達成,解決,なし,E004,52.5,不可,高,3.6,アプリ
2025-09-17,V001066,暮らしの匠,小売,ベーシック,PX-50,ソフトウェア更新,72,0,8277,8277,達成,未解決,あり,E010,23.9,可,中,4.2,電話
2025-09-18,V001067,東都フィナンシャル証券,金融,スタンダード,AX-2000,予防保全,101,24360,16871,41231,達成,未解決,あり,E020,30.1,不可,低,3.5,現地
2025-09-19,V001068,大和精機製作所,製造業,スタンダード,PX-80,部品交換,119,40528,14173,54701,達成,解決,なし,E002,97.4,不可,高,4.1,メール
2025-09-22,V001069,日本橋製薬,製薬,ベーシック,AX-1000,緊急修理,89,8076,13025,21101,達成,解決,なし,E014,19.1,不可,中,4.3,電話
2025-09-22,V001070,暮らしの匠,小売,スポット,MX-100,予防保全,72,5574,9866,15440,未達,解決,なし,E024,123.9,不可,低,3.6,Web
2025-09-24,V001071,大和精機製作所,製造業,プレミアム,PX-50,部品交換,134,26039,18831,44870,達成,解決,なし,E016,21.4,不可,中,3.5,アプリ
2025-09-25,V001072,花鳥風月,観光,ベーシック,MX-300,予防保全,96,7287,11338,18625,達成,解決,なし,E017,56.1,不可,中,4.8,アプリ
2025-09-25,V001073,花鳥風月,観光,スタンダード,PX-50,ソフトウェア更新,44,0,5492,5492,達成,未解決,なし,E004,116.8,可,低,3.9,メール
2025-09-26,V001074,株式会社ネクストブリッジ,IT,ベーシック,MX-100,予防保全,88,39455,13216,52671,達成,解決,なし,E015,168.4,不可,中,3.1,メール
2025-09-26,V001075,東都フィナンシャル証券,金融,プレミアム,AX-2000,予防保全,103,74443,15957,90400,達成,解決,なし,E022,137.2,不可,中,3.6,アプリ
2025-09-27,V001076,大和精機製作所,製造業,スタンダード,MX-300,予防保全,78,21258,10383,31641,達成,解決,なし,E017,20.3,不可,低,3.5,メール
2025-09-27,V001077,東都フィナンシャル証券,金融,ベーシック,PX-50,緊急修理,186,31232,24293,55525,未達,解決,なし,E013,27.2,不可,高,2.4,現地
2025-09-28,V001078,東都フィナンシャル証券,金融,スポット,AX-2000,予防保全,89,56749,15847,72596,達成,未解決,あり,E024,7.4,不可,低,4.1,Web
2025-09-28,V001079,東和建設,建設,スポット,PX-50,予防保全,71,33976,12275,46251,達成,解決,なし,E018,94.6,不可,中,3.1,電話
2025-09-29,V001080,みどり市役所,公共,スポット,MX-100,部品交換,148,58904,19816,78720,未達,未解決,あり,E005,99.8,不可,中,3.8,アプリ
2025-09-29,V001081,日本橋製薬,製薬,スタンダード,MX-300,ソフトウェア更新,41,0,5499,5499,達成,解決,なし,E018,114.2,不可,低,3.8,アプリ
2025-09-30,V001082,花鳥風月,観光,プレミアム,MX-300,緊急修理,105,17753,13401,31154,達成,解決,なし,E018,36.2,不可,低,5.0,Web
2025-09-30,V001083,東京湾岸エナジー,電力,ベーシック,PX-80,予防保全,107,31325,11777,43102,達成,未解決,なし,E020,120.9,不可,中,3.7,アプリ
2025-10-02,V001084,みどり市役所,公共,スタンダード,MX-100,定期点検,119,0,19873,19873,達成,未解決,あり,E001,61.6,不可,高,4.3,電話
2025-10-02,V001085,暮らしの匠,小売,スタンダード,MX-100,予防保全,93,44125,10583,54708,達成,解決,なし,E021,74.6,不可,低,3.9,現地
2025-10-02,V001086,東京湾岸エナジー,電力,スタンダード,RX-500,再訪問対応,127,38673,16371,55044,達成,解決,なし,E020,161.4,不可,低,3.6,メール
2025-10-02,V001087,株式会社ミライテック,IT,プレミアム,RX-500,緊急修理,133,19982,17837,37819,達成,解決,なし,E016,100.9,不可,低,4.1,アプリ
2025-10-03,V001088,暮らしの匠,小売,スポット,MX-300,予防保全,102,54072,17907,71979,達成,解決,なし,E007,122.1,不可,低,3.6,Web
2025-10-03,V001089,東京湾岸エナジー,電力,スタンダード,MX-300,部品交換,146,63235,21626,84861,達成,未解決,あり,E006,16.1,不可,低,3.7,電話
2025-10-04,V001090,東洋精機,製造業,プレミアム,AX-2000,定期点検,118,0,15604,15604,達成,解決,なし,E012,85.3,不可,中,2.8,アプリ
2025-10-04,V001091,大和精機製作所,製造業,スタンダード,MX-200,再訪問対応,86,24111,14664,38775,達成,解決,なし,E013,59.5,不可,低,3.6,メール
2025-10-05,V001092,東都フィナンシャル証券,金融,スポット,MX-200,ソフトウェア更新,63,0,7378,7378,達成,未解決,あり,E015,85.7,可,低,4.4,アプリ
2025-10-06,V001093,東北ロジスティクス,物流,プレミアム,MX-300,定期点検,111,0,18586,18586,達成,解決,なし,E021,97.5,不可,低,4.3,Web
2025-10-06,V001094,東和建設,建設,スポット,AX-2000,緊急修理,181,59400,22873,82273,達成,解決,なし,E018,77.8,不可,中,3.2,Web
2025-10-07,V001095,みどり市役所,公共,ベーシック,MX-300,予防保全,117,60935,20730,81665,達成,解決,なし,E019,6.1,不可,中,4.1,現地
2025-10-08,V001096,東北ロジスティクス,物流,スタンダード,MX-200,ソフトウェア更新,71,0,12284,12284,達成,解決,なし,E001,94.3,不可,高,3.6,メール
2025-10-08,V001097,花鳥風月,観光,スタンダード,MX-300,定期点検,93,0,14616,14616,達成,解決,なし,E022,17.3,不可,低,4.5,メール
2025-10-10,V001098,東洋精機,製造業,スタンダード,RX-500,定期点検,95,0,14781,14781,達成,解決,なし,E019,168.8,不可,低,4.2,Web
2025-10-10,V001099,東和建設,建設,スタンダード,RX-500,予防保全,63,32830,8826,41656,未達,解決,なし,E018,110.4,不可,低,3.0,電話
2025-10-11,V001100,暮らしの匠,小売,プレミアム,MX-100,部品交換,127,58773,22637,81410,達成,未解決,なし,E017,108.5,不可,中,5.0,メール
2025-10-11,V001101,日本橋製薬,製薬,スタンダード,AX-1000,再訪問対応,142,47453,20111,67564,達成,解決,なし,E025,99.1,不可,低,4.1,電話
2025-10-12,V001102,東北ロジスティクス,物流,スタンダード,AX-1000,緊急修理,109,72683,17858,90541,達成,解決,なし,E020,118.9,不可,低,4.2,アプリ
2025-10-12,V001103,東和建設,建設,ベーシック,MX-200,再訪問対応,98,21649,16659,38308,達成,未解決,あり,E016,104.3,不可,低,3.9,Web
2025-10-12,V001104,みどり市役所,公共,プレミアム,PX-50,ソフトウェア更新,51,0,7482,7482,未達,解決,なし,E008,72.9,可,中,2.9,メール
2025-10-12,V001105,東洋精機,製造業,スタンダード,MX-100,再訪問対応,161,45499,25436,70935,未達,解決,なし,E004,103.3,不可,低,3.2,Web
2025-10-14,V001106,東和建設,建設,スタンダード,AX-1000,部品交換,87,53651,10764,64415,達成,解決,なし,E010,64.8,不可,中,3.9,Web
2025-10-14,V001107,日本橋製薬,製薬,ベーシック,MX-300,再訪問対応,126,31123,21500,52623,達成,解決,なし,E019,36.6,不可,高,4.5,電話
2025-10-15,V001108,株式会社ミライテック,IT,プレミアム,MX-200,再訪問対応,101,65347,12367,77714,達成,解決,なし,E019,170.2,不可,低,3.9,Web
2025-10-16,V001109,株式会社ミライテック,IT,スタンダード,PX-50,部品交換,135,68123,15853,83976,達成,未解決,あり,E001,128.5,不可,低,5.0,アプリ
2025-10-16,V001110,東都フィナンシャル証券,金融,スポット,AX-1000,定期点検,85,0,9395,9395,達成,未解決,なし,E022,56.6,不可,中,4.4,現地
2025-10-17,V001111,花鳥風月,観光,プレミアム,MX-200,ソフトウェア更新,68,0,9068,9068,達成,解決,なし,E012,44.0,不可,低,4.9,Web
2025-10-18,V001112,株式会社ミライテック,IT,プレミアム,PX-80,ソフトウェア更新,61,0,9354,9354,達成,未解決,あり,E017,40.2,可,中,4.3,電話
2025-10-18,V001113,東京湾岸エナジー,電力,スタンダード,AX-1000,定期点検,102,0,17390,17390,達成,解決,なし,E025,144.8,不可,低,3.9,電話
2025-10-20,V001114,東洋精機,製造業,スタンダード,RX-500,ソフトウェア更新,45,0,5139,5139,達成,未解決,あり,E009,132.4,可,低,3.7,メール
2025-10-20,V001115,大和精機製作所,製造業,ベーシック,AX-1000,ソフトウェア更新,46,0,7666,7666,達成,解決,なし,E025,78.2,可,低,4.8,現地
2025-10-22,V001116,東都フィナンシャル証券,金融,ベーシック,RX-500,予防保全,114,46287,16611,62898,達成,解決,なし,E009,177.0,不可,高,4.5,現地
2025-10-23,V001117,日本橋製薬,製薬,ベーシック,AX-2000,部品交換,110,25301,15965,41266,未達,解決,なし,E004,56.2,不可,中,2.5,電話
2025-10-23,V001118,花鳥風月,観光,スタンダード,AX-1000,定期点検,129,0,17553,17553,達成,未解決,なし,E008,42.9,不可,中,4.2,電話
2025-10-25,V001119,暮らしの匠,小売,プレミアム,MX-200,部品交換,147,6428,21539,27967,達成,解決,なし,E024,114.7,不可,低,4.0,Web
2025-10-25,V001120,東北ロジスティクス,物流,スタンダード,PX-80,予防保全,30,66307,3602,69909,達成,解決,なし,E008,173.4,不可,中,3.2,アプリ
2025-10-25,V001121,株式会社ネクストブリッジ,IT,ベーシック,RX-500,再訪問対応,132,50010,22336,72346,未達,解決,なし,E012,177.3,不可,中,3.2,メール
2025-10-25,V001122,東京湾岸エナジー,電力,スポット,PX-50,緊急修理,197,18553,24430,42983,未達,未解決,あり,E001,27.5,不可,中,3.9,メール
2025-10-27,V001123,日本橋製薬,製薬,プレミアム,MX-100,定期点検,74,0,11003,11003,達成,解決,なし,E025,63.4,不可,中,4.0,アプリ
2025-10-27,V001124,株式会社ミライテック,IT,ベーシック,RX-500,緊急修理,123,49603,18369,67972,未達,未解決,あり,E005,49.3,不可,低,3.9,現地
2025-10-27,V001125,暮らしの匠,小売,スタンダード,MX-200,予防保全,72,33600,11596,45196,達成,未解決,なし,E006,71.9,不可,中,4.5,アプリ
2025-10-27,V001126,暮らしの匠,小売,ベーシック,MX-300,定期点検,56,0,7011,7011,達成,解決,なし,E006,102.5,不可,中,4.3,電話
2025-10-28,V001127,東和建設,建設,プレミアム,PX-50,再訪問対応,157,44854,24493,69347,達成,解決,なし,E008,106.2,不可,中,4.3,現地
2025-10-29,V001128,東都フィナンシャル証券,金融,スタンダード,MX-300,部品交換,121,72800,15030,87830,達成,解決,なし,E014,101.0,不可,低,4.7,電話
2025-10-29,V001129,株式会社ネクストブリッジ,IT,ベーシック,RX-500,緊急修理,150,45597,19240,64837,達成,解決,なし,E025,47.2,不可,中,4.1,アプリ
2025-10-29,V001130,日本橋製薬,製薬,ベーシック,MX-300,ソフトウェア更新,79,0,11123,11123,達成,未解決,あり,E020,30.9,可,中,4.0,アプリ
2025-10-29,V001131,花鳥風月,観光,スポット,MX-200,緊急修理,107,70019,13590,83609,達成,未解決,あり,E025,28.6,不可,中,3.7,電話
2025-10-31,V001132,大和精機製作所,製造業,スタンダード,MX-100,予防保全,140,66087,21344,87431,達成,解決,なし,E017,169.3,不可,高,4.2,現地
2025-10-31,V001133,東都フィナンシャル証券,金融,スタンダード,AX-1000,再訪問対応,121,69414,16336,85750,達成,解決,なし,E002,44.1,不可,中,3.5,電話
2025-11-01,V001134,東京湾岸エナジー,電力,スタンダード,PX-80,緊急修理,179,77215,23708,100923,未達,解決,なし,E006,83.9,不可,低,2.3,Web
2025-11-01,V001135,みどり市役所,公共,スタンダード,MX-200,定期点検,115,0,20231,20231,達成,解決,なし,E003,135.4,不可,中,5.0,メール
2025-11-02,V001136,東京湾岸エナジー,電力,スタンダード,PX-50,定期点検,113,0,16148,16148,達成,解決,なし,E003,39.5,不可,中,4.0,現地
2025-11-02,V001137,暮らしの匠,小売,プレミアム,MX-100,再訪問対応,134,62338,18586,80924,達成,解決,なし,E004,136.0,不可,低,4.2,現地
2025-11-04,V001138,花鳥風月,観光,ベーシック,MX-200,定期点検,95,0,14556,14556,達成,解決,なし,E011,7.7,不可,低,3.9,現地
2025-11-04,V001139,花鳥風月,観光,スポット,PX-50,予防保全,95,51844,12693,64537,未達,解決,なし,E015,97.4,不可,中,3.5,メール
2025-11-05,V001140,花鳥風月,観光,プレミアム,PX-80,緊急修理,164,70788,19654,90442,達成,解決,なし,E022,62.0,不可,低,3.3,メール
2025-11-05,V001141,暮らしの匠,小売,プレミアム,PX-80,ソフトウェア更新,55,0,9775,9775,達成,未解決,あり,E024,130.4,不可,低,3.5,電話
2025-11-06,V001142,花鳥風月,観光,スタンダード,AX-1000,緊急修理,178,31997,31652,63649,達成,解決,なし,E014,23.1,不可,低,3.2,メール
2025-11-06,V001143,東都フィナンシャル証券,金融,スタンダード,AX-2000,部品交換,133,11823,22898,34721,達成,解決,なし,E016,140.6,不可,低,3.7,電話
2025-11-06,V001144,株式会社ネクストブリッジ,IT,スタンダード,MX-300,ソフトウェア更新,78,0,8915,8915,達成,解決,なし,E019,130.0,不可,低,4.3,電話
2025-11-07,V001145,株式会社ミライテック,IT,プレミアム,PX-80,予防保全,96,2993,12050,15043,達成,未解決,あり,E008,128.4,不可,低,5.0,電話
2025-11-08,V001146,大和精機製作所,製造業,ベーシック,AX-2000,ソフトウェア更新,36,0,5529,5529,達成,未解決,あり,E012,68.0,可,中,4.4,メール
2025-11-08,V001147,東和建設,建設,ベーシック,PX-50,部品交換,131,58909,14435,73344,達成,解決,なし,E004,9.9,不可,低,3.7,現地
2025-11-08,V001148,大和精機製作所,製造業,スタンダード,AX-2000,予防保全,90,66092,10919,77011,達成,解決,なし,E017,93.9,不可,中,5.0,電話
2025-11-08,V001149,花鳥風月,観光,ベーシック,RX-500,定期点検,78,0,12425,12425,達成,解決,なし,E002,84.5,不可,低,2.7,アプリ
2025-11-09,V001150,株式会社ネクストブリッジ,IT,スタンダード,RX-500,再訪問対応,192,49332,34156,83488,達成,解決,なし,E007,171.8,不可,低,4.3,アプリ
2025-11-09,V001151,東京湾岸エナジー,電力,ベーシック,MX-100,定期点検,62,0,8362,8362,達成,解決,なし,E009,77.8,不可,低,3.9,アプリ
2025-11-10,V001152,東洋精機,製造業,プレミアム,MX-100,部品交換,133,54766,16087,70853,達成,解決,なし,E009,146.2,不可,高,3.8,アプリ
2025-11-10,V001153,みどり市役所,公共,スタンダード,MX-300,定期点検,90,0,15278,15278,達成,解決,なし,E009,5.4,不可,低,4.3,アプリ
2025-11-10,V001154,株式会社ミライテック,IT,プレミアム,AX-1000,再訪問対応,132,79137,19007,98144,達成,解決,なし,E002,85.2,不可,高,3.8,電話
2025-11-10,V001155,東北ロジスティクス,物流,スタンダード,PX-50,予防保全,113,37331,16971,54302,達成,解決,なし,E023,58.1,不可,中,3.4,電話
2025-11-10,V001156,東和建設,建設,プレミアム,PX-80,予防保全,69,67130,12078,79208,達成,解決,なし,E016,72.3,不可,中,3.6,Web
2025-11-11,V001157,日本橋製薬,製薬,プレミアム,RX-500,再訪問対応,86,15376,11933,27309,達成,解決,なし,E007,70.0,不可,低,3.5,アプリ
2025-11-11,V001158,東和建設,建設,プレミアム,RX-500,予防保全,110,25988,13724,39712,達成,解決,なし,E019,124.6,不可,中,4.4,現地
2025-11-13,V001159,東和建設,建設,スタンダード,MX-200,予防保全,86,23645,14778,38423,達成,解決,なし,E005,153.0,不可,高,2.9,電話
2025-11-13,V001160,東京湾岸エナジー,電力,プレミアム,RX-500,予防保全,59,5595,9095,14690,達成,解決,なし,E018,119.6,不可,低,4.5,電話
2025-11-14,V001161,東京湾岸エナジー,電力,ベーシック,RX-500,緊急修理,142,72451,20626,93077,未達,解決,なし,E022,106.6,不可,低,3.2,現地
2025-11-14,V001162,東洋精機,製造業,ベーシック,MX-200,予防保全,127,61151,22387,83538,未達,未解決,あり,E024,159.3,不可,中,3.8,Web
2025-11-15,V001163,東都フィナンシャル証券,金融,スタンダード,AX-1000,ソフトウェア更新,63,0,9311,9311,未達,解決,なし,E006,76.5,可,中,3.2,Web
2025-11-15,V001164,株式会社ミライテック,IT,プレミアム,AX-2000,定期点検,114,0,16527,16527,達成,解決,なし,E006,147.5,不可,低,3.8,現地
2025-11-16,V001165,東北ロジスティクス,物流,スタンダード,MX-300,ソフトウェア更新,80,0,13548,13548,達成,解決,なし,E012,120.3,可,低,3.7,Web
2025-11-16,V001166,東北ロジスティクス,物流,スタンダード,MX-200,予防保全,151,34520,18481,53001,達成,解決,なし,E023,52.6,不可,高,4.3,現地
2025-11-16,V001167,東都フィナンシャル証券,金融,スタンダード,AX-2000,部品交換,147,54187,18039,72226,達成,未解決,あり,E014,115.9,不可,高,3.4,メール
2025-11-16,V001168,みどり市役所,公共,スタンダード,PX-50,再訪問対応,165,42946,19902,62848,達成,解決,なし,E011,81.0,不可,低,4.1,電話
2025-11-17,V001169,株式会社ミライテック,IT,プレミアム,AX-1000,予防保全,87,67867,15463,83330,達成,未解決,あり,E009,172.9,不可,中,3.9,現地
2025-11-17,V001170,株式会社ミライテック,IT,ベーシック,PX-50,予防保全,124,21836,22238,44074,達成,解決,なし,E019,136.0,不可,低,4.0,電話
2025-11-17,V001171,株式会社ネクストブリッジ,IT,ベーシック,MX-200,定期点検,104,0,16948,16948,達成,解決,なし,E025,131.0,不可,低,3.4,現地
2025-11-18,V001172,日本橋製薬,製薬,プレミアム,PX-50,再訪問対応,97,2055,12990,15045,達成,解決,なし,E009,176.6,不可,低,4.1,メール
2025-11-18,V001173,東都フィナンシャル証券,金融,プレミアム,AX-1000,再訪問対応,151,41595,21848,63443,達成,解決,なし,E014,48.7,不可,中,3.8,メール
2025-11-19,V001174,日本橋製薬,製薬,ベーシック,PX-80,部品交換,111,65470,19176,84646,達成,解決,なし,E017,167.8,不可,低,4.1,Web
2025-11-19,V001175,東北ロジスティクス,物流,スタンダード,MX-100,予防保全,61,21065,7123,28188,達成,未解決,あり,E017,16.2,不可,低,4.6,電話
2025-11-20,V001176,花鳥風月,観光,ベーシック,MX-300,ソフトウェア更新,46,0,7651,7651,達成,未解決,あり,E020,46.3,不可,低,3.6,現地
2025-11-21,V001177,株式会社ネクストブリッジ,IT,スポット,AX-2000,予防保全,89,43098,14796,57894,達成,未解決,あり,E005,10.8,不可,低,4.3,現地
2025-11-21,V001178,東北ロジスティクス,物流,プレミアム,RX-500,部品交換,134,64191,15477,79668,達成,未解決,なし,E020,123.5,不可,低,4.1,現地
2025-11-22,V001179,花鳥風月,観光,スタンダード,AX-2000,緊急修理,203,15108,29643,44751,達成,解決,なし,E002,48.3,不可,低,3.9,アプリ
2025-11-22,V001180,株式会社ネクストブリッジ,IT,プレミアム,PX-80,緊急修理,230,51157,36286,87443,達成,未解決,あり,E018,50.8,不可,高,4.3,現地
2025-11-23,V001181,株式会社ネクストブリッジ,IT,スタンダード,MX-100,部品交換,172,42729,22709,65438,達成,解決,なし,E015,156.0,不可,低,4.1,メール
2025-11-24,V001182,東都フィナンシャル証券,金融,プレミアム,RX-500,部品交換,78,57725,9294,67019,達成,未解決,あり,E013,154.6,不可,低,4.0,アプリ
2025-11-24,V001183,花鳥風月,観光,ベーシック,MX-300,ソフトウェア更新,76,0,11571,11571,達成,解決,なし,E022,63.8,不可,低,4.4,アプリ
2025-11-26,V001184,大和精機製作所,製造業,プレミアム,MX-300,緊急修理,80,64121,10539,74660,達成,未解決,なし,E003,25.9,不可,低,4.5,アプリ
2025-11-26,V001185,東洋精機,製造業,プレミアム,PX-80,再訪問対応,183,34925,26962,61887,未達,解決,なし,E002,94.0,不可,低,2.7,電話
2025-11-27,V001186,花鳥風月,観光,スポット,MX-100,定期点検,61,0,10944,10944,達成,解決,なし,E006,24.8,不可,高,4.5,現地
2025-11-27,V001187,日本橋製薬,製薬,スポット,RX-500,定期点検,113,0,18698,18698,未達,解決,なし,E014,153.8,不可,中,3.8,電話
2025-11-29,V001188,大和精機製作所,製造業,プレミアム,MX-300,定期点検,85,0,11385,11385,達成,解決,なし,E024,78.6,不可,中,3.0,アプリ
2025-11-29,V001189,みどり市役所,公共,スタンダード,RX-500,予防保全,160,24915,21069,45984,達成,未解決,あり,E025,24.0,不可,中,3.9,Web
2025-11-29,V001190,東都フィナンシャル証券,金融,ベーシック,AX-1000,部品交換,110,63239,14706,77945,達成,未解決,あり,E003,27.9,不可,低,4.4,電話
2025-11-30,V001191,大和精機製作所,製造業,プレミアム,RX-500,部品交換,113,13123,15995,29118,達成,解決,なし,E007,162.4,不可,低,2.6,Web
2025-12-01,V001192,日本橋製薬,製薬,ベーシック,MX-300,ソフトウェア更新,69,0,10898,10898,達成,解決,なし,E001,147.9,不可,低,3.5,現地
2025-12-01,V001193,東洋精機,製造業,ベーシック,AX-2000,緊急修理,144,52674,21977,74651,未達,解決,なし,E024,143.1,不可,低,2.9,現地
2025-12-02,V001194,東都フィナンシャル証券,金融,プレミアム,PX-50,部品交換,157,15610,22926,38536,達成,未解決,あり,E016,129.3,不可,低,3.2,現地
2025-12-03,V001195,東和建設,建設,スポット,AX-2000,部品交換,118,49115,15141,64256,未達,解決,なし,E007,78.1,不可,中,3.9,現地
2025-12-04,V001196,みどり市役所,公共,ベーシック,RX-500,予防保全,102,44008,12940,56948,達成,解決,なし,E015,108.0,不可,低,3.8,現地
2025-12-04,V001197,東都フィナンシャル証券,金融,スタンダード,AX-2000,予防保全,74,22316,12723,35039,達成,解決,なし,E010,138.1,不可,中,3.7,メール
2025-12-04,V001198,株式会社ネクストブリッジ,IT,ベーシック,RX-500,定期点検,104,0,11705,11705,達成,解決,なし,E020,17.9,不可,中,4.4,現地
2025-12-05,V001199,東北ロジスティクス,物流,スタンダード,PX-80,緊急修理,120,23329,17580,40909,達成,未解決,なし,E005,44.4,不可,中,3.5,電話
2025-12-05,V001200,暮らしの匠,小売,ベーシック,RX-500,定期点検,31,0,4532,4532,達成,未解決,なし,E019,93.6,不可,低,3.4,現地
2025-12-06,V001201,暮らしの匠,小売,プレミアム,MX-200,定期点検,95,0,10558,10558,達成,解決,なし,E014,125.1,不可,低,5.0,アプリ
2025-12-06,V001202,大和精機製作所,製造業,スポット,RX-500,再訪問対応,153,50846,20939,71785,達成,解決,なし,E024,18.5,不可,低,4.2,Web
2025-12-07,V001203,みどり市役所,公共,スタンダード,AX-1000,再訪問対応,131,38223,18271,56494,達成,未解決,あり,E021,135.7,不可,高,3.1,Web
2025-12-07,V001204,東京湾岸エナジー,電力,スタンダード,AX-1000,再訪問対応,147,4215,20872,25087,達成,解決,なし,E001,135.8,不可,高,4.8,メール
2025-12-08,V001205,花鳥風月,観光,スタンダード,AX-1000,再訪問対応,135,8039,18969,27008,達成,解決,なし,E014,175.1,不可,中,4.0,メール
2025-12-08,V001206,大和精機製作所,製造業,プレミアム,AX-2000,部品交換,168,31464,30084,61548,達成,解決,なし,E011,2.3,不可,低,4.5,電話
2025-12-08,V001207,株式会社ミライテック,IT,ベーシック,PX-80,予防保全,142,27512,19893,47405,達成,解決,なし,E005,99.6,不可,低,4.1,アプリ
2025-12-09,V001208,東都フィナンシャル証券,金融,スタンダード,AX-2000,緊急修理,177,58813,26383,85196,達成,解決,なし,E004,94.6,不可,中,4.0,アプリ
2025-12-10,V001209,東都フィナンシャル証券,金融,ベーシック,RX-500,予防保全,108,49581,15308,64889,達成,解決,なし,E013,15.8,不可,低,3.5,電話
2025-12-11,V001210,東北ロジスティクス,物流,スタンダード,MX-100,定期点検,62,0,9558,9558,達成,未解決,なし,E006,104.8,不可,中,4.8,アプリ
2025-12-11,V001211,東洋精機,製造業,スポット,MX-100,予防保全,124,45989,18071,64060,達成,解決,なし,E016,174.9,不可,低,4.2,アプリ
2025-12-11,V001212,東和建設,建設,プレミアム,MX-300,ソフトウェア更新,61,0,9583,9583,達成,解決,なし,E020,150.6,可,低,3.8,現地
2025-12-13,V001213,株式会社ミライテック,IT,プレミアム,PX-80,緊急修理,105,11758,14852,26610,達成,解決,なし,E009,146.4,不可,高,4.1,メール
2025-12-13,V001214,東和建設,建設,プレミアム,AX-1000,再訪問対応,144,68295,17114,85409,達成,解決,なし,E012,152.4,不可,低,3.6,アプリ
2025-12-14,V001215,花鳥風月,観光,ベーシック,MX-100,再訪問対応,139,46849,19279,66128,達成,解決,なし,E007,171.2,不可,低,4.8,Web
2025-12-14,V001216,東和建設,建設,ベーシック,MX-300,予防保全,81,38699,8938,47637,達成,解決,なし,E017,17.8,不可,中,4.7,Web
2025-12-14,V001217,大和精機製作所,製造業,スタンダード,RX-500,緊急修理,193,50908,21314,72222,達成,未解決,あり,E018,13.7,不可,中,3.8,電話
2025-12-14,V001218,大和精機製作所,製造業,スタンダード,MX-100,予防保全,124,13294,16374,29668,達成,解決,なし,E002,78.1,不可,中,2.7,メール
2025-12-15,V001219,東京湾岸エナジー,電力,ベーシック,RX-500,定期点検,114,0,19001,19001,未達,解決,なし,E001,107.7,不可,中,3.4,アプリ
2025-12-15,V001220,東和建設,建設,ベーシック,MX-200,予防保全,90,31753,15007,46760,達成,解決,なし,E015,27.1,不可,中,3.2,アプリ
2025-12-15,V001221,日本橋製薬,製薬,スタンダード,AX-2000,部品交換,169,56187,28483,84670,達成,解決,なし,E024,17.7,不可,中,3.8,現地
2025-12-16,V001222,暮らしの匠,小売,スポット,PX-50,部品交換,159,11269,17885,29154,未達,解決,なし,E025,61.1,不可,低,2.7,現地
2025-12-17,V001223,日本橋製薬,製薬,スタンダード,MX-300,定期点検,128,0,20606,20606,達成,解決,なし,E008,79.9,不可,中,3.8,メール
2025-12-17,V001224,みどり市役所,公共,プレミアム,MX-100,ソフトウェア更新,59,0,8919,8919,達成,未解決,あり,E010,41.0,不可,低,3.5,現地
2025-12-19,V001225,東都フィナンシャル証券,金融,スタンダード,MX-300,部品交換,185,41048,25606,66654,達成,解決,なし,E011,26.5,不可,低,3.9,電話
2025-12-19,V001226,株式会社ネクストブリッジ,IT,スタンダード,PX-80,再訪問対応,107,49739,18967,68706,達成,解決,なし,E024,30.4,不可,中,3.7,電話
2025-12-19,V001227,日本橋製薬,製薬,スタンダード,AX-1000,部品交換,104,15332,17915,33247,達成,解決,なし,E004,19.8,不可,低,3.2,アプリ
2025-12-19,V001228,花鳥風月,観光,スポット,MX-200,予防保全,90,60351,14196,74547,未達,解決,なし,E006,11.6,不可,中,3.6,電話
2025-12-20,V001229,株式会社ミライテック,IT,ベーシック,PX-50,部品交換,136,2085,23461,25546,未達,未解決,なし,E011,120.7,不可,低,3.4,現地
2025-12-20,V001230,株式会社ミライテック,IT,スポット,MX-100,緊急修理,181,46205,22628,68833,未達,未解決,なし,E012,130.1,不可,低,3.3,現地
2025-12-21,V001231,東和建設,建設,ベーシック,AX-1000,定期点検,95,0,13395,13395,達成,解決,なし,E020,36.0,不可,低,3.8,現地
2025-12-21,V001232,東洋精機,製造業,スタンダード,AX-1000,再訪問対応,130,3274,23241,26515,達成,解決,なし,E007,53.2,不可,中,3.8,メール
2025-12-22,V001233,花鳥風月,観光,プレミアム,MX-200,定期点検,105,0,11885,11885,達成,解決,なし,E010,110.9,不可,高,4.1,電話
2025-12-23,V001234,東洋精機,製造業,スタンダード,MX-200,緊急修理,90,73492,12162,85654,未達,解決,なし,E012,137.3,不可,低,2.5,現地
2025-12-23,V001235,株式会社ミライテック,IT,プレミアム,AX-2000,定期点検,36,0,3992,3992,達成,解決,なし,E018,5.4,不可,中,4.1,電話
2025-12-23,V001236,東洋精機,製造業,スタンダード,RX-500,ソフトウェア更新,77,0,12212,12212,達成,未解決,なし,E007,24.3,不可,低,4.0,現地
2025-12-24,V001237,みどり市役所,公共,スタンダード,AX-1000,緊急修理,88,22601,11738,34339,達成,解決,なし,E012,3.4,不可,低,4.2,電話
2025-12-24,V001238,東洋精機,製造業,スタンダード,AX-2000,部品交換,149,26087,22461,48548,達成,未解決,あり,E019,113.7,不可,中,4.4,Web
2025-12-25,V001239,東京湾岸エナジー,電力,スタンダード,AX-1000,定期点検,96,0,16574,16574,達成,解決,なし,E012,77.1,不可,中,4.0,Web
2025-12-25,V001240,東洋精機,製造業,ベーシック,AX-2000,予防保全,109,52335,14985,67320,達成,解決,なし,E001,41.2,不可,低,3.8,メール
2025-12-26,V001241,みどり市役所,公共,スタンダード,RX-500,部品交換,152,76133,25877,102010,達成,未解決,あり,E019,17.6,不可,中,3.9,アプリ
2025-12-26,V001242,東和建設,建設,スタンダード,PX-50,緊急修理,207,61975,28131,90106,達成,未解決,あり,E015,94.7,不可,低,4.0,アプリ
2025-12-27,V001243,みどり市役所,公共,ベーシック,MX-300,定期点検,103,0,12956,12956,未達,解決,なし,E007,135.8,不可,低,2.3,アプリ
2025-12-29,V001244,東北ロジスティクス,物流,プレミアム,MX-300,定期点検,41,0,6584,6584,達成,未解決,なし,E014,124.2,不可,中,3.8,電話
2025-12-31,V001245,花鳥風月,観光,スタンダード,PX-50,予防保全,129,43018,19327,62345,達成,解決,なし,E006,84.5,不可,高,4.3,電話
2025-12-31,V001246,株式会社ミライテック,IT,スタンダード,MX-100,部品交換,124,30304,14223,44527,未達,解決,なし,E005,176.3,不可,中,2.4,現地
2026-01-02,V001247,みどり市役所,公共,スタンダード,MX-300,予防保全,110,69359,13163,82522,達成,未解決,あり,E001,130.6,不可,低,4.1,電話
2026-01-03,V001248,東京湾岸エナジー,電力,スタンダード,PX-80,予防保全,139,9754,17741,27495,達成,未解決,なし,E009,51.4,不可,低,4.9,Web
2026-01-03,V001249,東北ロジスティクス,物流,スポット,MX-200,定期点検,78,0,8635,8635,達成,未解決,あり,E001,24.5,不可,中,3.8,Web
2026-01-03,V001250,東洋精機,製造業,スタンダード,MX-100,部品交換,123,59528,17818,77346,未達,解決,なし,E004,153.4,不可,低,3.5,Web
2026-01-04,V001251,株式会社ミライテック,IT,プレミアム,MX-300,予防保全,118,27826,13003,40829,達成,解決,なし,E023,177.2,不可,低,4.1,現地
2026-01-05,V001252,東京湾岸エナジー,電力,ベーシック,RX-500,ソフトウェア更新,52,0,5978,5978,達成,未解決,あり,E014,6.1,可,中,3.9,電話
2026-01-05,V001253,株式会社ネクストブリッジ,IT,スタンダード,MX-100,緊急修理,158,34498,26694,61192,達成,未解決,あり,E003,134.1,不可,中,4.0,現地
2026-01-05,V001254,株式会社ミライテック,IT,プレミアム,MX-200,緊急修理,162,55197,24138,79335,未達,解決,なし,E013,67.6,不可,中,3.2,アプリ
2026-01-05,V001255,暮らしの匠,小売,ベーシック,MX-100,ソフトウェア更新,71,0,11806,11806,達成,解決,なし,E025,66.4,可,中,4.5,メール
2026-01-05,V001256,東和建設,建設,プレミアム,AX-2000,ソフトウェア更新,52,0,6537,6537,未達,解決,なし,E013,76.2,可,中,3.0,Web
2026-01-06,V001257,株式会社ネクストブリッジ,IT,プレミアム,MX-300,ソフトウェア更新,57,0,7133,7133,達成,未解決,あり,E011,75.1,可,中,4.3,現地
2026-01-06,V001258,東北ロジスティクス,物流,スタンダード,MX-300,定期点検,116,0,16763,16763,達成,未解決,なし,E020,177.6,不可,高,3.8,電話
2026-01-06,V001259,東北ロジスティクス,物流,スポット,MX-300,再訪問対応,135,76828,21301,98129,達成,解決,なし,E011,48.9,不可,低,3.8,Web
2026-01-07,V001260,みどり市役所,公共,ベーシック,PX-80,ソフトウェア更新,56,0,8243,8243,未達,解決,なし,E002,42.0,可,低,3.3,Web
2026-01-07,V001261,東洋精機,製造業,ベーシック,AX-1000,再訪問対応,93,50469,15851,66320,達成,解決,なし,E023,140.5,不可,低,4.6,現地
2026-01-08,V001262,東北ロジスティクス,物流,スタンダード,RX-500,ソフトウェア更新,57,0,9866,9866,達成,未解決,なし,E008,115.2,不可,低,4.9,アプリ
2026-01-08,V001263,株式会社ミライテック,IT,スタンダード,PX-80,ソフトウェア更新,62,0,10321,10321,達成,解決,なし,E006,78.7,不可,低,3.5,メール
2026-01-09,V001264,東和建設,建設,プレミアム,MX-100,予防保全,127,46786,15617,62403,達成,未解決,なし,E012,73.0,不可,低,3.8,現地
2026-01-09,V001265,株式会社ミライテック,IT,スタンダード,RX-500,緊急修理,170,33404,23078,56482,達成,未解決,あり,E009,129.7,不可,高,3.7,Web
2026-01-10,V001266,株式会社ミライテック,IT,スポット,PX-80,定期点検,75,0,12960,12960,未達,未解決,なし,E010,169.5,不可,中,3.0,メール
2026-01-11,V001267,みどり市役所,公共,スタンダード,MX-100,ソフトウェア更新,61,0,10813,10813,達成,解決,なし,E022,123.2,可,中,3.6,電話
2026-01-11,V001268,株式会社ネクストブリッジ,IT,スタンダード,AX-1000,緊急修理,117,14108,20373,34481,達成,解決,なし,E007,101.1,不可,低,4.5,メール
2026-01-13,V001269,花鳥風月,観光,ベーシック,MX-300,ソフトウェア更新,48,0,7565,7565,未達,解決,なし,E007,160.5,可,低,3.3,Web
2026-01-15,V001270,みどり市役所,公共,スポット,MX-100,再訪問対応,139,60288,19793,80081,達成,未解決,なし,E022,25.5,不可,低,3.7,メール
2026-01-16,V001271,株式会社ミライテック,IT,プレミアム,MX-100,定期点検,113,0,17407,17407,達成,解決,なし,E015,65.6,不可,低,3.0,現地
2026-01-16,V001272,東洋精機,製造業,スポット,AX-1000,部品交換,137,25354,22065,47419,達成,未解決,あり,E015,13.7,不可,低,4.0,Web
2026-01-16,V001273,大和精機製作所,製造業,プレミアム,PX-80,緊急修理,209,54166,30730,84896,未達,解決,なし,E006,113.7,不可,低,4.0,電話
2026-01-17,V001274,東京湾岸エナジー,電力,プレミアム,AX-1000,部品交換,69,5511,10492,16003,達成,解決,なし,E016,35.2,不可,中,4.7,Web
2026-01-17,V001275,株式会社ミライテック,IT,ベーシック,AX-1000,再訪問対応,159,60024,20014,80038,達成,未解決,あり,E020,111.6,不可,高,4.6,現地
2026-01-18,V001276,東京湾岸エナジー,電力,スタンダード,RX-500,再訪問対応,134,31705,18709,50414,達成,未解決,なし,E002,17.5,不可,低,3.6,アプリ
2026-01-18,V001277,株式会社ミライテック,IT,スポット,RX-500,定期点検,33,0,5395,5395,達成,解決,なし,E007,145.6,不可,中,4.0,アプリ
2026-01-19,V001278,東洋精機,製造業,プレミアム,MX-200,緊急修理,189,74564,23730,98294,達成,解決,なし,E021,173.4,不可,中,3.2,Web
2026-01-21,V001279,東北ロジスティクス,物流,スポット,RX-500,再訪問対応,178,72009,30289,102298,未達,解決,なし,E011,140.7,不可,低,2.8,アプリ
2026-01-22,V001280,花鳥風月,観光,プレミアム,PX-50,緊急修理,181,4213,27952,32165,未達,未解決,あり,E005,136.3,不可,低,3.9,メール
2026-01-22,V001281,東都フィナンシャル証券,金融,ベーシック,MX-300,再訪問対応,151,48365,20891,69256,未達,未解決,なし,E020,69.1,不可,中,3.9,メール
2026-01-22,V001282,東京湾岸エナジー,電力,ベーシック,AX-2000,緊急修理,136,34065,15594,49659,未達,解決,なし,E009,117.3,不可,中,2.2,アプリ
2026-01-23,V001283,東北ロジスティクス,物流,スタンダード,MX-200,緊急修理,156,41962,25592,67554,達成,解決,なし,E001,118.3,不可,低,4.6,電話
2026-01-23,V001284,東京湾岸エナジー,電力,スタンダード,AX-2000,再訪問対応,137,64066,21369,85435,達成,未解決,なし,E009,70.7,不可,低,4.9,アプリ
2026-01-24,V001285,東洋精機,製造業,スタンダード,MX-200,緊急修理,123,37083,14150,51233,未達,解決,なし,E011,102.8,不可,高,3.6,メール
2026-01-24,V001286,株式会社ネクストブリッジ,IT,プレミアム,MX-200,予防保全,105,73712,15200,88912,達成,解決,なし,E001,145.3,不可,低,4.4,Web
2026-01-24,V001287,東洋精機,製造業,プレミアム,MX-300,再訪問対応,121,13770,14577,28347,達成,解決,なし,E008,15.0,不可,低,3.8,アプリ
2026-01-26,V001288,みどり市役所,公共,ベーシック,RX-500,予防保全,160,64202,20014,84216,達成,解決,なし,E016,31.4,不可,低,4.3,Web
2026-01-27,V001289,東洋精機,製造業,ベーシック,MX-300,緊急修理,153,46448,24278,70726,達成,解決,なし,E016,173.6,不可,中,3.4,現地
2026-01-28,V001290,株式会社ネクストブリッジ,IT,スタンダード,PX-50,再訪問対応,124,14018,19108,33126,達成,未解決,なし,E001,70.0,不可,低,4.2,現地
2026-01-29,V001291,東北ロジスティクス,物流,ベーシック,AX-1000,緊急修理,177,48133,29904,78037,達成,解決,なし,E013,139.9,不可,低,4.6,メール
2026-01-29,V001292,暮らしの匠,小売,スタンダード,RX-500,部品交換,151,75565,21517,97082,達成,解決,なし,E025,56.5,不可,中,4.0,アプリ
2026-01-29,V001293,株式会社ネクストブリッジ,IT,スタンダード,RX-500,予防保全,124,28385,16987,45372,達成,解決,なし,E002,63.9,不可,中,3.8,メール
2026-01-30,V001294,みどり市役所,公共,プレミアム,AX-2000,緊急修理,139,52609,24777,77386,達成,解決,なし,E015,102.6,不可,中,4.0,アプリ
2026-01-30,V001295,東洋精機,製造業,ベーシック,AX-1000,緊急修理,144,50622,21823,72445,達成,解決,なし,E012,130.0,不可,低,4.1,電話
2026-01-31,V001296,大和精機製作所,製造業,プレミアム,AX-2000,再訪問対応,193,40008,33607,73615,達成,解決,なし,E019,112.5,不可,中,3.9,メール
2026-02-01,V001297,日本橋製薬,製薬,スタンダード,PX-80,ソフトウェア更新,84,0,14382,14382,達成,解決,なし,E023,169.7,可,低,3.9,メール
2026-02-01,V001298,花鳥風月,観光,ベーシック,PX-80,予防保全,85,33779,14311,48090,達成,解決,なし,E019,170.2,不可,低,3.8,アプリ
2026-02-02,V001299,東和建設,建設,スタンダード,PX-80,ソフトウェア更新,50,0,7464,7464,達成,解決,なし,E014,28.0,可,低,3.3,Web
2026-02-03,V001300,日本橋製薬,製薬,スタンダード,PX-50,予防保全,103,37338,12049,49387,達成,解決,なし,E025,30.1,不可,高,3.4,現地
2026-02-03,V001301,株式会社ネクストブリッジ,IT,プレミアム,MX-300,定期点検,71,0,12042,12042,達成,解決,なし,E023,63.9,不可,低,4.1,アプリ
2026-02-03,V001302,株式会社ミライテック,IT,スタンダード,MX-300,緊急修理,134,41896,18318,60214,達成,解決,なし,E008,13.4,不可,中,4.6,現地
2026-02-04,V001303,東洋精機,製造業,プレミアム,AX-1000,定期点検,87,0,14798,14798,達成,解決,なし,E020,155.8,不可,中,3.4,アプリ
2026-02-04,V001304,東京湾岸エナジー,電力,スタンダード,RX-500,定期点検,107,0,16335,16335,達成,解決,なし,E012,170.1,不可,低,2.9,現地
2026-02-04,V001305,東和建設,建設,スタンダード,AX-1000,ソフトウェア更新,63,0,8566,8566,達成,解決,なし,E014,159.5,可,低,4.6,Web
2026-02-05,V001306,暮らしの匠,小売,ベーシック,MX-100,緊急修理,165,16127,18366,34493,達成,解決,なし,E019,43.3,不可,低,4.5,アプリ
2026-02-05,V001307,東都フィナンシャル証券,金融,ベーシック,AX-2000,予防保全,119,43129,19010,62139,未達,解決,なし,E009,161.7,不可,中,1.8,アプリ
2026-02-06,V001308,花鳥風月,観光,スポット,MX-300,再訪問対応,139,36536,17122,53658,達成,未解決,あり,E011,8.7,不可,低,3.9,電話
2026-02-06,V001309,大和精機製作所,製造業,スタンダード,AX-1000,定期点検,85,0,10427,10427,達成,未解決,なし,E025,135.8,不可,中,4.5,Web
2026-02-07,V001310,東京湾岸エナジー,電力,プレミアム,MX-300,予防保全,122,77185,21887,99072,達成,解決,なし,E008,40.4,不可,高,4.0,電話
2026-02-07,V001311,東京湾岸エナジー,電力,スタンダード,RX-500,ソフトウェア更新,52,0,7380,7380,達成,解決,なし,E005,168.0,可,高,3.5,アプリ
2026-02-07,V001312,日本橋製薬,製薬,スタンダード,AX-1000,緊急修理,143,9346,16513,25859,未達,解決,なし,E024,162.8,不可,高,3.7,現地
2026-02-08,V001313,東都フィナンシャル証券,金融,スタンダード,RX-500,緊急修理,130,19276,14724,34000,達成,解決,なし,E019,98.2,不可,低,2.8,電話
2026-02-08,V001314,大和精機製作所,製造業,ベーシック,MX-300,再訪問対応,138,56209,24031,80240,未達,解決,なし,E015,48.1,不可,高,3.1,電話
2026-02-08,V001315,花鳥風月,観光,スタンダード,RX-500,部品交換,79,25970,13808,39778,達成,解決,なし,E018,10.9,不可,低,3.3,Web
2026-02-09,V001316,東都フィナンシャル証券,金融,スポット,MX-300,再訪問対応,54,25577,6527,32104,達成,解決,なし,E019,108.6,不可,中,4.0,メール
2026-02-09,V001317,株式会社ミライテック,IT,ベーシック,PX-80,再訪問対応,124,65631,15802,81433,達成,解決,なし,E003,35.4,不可,中,2.8,Web
2026-02-10,V001318,大和精機製作所,製造業,プレミアム,MX-100,定期点検,69,0,10260,10260,達成,未解決,あり,E002,145.7,不可,中,2.7,電話
2026-02-10,V001319,株式会社ネクストブリッジ,IT,プレミアム,RX-500,部品交換,156,48205,18290,66495,達成,解決,なし,E023,174.9,不可,中,3.7,メール
2026-02-11,V001320,東京湾岸エナジー,電力,スタンダード,MX-200,ソフトウェア更新,89,0,14452,14452,達成,解決,なし,E001,46.5,可,低,3.3,メール
2026-02-12,V001321,みどり市役所,公共,プレミアム,MX-200,ソフトウェア更新,55,0,9434,9434,達成,解決,なし,E024,70.1,不可,高,3.6,電話
2026-02-12,V001322,東北ロジスティクス,物流,ベーシック,PX-50,部品交換,124,67824,20936,88760,達成,解決,なし,E011,90.8,不可,中,3.9,電話
2026-02-12,V001323,東和建設,建設,プレミアム,MX-300,定期点検,70,0,9411,9411,達成,解決,なし,E007,110.9,不可,高,4.4,アプリ
2026-02-13,V001324,株式会社ネクストブリッジ,IT,ベーシック,MX-300,ソフトウェア更新,77,0,10702,10702,達成,未解決,あり,E011,49.7,可,低,3.4,Web
2026-02-13,V001325,大和精機製作所,製造業,スタンダード,MX-300,定期点検,125,0,14920,14920,達成,未解決,あり,E006,118.4,不可,中,4.5,Web
2026-02-15,V001326,日本橋製薬,製薬,プレミアム,AX-1000,ソフトウェア更新,49,0,7794,7794,達成,解決,なし,E024,73.6,可,低,4.8,Web
2026-02-16,V001327,日本橋製薬,製薬,プレミアム,PX-80,再訪問対応,118,35975,18130,54105,達成,解決,なし,E011,6.8,不可,中,4.1,電話
2026-02-16,V001328,東京湾岸エナジー,電力,ベーシック,PX-50,再訪問対応,73,31419,11629,43048,達成,未解決,あり,E003,30.0,不可,中,3.6,Web
2026-02-17,V001329,みどり市役所,公共,プレミアム,MX-300,定期点検,65,0,10386,10386,達成,解決,なし,E018,97.8,不可,高,3.1,アプリ
2026-02-17,V001330,東都フィナンシャル証券,金融,スポット,PX-80,定期点検,72,0,10627,10627,達成,解決,なし,E025,71.3,不可,高,3.9,Web
2026-02-17,V001331,みどり市役所,公共,ベーシック,MX-100,ソフトウェア更新,38,0,5457,5457,達成,未解決,なし,E013,150.1,可,中,4.0,アプリ
2026-02-17,V001332,東和建設,建設,ベーシック,PX-80,再訪問対応,148,25631,17438,43069,達成,解決,なし,E005,27.1,不可,高,4.3,Web
2026-02-17,V001333,東洋精機,製造業,プレミアム,PX-80,再訪問対応,99,16780,12840,29620,達成,解決,なし,E019,88.4,不可,中,3.6,電話
2026-02-18,V001334,大和精機製作所,製造業,ベーシック,RX-500,緊急修理,70,38396,10519,48915,未達,解決,なし,E017,95.8,不可,中,2.3,Web
2026-02-19,V001335,大和精機製作所,製造業,スタンダード,MX-100,緊急修理,206,24032,32843,56875,未達,解決,なし,E007,13.1,不可,低,3.3,Web
2026-02-19,V001336,東都フィナンシャル証券,金融,プレミアム,AX-2000,緊急修理,127,25522,16371,41893,未達,解決,なし,E018,159.8,不可,高,2.9,電話
2026-02-19,V001337,暮らしの匠,小売,スタンダード,MX-300,ソフトウェア更新,49,0,7487,7487,達成,解決,なし,E006,12.6,可,中,3.5,アプリ
2026-02-20,V001338,花鳥風月,観光,スポット,PX-50,緊急修理,185,52510,29067,81577,未達,未解決,あり,E016,159.1,不可,低,2.7,アプリ
2026-02-20,V001339,みどり市役所,公共,プレミアム,AX-1000,再訪問対応,72,54755,8812,63567,達成,解決,なし,E018,83.0,不可,低,3.8,メール
2026-02-20,V001340,暮らしの匠,小売,プレミアム,MX-200,緊急修理,194,21969,22686,44655,達成,解決,なし,E008,98.2,不可,中,4.9,メール
2026-02-20,V001341,みどり市役所,公共,スタンダード,MX-200,予防保全,105,4593,14534,19127,達成,解決,なし,E004,161.4,不可,低,2.8,電話
2026-02-21,V001342,株式会社ネクストブリッジ,IT,ベーシック,AX-1000,予防保全,127,36917,16169,53086,達成,解決,なし,E020,15.4,不可,低,3.8,アプリ
2026-02-22,V001343,暮らしの匠,小売,プレミアム,MX-200,部品交換,146,72912,23140,96052,未達,解決,なし,E024,64.3,不可,低,2.6,電話
2026-02-22,V001344,暮らしの匠,小売,ベーシック,MX-300,再訪問対応,161,52393,26317,78710,達成,解決,なし,E004,110.9,不可,低,3.9,Web
2026-02-23,V001345,東和建設,建設,スタンダード,MX-300,部品交換,99,3183,16184,19367,達成,解決,なし,E019,133.4,不可,高,3.4,現地
2026-02-23,V001346,東洋精機,製造業,スタンダード,RX-500,緊急修理,42,10248,6867,17115,達成,解決,なし,E001,104.2,不可,低,3.1,現地
2026-02-24,V001347,東洋精機,製造業,ベーシック,RX-500,部品交換,77,76839,10001,86840,達成,解決,なし,E007,51.1,不可,高,3.7,現地
2026-02-25,V001348,花鳥風月,観光,ベーシック,MX-200,ソフトウェア更新,25,0,3350,3350,達成,解決,なし,E004,73.0,可,中,4.3,アプリ
2026-02-25,V001349,東和建設,建設,スタンダード,MX-100,部品交換,85,69471,14146,83617,達成,解決,なし,E006,157.9,不可,低,3.5,電話
2026-02-26,V001350,みどり市役所,公共,スポット,MX-300,ソフトウェア更新,50,0,7606,7606,達成,解決,なし,E018,12.9,不可,低,4.3,メール
2026-02-27,V001351,株式会社ミライテック,IT,プレミアム,PX-50,定期点検,46,0,7650,7650,達成,解決,なし,E018,60.7,不可,低,3.7,現地
2026-02-27,V001352,東京湾岸エナジー,電力,スタンダード,RX-500,部品交換,141,33006,15653,48659,達成,解決,なし,E012,166.7,不可,低,4.3,電話
2026-02-28,V001353,東洋精機,製造業,スタンダード,AX-1000,再訪問対応,184,48647,28548,77195,達成,解決,なし,E012,5.1,不可,高,4.6,アプリ
2026-03-02,V001354,東和建設,建設,スタンダード,PX-50,ソフトウェア更新,69,0,9757,9757,未達,解決,なし,E001,11.2,不可,高,2.9,電話
2026-03-02,V001355,東都フィナンシャル証券,金融,プレミアム,MX-100,定期点検,47,0,5574,5574,達成,解決,なし,E010,43.1,不可,高,4.5,メール
2026-03-02,V001356,大和精機製作所,製造業,スタンダード,MX-100,ソフトウェア更新,78,0,13653,13653,達成,解決,なし,E002,147.7,可,低,3.8,アプリ
2026-03-02,V001357,大和精機製作所,製造業,ベーシック,MX-200,部品交換,88,43343,15423,58766,未達,解決,なし,E006,138.7,不可,低,3.4,電話
2026-03-02,V001358,日本橋製薬,製薬,スタンダード,PX-50,再訪問対応,136,42278,19533,61811,達成,解決,なし,E022,71.2,不可,中,3.6,メール
2026-03-04,V001359,株式会社ミライテック,IT,スタンダード,AX-2000,部品交換,94,66107,15804,81911,達成,未解決,なし,E024,174.6,不可,低,3.9,メール
2026-03-05,V001360,東京湾岸エナジー,電力,プレミアム,MX-100,定期点検,60,0,10508,10508,達成,解決,なし,E016,14.1,不可,中,3.0,Web
2026-03-05,V001361,暮らしの匠,小売,ベーシック,RX-500,ソフトウェア更新,49,0,6578,6578,達成,未解決,あり,E006,59.1,可,中,3.9,Web
2026-03-05,V001362,日本橋製薬,製薬,スタンダード,AX-1000,緊急修理,64,44951,9231,54182,達成,解決,なし,E002,111.5,不可,低,4.8,メール
2026-03-07,V001363,みどり市役所,公共,スタンダード,MX-100,部品交換,95,63815,11981,75796,達成,解決,なし,E025,67.2,不可,低,4.1,Web
2026-03-07,V001364,東和建設,建設,ベーシック,PX-80,定期点検,59,0,10537,10537,未達,未解決,あり,E020,83.8,不可,低,2.8,Web
2026-03-08,V001365,東洋精機,製造業,スタンダード,MX-100,緊急修理,82,10997,12971,23968,達成,解決,なし,E020,44.7,不可,中,4.5,Web
2026-03-08,V001366,株式会社ネクストブリッジ,IT,プレミアム,RX-500,予防保全,108,24818,15508,40326,達成,解決,なし,E018,86.6,不可,低,3.9,アプリ
2026-03-09,V001367,東京湾岸エナジー,電力,ベーシック,AX-1000,緊急修理,162,44917,26086,71003,達成,未解決,あり,E017,87.9,不可,中,3.7,電話
2026-03-10,V001368,大和精機製作所,製造業,スタンダード,MX-200,部品交換,104,67085,12077,79162,達成,解決,なし,E006,87.3,不可,中,5.0,現地
2026-03-11,V001369,花鳥風月,観光,スタンダード,MX-200,部品交換,101,51292,15557,66849,達成,未解決,あり,E011,78.5,不可,高,3.8,電話
2026-03-12,V001370,日本橋製薬,製薬,スタンダード,MX-100,再訪問対応,105,31868,15794,47662,達成,解決,なし,E022,96.6,不可,低,3.7,メール
2026-03-12,V001371,大和精機製作所,製造業,ベーシック,AX-2000,再訪問対応,122,69449,20051,89500,達成,未解決,あり,E022,55.0,不可,中,4.4,現地
2026-03-13,V001372,東北ロジスティクス,物流,スタンダード,RX-500,緊急修理,175,76844,23519,100363,達成,未解決,なし,E024,94.5,不可,高,3.7,電話
2026-03-13,V001373,みどり市役所,公共,プレミアム,MX-300,定期点検,86,0,14861,14861,達成,解決,なし,E005,152.5,不可,中,3.3,メール
2026-03-14,V001374,東都フィナンシャル証券,金融,プレミアム,RX-500,定期点検,40,0,5135,5135,達成,未解決,なし,E009,60.5,不可,低,3.8,Web
2026-03-14,V001375,株式会社ネクストブリッジ,IT,ベーシック,MX-300,予防保全,107,5890,13342,19232,未達,未解決,あり,E018,91.5,不可,中,3.5,電話
2026-03-15,V001376,花鳥風月,観光,スタンダード,RX-500,予防保全,146,77085,22501,99586,達成,未解決,あり,E015,31.7,不可,低,4.1,現地
2026-03-16,V001377,東洋精機,製造業,スタンダード,AX-2000,ソフトウェア更新,61,0,10250,10250,達成,解決,なし,E025,57.7,可,中,3.8,アプリ
2026-03-17,V001378,暮らしの匠,小売,プレミアム,AX-1000,緊急修理,149,77454,18904,96358,達成,解決,なし,E018,106.0,不可,低,3.7,Web
2026-03-17,V001379,みどり市役所,公共,スポット,PX-80,緊急修理,193,7539,28984,36523,達成,解決,なし,E018,124.8,不可,低,4.6,電話
2026-03-17,V001380,みどり市役所,公共,ベーシック,MX-100,部品交換,115,11132,19941,31073,達成,未解決,あり,E017,168.0,不可,中,3.7,アプリ
2026-03-19,V001381,東京湾岸エナジー,電力,ベーシック,MX-300,ソフトウェア更新,44,0,5483,5483,達成,未解決,あり,E021,45.1,可,中,3.6,メール
2026-03-20,V001382,東都フィナンシャル証券,金融,スポット,AX-2000,定期点検,90,0,15322,15322,達成,未解決,あり,E016,148.0,不可,低,4.7,現地
2026-03-21,V001383,東京湾岸エナジー,電力,スタンダード,MX-200,定期点検,119,0,18588,18588,達成,解決,なし,E016,151.2,不可,高,3.8,アプリ
2026-03-22,V001384,東京湾岸エナジー,電力,プレミアム,MX-300,予防保全,80,34685,10451,45136,達成,未解決,なし,E009,94.8,不可,低,4.2,メール
2026-03-22,V001385,東洋精機,製造業,ベーシック,AX-2000,定期点検,115,0,20287,20287,達成,解決,なし,E018,115.0,不可,低,4.0,メール
2026-03-22,V001386,株式会社ミライテック,IT,スタンダード,AX-1000,定期点検,78,0,13931,13931,達成,解決,なし,E014,3.5,不可,低,3.9,Web
2026-03-22,V001387,株式会社ネクストブリッジ,IT,スポット,MX-200,部品交換,81,79591,10707,90298,達成,未解決,あり,E014,39.6,不可,低,3.9,現地
2026-03-22,V001388,花鳥風月,観光,スタンダード,AX-2000,部品交換,59,2471,8842,11313,達成,未解決,なし,E009,32.8,不可,中,3.2,現地
2026-03-23,V001389,東都フィナンシャル証券,金融,ベーシック,AX-1000,部品交換,123,61464,14699,76163,達成,未解決,なし,E007,89.4,不可,低,3.4,電話
2026-03-25,V001390,日本橋製薬,製薬,スタンダード,MX-200,定期点検,96,0,10795,10795,達成,未解決,なし,E017,56.3,不可,低,3.2,現地
2026-03-26,V001391,みどり市役所,公共,スタンダード,PX-50,予防保全,81,32675,10125,42800,達成,解決,なし,E001,52.5,不可,低,4.5,メール
2026-03-26,V001392,大和精機製作所,製造業,ベーシック,MX-100,予防保全,64,56936,11382,68318,未達,未解決,あり,E005,35.2,不可,低,3.1,メール
2026-03-26,V001393,東和建設,建設,プレミアム,MX-100,部品交換,121,6567,19443,26010,達成,未解決,なし,E001,65.4,不可,低,4.2,メール
2026-03-26,V001394,花鳥風月,観光,プレミアム,MX-100,再訪問対応,143,76059,17883,93942,達成,解決,なし,E008,50.2,不可,高,3.7,現地
2026-03-27,V001395,日本橋製薬,製薬,プレミアム,RX-500,再訪問対応,117,38313,17325,55638,達成,解決,なし,E024,84.9,不可,中,3.8,現地
2026-03-28,V001396,株式会社ネクストブリッジ,IT,ベーシック,PX-80,予防保全,45,41131,7449,48580,達成,解決,なし,E023,35.0,不可,低,5.0,Web
2026-03-29,V001397,東京湾岸エナジー,電力,プレミアム,MX-100,定期点検,58,0,7253,7253,達成,解決,なし,E013,86.5,不可,低,4.3,アプリ
2026-03-30,V001398,東北ロジスティクス,物流,プレミアム,MX-300,定期点検,95,0,15787,15787,達成,解決,なし,E012,130.4,不可,低,3.5,Web
2026-03-30,V001399,株式会社ミライテック,IT,スタンダード,MX-100,定期点検,86,0,12439,12439,達成,解決,なし,E019,26.3,不可,高,4.2,電話
2026-03-30,V001400,東洋精機,製造業,スタンダード,RX-500,定期点検,94,0,11683,11683,達成,未解決,なし,E024,146.7,不可,中,4.2,現地
2026-03-31,V001401,株式会社ネクストブリッジ,IT,プレミアム,AX-2000,ソフトウェア更新,63,0,10767,10767,達成,解決,なし,E004,128.4,可,低,3.6,アプリ
2026-04-01,V001402,大和精機製作所,製造業,プレミアム,MX-200,ソフトウェア更新,54,0,9656,9656,達成,解決,なし,E005,27.8,可,低,4.5,Web
2026-04-03,V001403,株式会社ミライテック,IT,プレミアム,AX-2000,定期点検,105,0,12154,12154,達成,解決,なし,E022,171.9,不可,高,3.8,電話
2026-04-03,V001404,日本橋製薬,製薬,スタンダード,RX-500,ソフトウェア更新,82,0,11434,11434,未達,解決,なし,E005,113.3,可,低,3.3,アプリ
2026-04-04,V001405,株式会社ミライテック,IT,ベーシック,PX-80,再訪問対応,126,49066,19013,68079,達成,未解決,なし,E005,64.4,不可,低,4.5,電話
2026-04-04,V001406,大和精機製作所,製造業,ベーシック,AX-1000,予防保全,53,39425,8547,47972,達成,未解決,あり,E009,144.8,不可,高,4.4,アプリ
2026-04-05,V001407,東都フィナンシャル証券,金融,ベーシック,AX-2000,緊急修理,154,70880,19842,90722,達成,解決,なし,E024,83.2,不可,低,4.0,Web
2026-04-05,V001408,株式会社ネクストブリッジ,IT,ベーシック,MX-200,予防保全,87,19121,10092,29213,達成,解決,なし,E019,55.5,不可,低,4.9,現地
2026-04-05,V001409,暮らしの匠,小売,ベーシック,PX-50,ソフトウェア更新,64,0,8072,8072,達成,未解決,あり,E002,98.2,可,低,4.4,現地
2026-04-06,V001410,大和精機製作所,製造業,スタンダード,AX-2000,部品交換,119,10640,21402,32042,達成,解決,なし,E022,37.5,不可,中,3.9,Web
2026-04-06,V001411,みどり市役所,公共,スタンダード,AX-1000,定期点検,118,0,16093,16093,達成,未解決,あり,E013,143.2,不可,中,4.1,アプリ
2026-04-06,V001412,東京湾岸エナジー,電力,プレミアム,MX-100,定期点検,105,0,12441,12441,達成,解決,なし,E001,23.2,不可,中,2.1,現地
2026-04-06,V001413,暮らしの匠,小売,ベーシック,AX-2000,予防保全,105,66811,13031,79842,達成,解決,なし,E022,83.3,不可,中,3.8,現地
2026-04-07,V001414,暮らしの匠,小売,スタンダード,RX-500,再訪問対応,187,46150,24499,70649,達成,解決,なし,E018,178.0,不可,高,4.0,アプリ
2026-04-07,V001415,株式会社ネクストブリッジ,IT,スタンダード,PX-50,定期点検,116,0,18316,18316,達成,未解決,なし,E004,46.3,不可,低,3.9,Web
2026-04-08,V001416,暮らしの匠,小売,プレミアム,MX-200,予防保全,83,50415,13163,63578,達成,解決,なし,E019,60.7,不可,低,3.5,メール
2026-04-10,V001417,大和精機製作所,製造業,プレミアム,PX-80,再訪問対応,119,56116,16514,72630,達成,解決,なし,E019,81.5,不可,低,4.3,現地
2026-04-10,V001418,日本橋製薬,製薬,スタンダード,PX-80,ソフトウェア更新,64,0,7658,7658,達成,解決,なし,E023,158.9,不可,中,4.1,現地
2026-04-10,V001419,みどり市役所,公共,ベーシック,MX-300,緊急修理,97,2147,11683,13830,達成,解決,なし,E017,160.5,不可,低,3.5,メール
2026-04-10,V001420,東都フィナンシャル証券,金融,プレミアム,PX-80,再訪問対応,140,27251,19433,46684,達成,解決,なし,E012,30.4,不可,高,5.0,アプリ
2026-04-13,V001421,東洋精機,製造業,スタンダード,MX-300,予防保全,78,73952,9214,83166,達成,未解決,なし,E006,76.5,不可,低,3.9,メール
2026-04-13,V001422,株式会社ミライテック,IT,プレミアム,AX-2000,定期点検,77,0,9895,9895,達成,解決,なし,E005,74.7,不可,低,3.8,現地
2026-04-14,V001423,東京湾岸エナジー,電力,プレミアム,MX-200,定期点検,104,0,15573,15573,達成,未解決,なし,E003,178.3,不可,中,5.0,メール
2026-04-15,V001424,大和精機製作所,製造業,プレミアム,PX-80,予防保全,97,44611,12193,56804,達成,解決,なし,E025,147.1,不可,高,3.5,メール
2026-04-16,V001425,東和建設,建設,ベーシック,PX-80,再訪問対応,40,41301,5471,46772,達成,解決,なし,E003,174.0,不可,低,4.5,メール
2026-04-16,V001426,東京湾岸エナジー,電力,スタンダード,PX-50,再訪問対応,81,12888,11694,24582,達成,未解決,あり,E011,75.0,不可,低,5.0,電話
2026-04-18,V001427,東北ロジスティクス,物流,プレミアム,RX-500,再訪問対応,168,56828,26754,83582,未達,解決,なし,E023,71.0,不可,低,3.2,アプリ
2026-04-18,V001428,暮らしの匠,小売,ベーシック,PX-80,定期点検,20,0,3393,3393,未達,解決,なし,E009,80.7,不可,高,3.8,現地
2026-04-20,V001429,東和建設,建設,スタンダード,MX-200,再訪問対応,131,56104,23350,79454,達成,解決,なし,E017,21.4,不可,中,4.1,現地
2026-04-20,V001430,株式会社ネクストブリッジ,IT,スタンダード,MX-300,緊急修理,138,56955,23668,80623,達成,未解決,なし,E004,136.2,不可,中,4.4,Web
2026-04-20,V001431,大和精機製作所,製造業,ベーシック,AX-2000,部品交換,117,4253,20813,25066,達成,未解決,あり,E010,119.5,不可,低,4.9,電話
2026-04-21,V001432,花鳥風月,観光,プレミアム,RX-500,緊急修理,167,58234,21099,79333,達成,解決,なし,E010,42.1,不可,中,4.3,現地
2026-04-21,V001433,みどり市役所,公共,スタンダード,MX-300,再訪問対応,100,5040,17951,22991,達成,解決,なし,E001,74.1,不可,高,3.7,メール
2026-04-21,V001434,みどり市役所,公共,ベーシック,MX-100,緊急修理,170,12782,28245,41027,達成,未解決,あり,E004,35.2,不可,高,4.8,アプリ
2026-04-22,V001435,東洋精機,製造業,ベーシック,AX-2000,定期点検,112,0,17352,17352,未達,解決,なし,E002,91.9,不可,低,3.8,Web
2026-04-24,V001436,大和精機製作所,製造業,スポット,PX-50,定期点検,64,0,11331,11331,達成,解決,なし,E002,16.3,不可,中,3.6,電話
2026-04-24,V001437,東京湾岸エナジー,電力,スポット,RX-500,定期点検,124,0,20253,20253,達成,未解決,あり,E024,100.8,不可,低,4.5,電話
2026-04-25,V001438,みどり市役所,公共,ベーシック,MX-300,部品交換,120,68496,15370,83866,達成,解決,なし,E021,105.6,不可,低,3.8,アプリ
2026-04-26,V001439,花鳥風月,観光,スタンダード,AX-1000,定期点検,109,0,14566,14566,達成,解決,なし,E016,31.5,不可,低,3.9,Web
2026-04-28,V001440,東都フィナンシャル証券,金融,ベーシック,RX-500,予防保全,106,9371,16965,26336,達成,解決,なし,E004,85.3,不可,高,3.3,アプリ
2026-04-29,V001441,東洋精機,製造業,ベーシック,MX-200,予防保全,109,79080,16825,95905,達成,未解決,あり,E025,70.4,不可,低,4.6,電話
2026-04-29,V001442,東都フィナンシャル証券,金融,スタンダード,PX-50,定期点検,121,0,13369,13369,達成,解決,なし,E022,144.1,不可,中,3.2,現地
2026-04-30,V001443,株式会社ミライテック,IT,スタンダード,MX-100,定期点検,99,0,16212,16212,達成,解決,なし,E006,40.0,不可,低,3.8,Web
2026-04-30,V001444,暮らしの匠,小売,プレミアム,MX-100,ソフトウェア更新,32,0,4101,4101,達成,解決,なし,E022,120.6,可,中,3.7,メール
2026-04-30,V001445,東洋精機,製造業,ベーシック,MX-200,緊急修理,120,20617,13951,34568,達成,未解決,なし,E014,11.8,不可,低,2.9,メール
2026-05-01,V001446,花鳥風月,観光,スタンダード,MX-100,ソフトウェア更新,32,0,5659,5659,未達,解決,なし,E006,117.5,不可,高,4.2,メール
2026-05-01,V001447,みどり市役所,公共,ベーシック,MX-200,予防保全,120,40382,17428,57810,達成,解決,なし,E004,41.2,不可,低,4.5,アプリ
2026-05-02,V001448,日本橋製薬,製薬,ベーシック,MX-100,部品交換,173,51421,24797,76218,未達,解決,なし,E018,66.9,不可,中,3.9,アプリ
2026-05-02,V001449,東北ロジスティクス,物流,スタンダード,PX-50,緊急修理,155,14251,17084,31335,達成,未解決,なし,E025,5.0,不可,低,4.6,メール
2026-05-02,V001450,みどり市役所,公共,スタンダード,MX-300,ソフトウェア更新,64,0,9156,9156,達成,未解決,なし,E004,100.2,可,中,3.8,Web
2026-05-03,V001451,東都フィナンシャル証券,金融,プレミアム,RX-500,ソフトウェア更新,61,0,9113,9113,達成,解決,なし,E013,92.2,可,低,4.5,電話
2026-05-03,V001452,花鳥風月,観光,ベーシック,RX-500,緊急修理,187,59033,30497,89530,達成,解決,なし,E009,152.0,不可,低,4.7,アプリ
2026-05-04,V001453,花鳥風月,観光,スタンダード,MX-100,部品交換,109,67541,15529,83070,達成,解決,なし,E025,66.4,不可,中,4.0,アプリ
2026-05-04,V001454,東都フィナンシャル証券,金融,ベーシック,PX-50,ソフトウェア更新,70,0,12495,12495,達成,解決,なし,E010,96.4,不可,高,4.3,電話
2026-05-04,V001455,みどり市役所,公共,スタンダード,AX-1000,再訪問対応,169,45559,21660,67219,達成,解決,なし,E013,135.8,不可,中,4.2,Web
2026-05-04,V001456,みどり市役所,公共,プレミアム,PX-80,定期点検,106,0,18281,18281,達成,解決,なし,E003,123.6,不可,低,4.4,Web
2026-05-05,V001457,暮らしの匠,小売,スタンダード,AX-2000,ソフトウェア更新,51,0,7498,7498,達成,解決,なし,E014,130.5,不可,中,3.8,電話
2026-05-06,V001458,花鳥風月,観光,スタンダード,AX-2000,予防保全,84,32843,10767,43610,達成,解決,なし,E017,63.7,不可,低,3.2,現地
2026-05-06,V001459,花鳥風月,観光,スタンダード,AX-2000,再訪問対応,54,3157,7127,10284,達成,未解決,あり,E014,123.4,不可,中,4.4,アプリ
2026-05-07,V001460,東洋精機,製造業,スタンダード,RX-500,ソフトウェア更新,75,0,11330,11330,達成,解決,なし,E009,155.6,可,中,4.8,Web
2026-05-09,V001461,みどり市役所,公共,スタンダード,AX-2000,再訪問対応,133,25077,16263,41340,達成,解決,なし,E004,116.5,不可,低,4.2,電話
2026-05-10,V001462,みどり市役所,公共,ベーシック,RX-500,ソフトウェア更新,73,0,8835,8835,達成,未解決,あり,E018,159.2,可,低,4.7,アプリ
2026-05-10,V001463,東都フィナンシャル証券,金融,スタンダード,AX-1000,緊急修理,199,25484,24497,49981,未達,未解決,なし,E019,161.9,不可,中,3.2,現地
2026-05-11,V001464,東洋精機,製造業,スポット,PX-80,緊急修理,156,73613,17435,91048,達成,解決,なし,E025,14.7,不可,低,3.8,電話
2026-05-11,V001465,暮らしの匠,小売,ベーシック,MX-200,ソフトウェア更新,65,0,10267,10267,未達,解決,なし,E006,169.6,可,低,2.2,アプリ
2026-05-13,V001466,みどり市役所,公共,プレミアム,PX-80,ソフトウェア更新,42,0,6920,6920,達成,未解決,なし,E018,79.1,可,中,4.2,Web
2026-05-13,V001467,暮らしの匠,小売,プレミアム,AX-2000,部品交換,91,74095,12080,86175,達成,解決,なし,E020,126.4,不可,低,4.7,Web
2026-05-15,V001468,大和精機製作所,製造業,ベーシック,RX-500,緊急修理,164,52805,20590,73395,達成,解決,なし,E025,118.1,不可,低,3.8,現地
2026-05-16,V001469,花鳥風月,観光,プレミアム,AX-2000,再訪問対応,120,23784,17844,41628,達成,解決,なし,E019,56.1,不可,高,4.3,アプリ
2026-05-17,V001470,東和建設,建設,ベーシック,AX-1000,定期点検,105,0,17548,17548,達成,解決,なし,E012,76.5,不可,低,3.6,アプリ
2026-05-18,V001471,みどり市役所,公共,プレミアム,MX-100,予防保全,150,24512,22747,47259,達成,解決,なし,E012,31.5,不可,中,4.8,メール
2026-05-18,V001472,みどり市役所,公共,スタンダード,MX-100,部品交換,140,22562,18815,41377,達成,解決,なし,E001,36.3,不可,低,4.1,Web
2026-05-19,V001473,東京湾岸エナジー,電力,プレミアム,MX-300,部品交換,74,16879,11342,28221,達成,解決,なし,E010,131.8,不可,高,5.0,メール
2026-05-19,V001474,花鳥風月,観光,ベーシック,MX-100,緊急修理,176,39334,27924,67258,未達,解決,なし,E025,39.1,不可,低,2.4,Web
2026-05-20,V001475,東京湾岸エナジー,電力,プレミアム,PX-50,ソフトウェア更新,78,0,8725,8725,達成,解決,なし,E008,102.5,不可,高,4.7,電話
2026-05-20,V001476,大和精機製作所,製造業,スポット,PX-80,部品交換,129,53487,17016,70503,達成,未解決,あり,E005,157.7,不可,中,3.2,電話
2026-05-21,V001477,大和精機製作所,製造業,スタンダード,RX-500,ソフトウェア更新,54,0,6545,6545,達成,解決,なし,E009,163.3,可,中,4.4,電話
2026-05-21,V001478,東都フィナンシャル証券,金融,スポット,AX-1000,予防保全,116,11963,18468,30431,未達,解決,なし,E024,19.8,不可,低,3.6,アプリ
2026-05-22,V001479,大和精機製作所,製造業,スタンダード,PX-80,ソフトウェア更新,26,0,3318,3318,達成,解決,なし,E020,20.3,不可,中,3.9,アプリ
2026-05-22,V001480,大和精機製作所,製造業,ベーシック,PX-50,定期点検,65,0,11255,11255,達成,解決,なし,E002,58.1,不可,低,3.1,Web
2026-05-22,V001481,大和精機製作所,製造業,プレミアム,AX-1000,再訪問対応,144,29509,23095,52604,達成,解決,なし,E004,26.8,不可,中,4.0,メール
2026-05-23,V001482,東京湾岸エナジー,電力,ベーシック,RX-500,ソフトウェア更新,70,0,12471,12471,未達,解決,なし,E005,68.6,不可,高,3.6,電話
2026-05-23,V001483,東都フィナンシャル証券,金融,スタンダード,PX-80,再訪問対応,182,79424,22317,101741,達成,解決,なし,E025,167.1,不可,低,3.6,現地
2026-05-23,V001484,株式会社ネクストブリッジ,IT,プレミアム,RX-500,再訪問対応,195,24302,29488,53790,達成,解決,なし,E004,177.5,不可,低,3.8,メール
2026-05-24,V001485,みどり市役所,公共,スポット,MX-300,部品交換,112,9514,19246,28760,達成,解決,なし,E012,61.4,不可,中,4.5,現地
2026-05-25,V001486,東都フィナンシャル証券,金融,ベーシック,MX-300,部品交換,104,68573,13377,81950,達成,未解決,あり,E025,87.8,不可,中,4.2,Web
2026-05-26,V001487,株式会社ミライテック,IT,スポット,AX-1000,再訪問対応,111,47922,12276,60198,達成,未解決,あり,E024,20.9,不可,低,3.9,アプリ
2026-05-26,V001488,東京湾岸エナジー,電力,ベーシック,PX-80,ソフトウェア更新,50,0,6130,6130,達成,解決,なし,E006,4.3,不可,低,3.8,Web
2026-05-27,V001489,暮らしの匠,小売,プレミアム,MX-300,予防保全,92,24313,15474,39787,達成,解決,なし,E013,80.9,不可,低,3.5,電話
2026-05-28,V001490,東和建設,建設,ベーシック,AX-1000,定期点検,92,0,15503,15503,未達,解決,なし,E008,117.2,不可,低,3.4,現地
2026-05-29,V001491,東洋精機,製造業,ベーシック,MX-200,予防保全,110,19625,13334,32959,達成,解決,なし,E019,150.9,不可,低,4.7,Web
2026-05-29,V001492,株式会社ミライテック,IT,プレミアム,MX-100,ソフトウェア更新,55,0,7589,7589,未達,未解決,あり,E002,73.2,不可,中,3.2,アプリ
2026-05-30,V001493,暮らしの匠,小売,ベーシック,AX-2000,部品交換,124,77031,16465,93496,達成,解決,なし,E014,84.4,不可,低,4.0,電話
2026-05-30,V001494,株式会社ネクストブリッジ,IT,スタンダード,MX-300,緊急修理,166,55787,19592,75379,達成,解決,なし,E009,116.4,不可,中,3.8,メール
2026-05-30,V001495,東北ロジスティクス,物流,スポット,PX-80,緊急修理,138,17244,24022,41266,未達,未解決,あり,E016,37.0,不可,低,4.1,アプリ
2026-05-31,V001496,東都フィナンシャル証券,金融,スタンダード,AX-2000,定期点検,97,0,11892,11892,達成,解決,なし,E014,175.5,不可,中,3.3,電話
2026-05-31,V001497,株式会社ネクストブリッジ,IT,ベーシック,MX-200,予防保全,141,76007,17373,93380,達成,解決,なし,E006,55.4,不可,低,4.5,メール
2026-05-31,V001498,東都フィナンシャル証券,金融,スタンダード,PX-80,部品交換,125,45940,20716,66656,達成,解決,なし,E009,91.2,不可,低,4.5,アプリ
2026-05-31,V001499,東都フィナンシャル証券,金融,スポット,MX-300,部品交換,128,19932,17825,37757,未達,未解決,あり,E015,103.1,不可,低,4.1,Web
2026-05-31,V001500,東京湾岸エナジー,電力,スタンダード,PX-80,定期点検,75,0,10020,10020,達成,未解決,あり,E009,159.6,不可,低,4.5,Web
