日付,社員ID,部門,職位,出勤,退勤,所定時間分,残業時間分,深夜時間分,休暇種別,有休消化日数,テレワーク,フレックス利用,打刻漏れ,36協定残量分,プロジェクトID,勤務地,シフトパターン,曜日,業務カテゴリ
2025-06-09,EMP0100,営業1部,主任,09:54,17:35,480,41,0,,0.4,なし,なし,なし,1135,PJ0015,本社,シフトB,月,営業活動
2025-06-09,EMP0052,営業2部,部長,08:16,16:08,480,52,0,,0.5,なし,なし,なし,1464,PJ0011,工場,フレックス,月,管理
2025-06-09,EMP0168,製造2部,主任,08:27,17:06,480,99,10,,0.6,あり,なし,なし,1694,PJ0013,大阪オフィス,シフトB,月,管理
2025-06-09,EMP0094,人事部,課長,09:54,17:54,480,0,0,,0.3,あり,あり,なし,1646,PJ0006,本社,フレックス,月,事務
2025-06-09,EMP0158,人事部,課長,08:48,16:08,480,20,0,,0.7,あり,なし,なし,1340,PJ0025,大阪オフィス,シフトA,月,製造
2025-06-09,EMP0080,営業1部,一般,09:15,17:34,480,19,0,,0.8,あり,なし,なし,713,PJ0021,本社,夜勤,月,サポート
2025-06-09,EMP0022,DX推進部,一般,09:30,17:51,480,21,0,,0.7,なし,あり,なし,1346,PJ0003,名古屋オフィス,フレックス,月,営業活動
2025-06-09,EMP0092,人事部,一般,09:10,17:26,480,16,0,,0.9,なし,あり,なし,1107,PJ0023,福岡オフィス,フレックス,月,会議
2025-06-09,EMP0187,総務部,一般,08:25,17:59,480,94,26,,0.7,あり,あり,なし,958,PJ0008,名古屋オフィス,フレックス,月,営業活動
2025-06-09,EMP0061,マーケ部,主任,09:13,17:13,480,0,0,,0.4,なし,なし,なし,1131,PJ0026,福岡オフィス,通常,月,会議
2025-06-09,EMP0071,R&D部,係長,09:17,17:17,480,0,0,,0.8,あり,あり,なし,998,PJ0007,本社,フレックス,月,事務
2025-06-09,EMP0043,DX推進部,課長,09:26,17:32,480,6,0,,0.4,あり,なし,なし,1843,PJ0020,工場,シフトA,月,管理
2025-04-15,EMP0141,人事部,主任,09:48,17:48,480,0,0,,0.5,なし,あり,なし,1333,PJ0023,大阪オフィス,フレックス,火,営業活動
2025-04-15,EMP0128,製造2部,一般,08:46,16:10,480,24,0,,0.3,あり,なし,なし,861,PJ0018,本社,シフトA,火,開発
2025-04-15,EMP0047,R&D部,主任,09:26,18:43,480,77,0,,0.7,なし,なし,なし,978,PJ0009,福岡オフィス,フレックス,火,管理
2025-04-15,EMP0177,製造1部,課長,08:46,16:52,480,6,0,,0.5,あり,なし,なし,1512,PJ0005,本社,シフトA,火,営業活動
2025-04-15,EMP0121,製造1部,一般,08:46,16:35,480,49,0,,1.0,あり,あり,なし,781,PJ0022,工場,夜勤,火,事務
2025-04-15,EMP0098,マーケ部,一般,08:53,16:53,480,0,0,,0.4,あり,なし,なし,1891,PJ0019,福岡オフィス,シフトA,火,管理
2025-04-15,EMP0086,R&D部,一般,08:05,16:29,480,24,0,,0.1,あり,なし,あり,1342,PJ0029,名古屋オフィス,通常,火,管理
2025-04-15,EMP0082,営業2部,一般,09:24,17:24,480,0,0,,0.7,あり,あり,なし,724,PJ0019,本社,シフトA,火,サポート
2025-04-15,EMP0012,製造2部,一般,10:15,19:19,480,64,0,,0.6,あり,なし,なし,1349,PJ0022,名古屋オフィス,フレックス,火,会議
2025-04-15,EMP0010,製造2部,一般,09:49,17:26,480,37,0,,0.0,なし,あり,なし,1004,PJ0024,福岡オフィス,シフトB,火,製造
2025-04-15,EMP0039,営業2部,主任,09:27,17:27,480,0,0,,0.2,あり,あり,なし,1375,PJ0029,名古屋オフィス,シフトB,火,製造
2025-04-15,EMP0115,R&D部,主任,10:04,18:28,480,24,0,,0.4,なし,なし,なし,1148,PJ0018,リモート,フレックス,火,製造
2025-06-26,EMP0189,DX推進部,一般,09:49,19:08,480,139,17,,0.8,なし,あり,なし,1386,PJ0013,名古屋オフィス,シフトB,木,営業活動
2025-06-26,EMP0116,営業2部,一般,09:58,17:18,480,20,0,,1.0,なし,なし,なし,1374,PJ0015,大阪オフィス,通常,木,管理
2025-06-26,EMP0050,マーケ部,部長,,,0,0,0,慶弔,0.1,なし,なし,なし,1075,PJ0025,大阪オフィス,通常,木,管理
2025-06-26,EMP0090,DX推進部,主任,08:37,16:37,480,0,0,,0.5,なし,あり,なし,1175,PJ0024,福岡オフィス,シフトA,木,管理
2025-06-26,EMP0105,R&D部,主任,09:34,18:41,480,67,0,,0.0,なし,なし,なし,1276,PJ0001,工場,フレックス,木,事務
2025-06-26,EMP0005,経理部,係長,09:49,17:52,480,3,0,,0.3,なし,なし,なし,1711,PJ0026,本社,夜勤,木,事務
2025-06-26,EMP0073,DX推進部,一般,08:42,16:59,480,17,0,,0.8,なし,あり,なし,1180,PJ0020,本社,フレックス,木,製造
2025-06-26,EMP0023,営業1部,課長,08:25,16:30,480,5,0,,0.9,あり,なし,なし,1195,PJ0008,本社,シフトB,木,事務
2025-06-26,EMP0165,マーケ部,主任,10:27,18:32,480,5,0,,0.6,なし,なし,なし,864,PJ0029,福岡オフィス,フレックス,木,営業活動
2025-06-26,EMP0038,経理部,係長,10:46,18:46,480,0,0,,0.2,なし,なし,なし,897,PJ0025,リモート,通常,木,会議
2025-06-26,EMP0119,製造2部,一般,09:00,17:00,480,0,0,,0.3,なし,なし,なし,1692,PJ0003,工場,通常,木,事務
2025-06-26,EMP0019,人事部,課長,,,0,0,0,有給,0.4,あり,あり,なし,1793,PJ0024,大阪オフィス,夜勤,木,営業活動
2026-03-30,EMP0183,R&D部,一般,08:28,16:36,480,8,0,,0.1,あり,なし,なし,1425,PJ0011,リモート,通常,月,開発
2026-03-30,EMP0046,R&D部,一般,09:53,17:26,480,33,0,,1.0,なし,あり,なし,1818,PJ0009,本社,フレックス,月,製造
2026-03-30,EMP0041,R&D部,係長,09:08,17:04,480,56,0,,0.1,なし,なし,なし,1672,PJ0021,本社,フレックス,月,営業活動
2026-03-30,EMP0158,人事部,課長,09:14,17:14,480,0,0,,0.0,なし,なし,なし,1498,PJ0026,福岡オフィス,通常,月,管理
2026-03-30,EMP0040,マーケ部,一般,09:02,17:31,480,29,0,,0.8,なし,なし,あり,1814,PJ0028,本社,シフトA,月,会議
2026-03-30,EMP0109,情報システム部,主任,09:15,17:15,480,0,0,,0.2,あり,なし,なし,764,PJ0004,リモート,シフトB,月,管理
2026-03-30,EMP0064,営業2部,課長,09:12,17:25,480,13,0,,0.5,あり,なし,なし,1885,PJ0018,工場,夜勤,月,事務
2026-03-30,EMP0143,営業1部,一般,09:48,17:38,480,50,0,,0.2,あり,なし,なし,1547,PJ0009,リモート,シフトA,月,事務
2026-03-30,EMP0060,製造1部,課長,09:12,17:12,480,0,0,,0.1,あり,なし,なし,1134,PJ0009,名古屋オフィス,シフトA,月,会議
2026-03-30,EMP0155,人事部,一般,08:16,17:17,480,61,0,,0.1,なし,あり,なし,1793,PJ0009,名古屋オフィス,シフトB,月,営業活動
2026-03-30,EMP0140,DX推進部,課長,09:32,17:56,480,24,0,,0.3,なし,あり,なし,1305,PJ0027,名古屋オフィス,夜勤,月,会議
2026-03-30,EMP0079,経理部,主任,08:39,16:37,480,58,0,,0.0,なし,なし,なし,1529,PJ0003,工場,シフトB,月,事務
2025-09-09,EMP0050,マーケ部,部長,10:06,18:38,480,32,0,,0.8,あり,なし,なし,1126,PJ0004,福岡オフィス,夜勤,火,事務
2025-09-09,EMP0005,経理部,係長,10:50,18:50,480,0,0,,0.1,あり,なし,なし,1476,PJ0007,大阪オフィス,通常,火,製造
2025-09-09,EMP0113,マーケ部,部長,09:36,18:23,480,107,0,,0.2,あり,なし,なし,1631,PJ0014,本社,通常,火,事務
2025-09-09,EMP0177,製造1部,課長,10:35,20:51,480,136,4,,0.7,あり,なし,なし,1136,PJ0016,本社,シフトB,火,事務
2025-09-09,EMP0060,製造1部,課長,10:37,18:24,480,47,0,,0.2,あり,あり,なし,1084,PJ0011,名古屋オフィス,夜勤,火,営業活動
2025-09-09,EMP0161,R&D部,部長,10:12,18:30,480,18,0,,0.7,なし,あり,なし,1066,PJ0008,本社,通常,火,管理
2025-09-09,EMP0086,R&D部,一般,09:33,17:33,480,0,0,,0.2,あり,あり,なし,1589,PJ0002,福岡オフィス,シフトB,火,開発
2025-09-09,EMP0188,DX推進部,一般,08:56,16:05,480,9,0,,0.7,あり,あり,なし,1247,PJ0026,リモート,夜勤,火,製造
2025-09-09,EMP0013,製造2部,主任,08:34,16:30,480,56,0,,0.7,あり,あり,なし,1056,PJ0009,大阪オフィス,シフトB,火,事務
2025-09-09,EMP0186,製造2部,一般,09:14,17:14,480,0,0,,0.7,あり,あり,あり,782,PJ0004,名古屋オフィス,シフトA,火,開発
2025-09-09,EMP0072,人事部,一般,08:58,17:01,480,63,0,,0.6,なし,なし,なし,667,PJ0019,福岡オフィス,通常,火,開発
2025-09-09,EMP0182,DX推進部,主任,08:47,16:34,480,47,0,,0.0,なし,なし,なし,1155,PJ0009,名古屋オフィス,夜勤,火,会議
2026-04-03,EMP0146,情報システム部,主任,09:38,17:18,480,40,0,,0.4,あり,あり,なし,1212,PJ0007,名古屋オフィス,夜勤,金,管理
2026-04-03,EMP0149,DX推進部,課長,09:56,18:42,480,106,19,,0.7,なし,なし,なし,1440,PJ0001,大阪オフィス,夜勤,金,サポート
2026-04-03,EMP0069,DX推進部,課長,09:34,17:23,480,49,0,,0.3,なし,あり,なし,705,PJ0005,工場,通常,金,製造
2026-04-03,EMP0098,マーケ部,一般,08:00,16:23,480,23,0,,0.2,あり,あり,なし,1320,PJ0015,名古屋オフィス,シフトA,金,会議
2026-04-03,EMP0142,総務部,一般,08:06,16:06,480,0,0,,0.5,なし,あり,あり,1641,PJ0023,福岡オフィス,夜勤,金,営業活動
2026-04-03,EMP0111,情報システム部,一般,09:45,17:38,480,53,0,,0.7,あり,あり,なし,1449,PJ0020,名古屋オフィス,通常,金,管理
2026-04-03,EMP0031,営業2部,一般,09:59,18:10,480,71,0,,0.8,あり,あり,なし,1748,PJ0020,名古屋オフィス,フレックス,金,製造
2026-04-03,EMP0152,製造2部,主任,09:56,17:30,480,34,0,,0.8,なし,なし,なし,1589,PJ0018,福岡オフィス,シフトB,金,製造
2026-04-03,EMP0015,情報システム部,一般,09:55,17:55,480,0,0,,0.1,なし,なし,なし,1423,PJ0015,リモート,シフトA,金,会議
2026-04-03,EMP0075,マーケ部,課長,08:09,16:56,480,47,0,,0.4,あり,なし,なし,856,PJ0017,福岡オフィス,フレックス,金,営業活動
2026-04-03,EMP0179,製造2部,一般,09:28,17:28,480,0,0,,0.2,なし,なし,なし,1690,PJ0004,工場,シフトB,金,製造
2026-04-03,EMP0039,営業2部,主任,10:52,19:01,480,69,0,,0.7,なし,なし,なし,1671,PJ0019,大阪オフィス,シフトA,金,営業活動
2025-12-04,EMP0050,マーケ部,部長,09:21,17:59,480,38,0,,0.8,あり,なし,なし,1392,PJ0014,大阪オフィス,夜勤,木,営業活動
2025-12-04,EMP0156,総務部,主任,08:59,16:57,480,58,0,,0.1,あり,なし,なし,1305,PJ0002,福岡オフィス,シフトA,木,事務
2025-12-04,EMP0100,営業1部,主任,09:13,17:13,480,0,0,,0.3,なし,なし,なし,1032,PJ0019,本社,フレックス,木,営業活動
2025-12-04,EMP0016,製造2部,一般,,,0,0,0,傷病,0.9,なし,なし,なし,787,PJ0014,工場,夜勤,木,事務
2025-12-04,EMP0009,営業2部,一般,08:27,16:04,480,37,0,,0.5,なし,あり,なし,811,PJ0003,本社,夜勤,木,サポート
2025-12-04,EMP0195,DX推進部,主任,09:22,17:32,480,10,0,,0.5,あり,なし,なし,1317,PJ0017,本社,シフトA,木,事務
2025-12-04,EMP0108,R&D部,一般,09:55,17:35,480,40,0,,0.8,なし,なし,なし,1005,PJ0004,大阪オフィス,シフトA,木,製造
2025-12-04,EMP0174,R&D部,一般,09:13,17:46,480,33,0,,0.2,なし,なし,なし,996,PJ0019,本社,シフトB,木,サポート
2025-12-04,EMP0082,営業2部,一般,09:47,17:47,480,0,0,,0.8,なし,あり,なし,928,PJ0007,名古屋オフィス,夜勤,木,営業活動
2025-12-04,EMP0125,製造1部,一般,08:15,16:20,480,5,0,,0.4,あり,あり,なし,1759,PJ0015,福岡オフィス,シフトA,木,管理
2025-12-04,EMP0155,人事部,一般,08:21,17:25,480,64,0,,0.9,なし,なし,なし,717,PJ0001,工場,シフトB,木,製造
2025-12-04,EMP0030,総務部,一般,09:30,17:34,480,4,0,,0.6,あり,なし,なし,1096,PJ0001,名古屋オフィス,シフトB,木,サポート
2025-06-30,EMP0149,DX推進部,課長,08:56,16:27,480,31,0,,0.4,なし,あり,なし,1421,PJ0026,名古屋オフィス,通常,月,事務
2025-06-30,EMP0168,製造2部,主任,09:33,17:53,480,20,0,,0.6,あり,なし,なし,1699,PJ0011,福岡オフィス,シフトB,月,製造
2025-06-30,EMP0099,総務部,一般,10:36,18:36,480,0,0,,0.8,なし,あり,なし,1143,PJ0012,リモート,フレックス,月,事務
2025-06-30,EMP0133,経理部,主任,10:07,18:05,480,58,0,,0.2,あり,あり,なし,1571,PJ0012,福岡オフィス,フレックス,月,サポート
2025-06-30,EMP0121,製造1部,一般,10:42,18:26,480,44,0,,0.7,あり,あり,なし,1846,PJ0017,リモート,シフトA,月,開発
2025-06-30,EMP0157,製造1部,主任,10:49,18:57,480,8,0,,0.3,あり,あり,なし,1332,PJ0017,大阪オフィス,シフトB,月,管理
2025-06-30,EMP0135,営業1部,主任,09:54,18:37,480,103,3,,0.2,なし,あり,なし,679,PJ0020,福岡オフィス,シフトB,月,営業活動
2025-06-30,EMP0193,DX推進部,係長,08:39,16:49,480,10,0,,0.3,なし,なし,なし,1008,PJ0026,リモート,シフトB,月,開発
2025-06-30,EMP0116,営業2部,一般,10:45,18:00,480,15,0,,0.6,なし,なし,なし,1086,PJ0018,工場,シフトB,月,営業活動
2025-06-30,EMP0058,製造1部,一般,09:00,17:29,480,29,0,,0.7,あり,なし,なし,1031,PJ0027,福岡オフィス,シフトB,月,製造
2025-06-30,EMP0047,R&D部,主任,08:59,16:11,480,12,0,,0.5,あり,あり,なし,771,PJ0003,リモート,フレックス,月,製造
2025-06-30,EMP0107,製造2部,一般,09:41,17:53,480,12,0,,0.2,なし,なし,なし,1010,PJ0012,リモート,シフトA,月,営業活動
2024-01-01,EMP0055,経理部,主任,10:29,18:29,480,0,0,,0.3,あり,なし,なし,982,PJ0005,本社,フレックス,月,開発
2024-01-01,EMP0153,人事部,係長,09:54,17:54,480,0,0,,0.2,なし,なし,なし,1757,PJ0002,大阪オフィス,通常,月,営業活動
2024-01-01,EMP0075,マーケ部,課長,09:39,18:41,480,62,0,,0.6,なし,なし,なし,1598,PJ0023,本社,シフトB,月,サポート
2024-01-01,EMP0054,営業2部,係長,09:31,17:31,480,0,0,,0.7,なし,なし,なし,1115,PJ0023,リモート,フレックス,月,事務
2024-01-01,EMP0103,マーケ部,一般,08:35,16:17,480,42,0,,0.5,あり,なし,なし,1087,PJ0024,本社,フレックス,月,開発
2024-01-01,EMP0044,人事部,一般,09:06,17:39,480,33,0,,0.7,あり,なし,なし,1329,PJ0028,大阪オフィス,シフトA,月,管理
2024-01-01,EMP0159,人事部,主任,09:33,17:03,480,30,0,,0.1,なし,あり,なし,913,PJ0001,名古屋オフィス,夜勤,月,会議
2024-01-01,EMP0013,製造2部,主任,,,0,0,0,特別休暇,0.1,なし,なし,なし,928,PJ0010,福岡オフィス,通常,月,サポート
2024-01-01,EMP0155,人事部,一般,10:08,18:08,480,0,0,,0.7,なし,あり,なし,1710,PJ0012,工場,通常,月,営業活動
2024-01-01,EMP0117,営業1部,主任,09:53,17:38,480,45,0,,0.1,なし,なし,なし,1411,PJ0028,福岡オフィス,夜勤,月,営業活動
2024-01-01,EMP0181,営業1部,一般,09:52,18:40,480,108,0,,0.9,あり,なし,なし,1508,PJ0003,福岡オフィス,シフトA,月,事務
2024-01-01,EMP0146,情報システム部,主任,09:13,17:13,480,0,0,,0.5,なし,あり,なし,894,PJ0002,リモート,通常,月,サポート
2025-11-07,EMP0016,製造2部,一般,09:58,17:58,480,0,0,,0.8,なし,あり,なし,1012,PJ0017,工場,シフトA,金,事務
2025-11-07,EMP0011,営業2部,一般,09:47,17:55,480,8,0,,0.7,なし,あり,なし,1565,PJ0024,名古屋オフィス,フレックス,金,製造
2025-11-07,EMP0022,DX推進部,一般,09:44,17:03,480,19,0,,1.0,あり,なし,なし,1521,PJ0021,工場,シフトB,金,開発
2025-11-07,EMP0056,情報システム部,一般,09:09,17:51,480,42,0,,0.1,あり,なし,なし,1089,PJ0004,本社,フレックス,金,事務
2025-11-07,EMP0065,情報システム部,課長,08:37,16:50,480,13,0,,0.7,あり,なし,なし,1616,PJ0015,福岡オフィス,通常,金,事務
2025-11-07,EMP0105,R&D部,主任,10:56,18:56,480,0,0,,0.9,あり,なし,なし,1096,PJ0008,福岡オフィス,シフトA,金,事務
2025-11-07,EMP0168,製造2部,主任,09:14,17:41,480,27,0,,0.4,あり,あり,なし,1708,PJ0001,福岡オフィス,シフトB,金,製造
2025-11-07,EMP0120,製造1部,部長,08:51,17:11,480,80,0,,0.2,あり,なし,なし,1728,PJ0018,本社,シフトA,金,管理
2025-11-07,EMP0149,DX推進部,課長,,,0,0,0,有給,0.2,なし,なし,あり,1783,PJ0015,工場,シフトA,金,会議
2025-11-07,EMP0092,人事部,一般,09:41,17:41,480,0,0,,0.1,あり,あり,なし,1518,PJ0012,大阪オフィス,フレックス,金,開発
2025-11-07,EMP0166,営業2部,主任,10:48,18:48,480,0,0,,0.0,なし,なし,なし,1779,PJ0006,リモート,フレックス,金,製造
2025-11-07,EMP0142,総務部,一般,09:19,18:59,480,100,29,,0.7,なし,あり,なし,1176,PJ0025,リモート,シフトA,金,管理
2026-04-06,EMP0050,マーケ部,部長,08:35,16:25,480,50,0,,0.6,なし,なし,あり,1840,PJ0003,本社,シフトB,月,製造
2026-04-06,EMP0111,情報システム部,一般,10:28,18:28,480,0,0,,0.1,なし,あり,なし,1423,PJ0010,大阪オフィス,フレックス,月,管理
2026-04-06,EMP0083,R&D部,一般,09:55,17:47,480,52,0,,0.9,なし,なし,なし,1619,PJ0002,工場,夜勤,月,管理
2026-04-06,EMP0119,製造2部,一般,09:10,17:57,480,47,0,,1.0,なし,なし,なし,1264,PJ0025,リモート,シフトA,月,営業活動
2026-04-06,EMP0027,マーケ部,主任,09:50,17:38,480,48,0,,0.1,あり,なし,なし,851,PJ0007,本社,通常,月,開発
2026-04-06,EMP0132,マーケ部,係長,09:55,18:34,480,99,0,,0.4,なし,なし,なし,1636,PJ0029,本社,シフトB,月,サポート
2026-04-06,EMP0142,総務部,一般,09:33,17:38,480,5,0,,0.4,あり,なし,なし,1494,PJ0008,名古屋オフィス,フレックス,月,会議
2026-04-06,EMP0157,製造1部,主任,10:46,19:49,480,63,0,,0.7,なし,あり,なし,1579,PJ0007,本社,通常,月,営業活動
2026-04-06,EMP0106,人事部,一般,08:55,16:45,480,50,0,,0.2,なし,あり,なし,992,PJ0026,福岡オフィス,通常,月,開発
2026-04-06,EMP0102,経理部,一般,10:26,18:20,480,54,0,,0.1,なし,なし,なし,1040,PJ0006,リモート,フレックス,月,サポート
2026-04-06,EMP0127,情報システム部,課長,08:48,16:10,480,22,0,,0.9,あり,なし,なし,1591,PJ0012,大阪オフィス,シフトA,月,開発
2026-04-06,EMP0189,DX推進部,一般,10:26,18:35,480,9,0,,0.4,なし,なし,なし,752,PJ0016,本社,通常,月,開発
2025-08-21,EMP0050,マーケ部,部長,,,0,0,0,有給,0.8,あり,なし,なし,1483,PJ0012,工場,シフトB,木,営業活動
2025-08-21,EMP0073,DX推進部,一般,08:48,16:06,480,18,0,,0.3,なし,あり,あり,738,PJ0029,工場,通常,木,管理
2025-08-21,EMP0108,R&D部,一般,08:22,17:32,480,70,0,,0.1,あり,なし,なし,1572,PJ0019,工場,シフトA,木,会議
2025-08-21,EMP0175,営業2部,一般,10:45,19:07,480,82,0,,0.2,あり,なし,なし,1285,PJ0020,リモート,シフトA,木,会議
2025-08-21,EMP0118,製造2部,一般,10:35,18:18,480,43,0,,0.7,あり,なし,なし,1155,PJ0026,本社,シフトB,木,サポート
2025-08-21,EMP0099,総務部,一般,08:27,16:27,480,0,0,,0.9,なし,なし,なし,1499,PJ0006,名古屋オフィス,通常,木,営業活動
2025-08-21,EMP0141,人事部,主任,09:49,17:12,480,23,0,,0.3,なし,なし,なし,1128,PJ0025,大阪オフィス,シフトB,木,製造
2025-08-21,EMP0149,DX推進部,課長,08:12,16:12,480,0,0,,0.8,あり,なし,なし,1120,PJ0026,本社,フレックス,木,営業活動
2025-08-21,EMP0026,経理部,一般,09:15,17:28,480,13,0,,0.8,なし,なし,なし,1186,PJ0028,工場,通常,木,サポート
2025-08-21,EMP0147,R&D部,係長,09:39,17:39,480,0,0,,0.5,なし,なし,なし,849,PJ0012,工場,フレックス,木,管理
2025-08-21,EMP0188,DX推進部,一般,10:51,18:42,480,51,0,,0.5,なし,あり,なし,885,PJ0004,リモート,シフトA,木,開発
2025-08-21,EMP0036,製造2部,一般,08:46,16:42,480,56,0,,0.8,なし,なし,なし,939,PJ0018,福岡オフィス,フレックス,木,事務
2025-12-01,EMP0056,情報システム部,一般,08:14,16:23,480,9,0,,0.6,あり,あり,なし,923,PJ0020,福岡オフィス,シフトB,月,営業活動
2025-12-01,EMP0116,営業2部,一般,09:19,17:24,480,5,0,,0.2,なし,あり,あり,1706,PJ0023,工場,夜勤,月,営業活動
2025-12-01,EMP0097,R&D部,係長,08:42,16:42,480,0,0,,0.4,あり,なし,なし,1179,PJ0008,工場,フレックス,月,会議
2025-12-01,EMP0087,製造1部,一般,09:05,17:10,480,5,0,,0.6,あり,なし,なし,1102,PJ0010,福岡オフィス,夜勤,月,会議
2025-12-01,EMP0160,経理部,課長,08:02,16:02,480,0,0,,0.7,なし,なし,なし,1310,PJ0010,本社,通常,月,会議
2025-12-01,EMP0100,営業1部,主任,09:09,18:10,480,61,0,,0.7,なし,なし,なし,1762,PJ0026,本社,通常,月,営業活動
2025-12-01,EMP0082,営業2部,一般,08:35,16:13,480,38,0,,0.9,あり,なし,なし,1405,PJ0017,リモート,シフトA,月,会議
2025-12-01,EMP0197,製造1部,課長,09:34,17:02,480,28,0,,0.8,なし,あり,なし,1441,PJ0022,福岡オフィス,通常,月,開発
2025-12-01,EMP0077,DX推進部,課長,09:07,17:07,480,0,0,,0.8,なし,あり,なし,1263,PJ0029,本社,夜勤,月,事務
2025-12-01,EMP0196,マーケ部,主任,08:40,16:46,480,6,0,,0.8,あり,なし,なし,1528,PJ0012,名古屋オフィス,通常,月,製造
2025-12-01,EMP0090,DX推進部,主任,09:36,17:16,480,40,0,,0.7,あり,あり,なし,1153,PJ0007,本社,フレックス,月,事務
2025-12-01,EMP0039,営業2部,主任,08:39,16:39,480,0,0,,0.9,なし,なし,なし,938,PJ0006,福岡オフィス,シフトB,月,管理
2025-05-12,EMP0102,経理部,一般,08:10,16:49,480,39,0,,1.0,なし,あり,なし,1393,PJ0009,福岡オフィス,通常,月,開発
2025-05-12,EMP0139,経理部,一般,09:59,17:29,480,30,0,,0.1,あり,なし,なし,1566,PJ0022,福岡オフィス,シフトA,月,管理
2025-05-12,EMP0121,製造1部,一般,09:54,17:49,480,55,0,,0.1,あり,あり,なし,1600,PJ0025,本社,通常,月,事務
2025-05-12,EMP0198,製造1部,主任,10:03,19:24,480,81,0,,0.6,あり,あり,なし,1290,PJ0007,名古屋オフィス,シフトA,月,サポート
2025-05-12,EMP0096,R&D部,課長,09:45,17:22,480,37,0,,1.0,なし,なし,なし,1439,PJ0007,本社,シフトB,月,製造
2025-05-12,EMP0165,マーケ部,主任,09:23,17:33,480,10,0,,0.5,なし,なし,なし,1346,PJ0010,名古屋オフィス,シフトA,月,営業活動
2025-05-12,EMP0157,製造1部,主任,08:58,16:58,480,0,0,,0.5,なし,なし,なし,1455,PJ0028,工場,シフトB,月,会議
2025-05-12,EMP0056,情報システム部,一般,09:36,17:49,480,13,0,,0.6,なし,なし,なし,1017,PJ0026,名古屋オフィス,シフトA,月,事務
2025-05-12,EMP0180,営業2部,一般,,,0,0,0,代休,0.0,あり,なし,なし,1644,PJ0011,大阪オフィス,夜勤,月,会議
2025-05-12,EMP0086,R&D部,一般,08:17,16:50,480,33,0,,0.2,なし,あり,なし,1467,PJ0029,工場,フレックス,月,事務
2025-05-12,EMP0150,総務部,係長,08:56,16:20,480,24,0,,0.5,なし,なし,なし,1739,PJ0026,リモート,フレックス,月,事務
2025-05-12,EMP0045,マーケ部,係長,09:55,17:56,480,1,0,,1.0,あり,なし,なし,1438,PJ0028,本社,夜勤,月,管理
2024-11-04,EMP0138,DX推進部,主任,09:08,17:45,480,37,0,,0.9,あり,あり,なし,826,PJ0001,福岡オフィス,フレックス,月,営業活動
2024-11-04,EMP0126,経理部,一般,09:45,17:33,480,48,0,,0.4,なし,なし,なし,1715,PJ0002,福岡オフィス,シフトA,月,会議
2024-11-04,EMP0189,DX推進部,一般,08:40,16:44,480,4,0,,0.9,あり,なし,なし,1136,PJ0008,名古屋オフィス,フレックス,月,サポート
2024-11-04,EMP0076,製造1部,係長,08:30,16:30,480,0,0,,0.8,あり,なし,なし,1105,PJ0010,福岡オフィス,シフトA,月,会議
2024-11-04,EMP0086,R&D部,一般,09:58,17:58,480,0,0,,0.1,なし,なし,なし,1707,PJ0011,リモート,シフトA,月,管理
2024-11-04,EMP0088,営業1部,係長,,,0,0,0,特別休暇,1.0,なし,あり,なし,1306,PJ0025,大阪オフィス,夜勤,月,営業活動
2024-11-04,EMP0149,DX推進部,課長,10:59,18:59,480,0,0,,0.1,あり,あり,なし,1169,PJ0008,本社,フレックス,月,開発
2024-11-04,EMP0043,DX推進部,課長,,,0,0,0,有給,0.7,あり,あり,なし,1685,PJ0010,リモート,シフトB,月,開発
2024-11-04,EMP0021,マーケ部,課長,08:59,17:49,480,110,0,,0.5,あり,なし,なし,791,PJ0019,大阪オフィス,シフトB,月,会議
2024-11-04,EMP0064,営業2部,課長,08:25,16:53,480,28,0,,0.1,あり,なし,なし,1525,PJ0012,大阪オフィス,夜勤,月,会議
2024-11-04,EMP0186,製造2部,一般,09:14,17:14,480,0,0,,0.0,なし,あり,なし,1006,PJ0021,工場,夜勤,月,サポート
2024-11-04,EMP0116,営業2部,一般,,,0,0,0,有給,0.9,あり,あり,なし,1498,PJ0005,大阪オフィス,シフトB,月,サポート
2024-06-17,EMP0057,DX推進部,主任,09:17,17:23,480,6,0,,0.6,あり,なし,あり,867,PJ0017,大阪オフィス,シフトA,月,製造
2024-06-17,EMP0050,マーケ部,部長,08:48,16:14,480,26,0,,0.6,なし,なし,なし,1515,PJ0004,リモート,シフトA,月,管理
2024-06-17,EMP0039,営業2部,主任,09:20,17:20,480,0,0,,0.6,あり,なし,なし,877,PJ0001,名古屋オフィス,シフトA,月,営業活動
2024-06-17,EMP0026,経理部,一般,08:24,16:56,480,32,0,,0.6,なし,あり,なし,1318,PJ0019,本社,シフトA,月,製造
2024-06-17,EMP0186,製造2部,一般,09:08,18:45,480,97,2,,0.1,あり,あり,なし,840,PJ0004,本社,フレックス,月,会議
2024-06-17,EMP0052,営業2部,部長,08:04,16:36,480,32,0,,0.8,あり,あり,なし,1339,PJ0018,大阪オフィス,フレックス,月,製造
2024-06-17,EMP0178,営業1部,一般,09:57,18:31,480,94,0,,0.9,あり,なし,なし,1776,PJ0002,本社,フレックス,月,管理
2024-06-17,EMP0168,製造2部,主任,09:27,17:37,480,10,0,,0.8,なし,あり,なし,1492,PJ0017,名古屋オフィス,夜勤,月,事務
2024-06-17,EMP0004,営業2部,主任,,,0,0,0,有給,0.7,なし,なし,なし,1009,PJ0026,名古屋オフィス,シフトB,月,会議
2024-06-17,EMP0163,マーケ部,係長,09:33,17:08,480,35,0,,0.1,なし,なし,なし,1554,PJ0023,福岡オフィス,シフトB,月,製造
2024-06-17,EMP0049,総務部,係長,,,0,0,0,特別休暇,0.3,なし,なし,なし,1525,PJ0028,工場,シフトA,月,会議
2024-06-17,EMP0075,マーケ部,課長,09:39,17:56,480,17,0,,0.7,なし,なし,なし,1881,PJ0008,名古屋オフィス,夜勤,月,製造
2025-12-03,EMP0128,製造2部,一般,10:53,19:11,480,78,0,,0.4,あり,なし,なし,1818,PJ0017,名古屋オフィス,シフトB,水,事務
2025-12-03,EMP0048,DX推進部,一般,09:16,17:52,480,36,0,,0.5,あり,なし,なし,1687,PJ0004,本社,通常,水,事務
2025-12-03,EMP0054,営業2部,係長,10:35,19:02,480,87,0,,1.0,なし,なし,なし,964,PJ0011,名古屋オフィス,シフトA,水,管理
2025-12-03,EMP0046,R&D部,一般,10:20,18:20,480,0,0,,0.1,あり,あり,なし,1692,PJ0021,リモート,通常,水,事務
2025-12-03,EMP0070,製造1部,係長,08:09,16:09,480,0,0,,0.0,なし,なし,なし,708,PJ0010,工場,シフトA,水,製造
2025-12-03,EMP0063,人事部,主任,09:36,17:04,480,28,0,,0.6,なし,なし,なし,1345,PJ0019,工場,夜勤,水,サポート
2025-12-03,EMP0142,総務部,一般,09:08,17:30,480,22,0,,0.2,あり,あり,なし,1518,PJ0016,本社,フレックス,水,事務
2025-12-03,EMP0074,DX推進部,一般,08:21,16:13,480,52,0,,0.2,なし,あり,なし,1030,PJ0013,名古屋オフィス,シフトA,水,開発
2025-12-03,EMP0104,営業2部,一般,09:54,17:23,480,29,0,,0.0,なし,あり,なし,1656,PJ0005,リモート,夜勤,水,事務
2025-12-03,EMP0190,営業1部,主任,09:15,17:15,480,0,0,,0.3,なし,なし,なし,717,PJ0015,名古屋オフィス,シフトA,水,サポート
2025-12-03,EMP0154,営業1部,一般,09:40,17:34,480,54,0,,0.6,あり,なし,なし,936,PJ0025,本社,シフトA,水,開発
2025-12-03,EMP0114,DX推進部,一般,09:25,17:57,480,32,0,,0.7,なし,あり,なし,1532,PJ0014,工場,夜勤,水,開発
2025-11-17,EMP0026,経理部,一般,09:39,18:03,480,84,0,,0.9,なし,なし,なし,1119,PJ0023,工場,通常,月,事務
2025-11-17,EMP0100,営業1部,主任,09:55,17:55,480,0,0,,0.0,なし,なし,あり,1065,PJ0008,リモート,シフトA,月,サポート
2025-11-17,EMP0185,営業2部,主任,09:28,17:28,480,0,0,,0.5,あり,なし,なし,1267,PJ0014,本社,シフトB,月,製造
2025-11-17,EMP0035,R&D部,係長,08:04,16:39,480,35,0,,0.4,あり,なし,なし,1397,PJ0008,本社,フレックス,月,会議
2025-11-17,EMP0111,情報システム部,一般,09:03,17:54,480,51,0,,0.7,あり,あり,あり,1115,PJ0023,名古屋オフィス,シフトA,月,営業活動
2025-11-17,EMP0028,情報システム部,課長,09:57,17:40,480,43,0,,0.4,なし,なし,なし,1035,PJ0005,本社,夜勤,月,営業活動
2025-11-17,EMP0173,経理部,一般,09:47,17:34,480,47,0,,0.8,なし,なし,なし,665,PJ0021,リモート,通常,月,製造
2025-11-17,EMP0016,製造2部,一般,,,0,0,0,有給,0.1,あり,あり,なし,1298,PJ0001,名古屋オフィス,シフトB,月,開発
2025-11-17,EMP0045,マーケ部,係長,09:11,17:01,480,50,0,,0.6,なし,なし,なし,1789,PJ0007,リモート,通常,月,会議
2025-11-17,EMP0025,総務部,一般,09:52,17:52,480,0,0,,0.4,なし,あり,なし,1844,PJ0021,リモート,夜勤,月,会議
2025-11-17,EMP0055,経理部,主任,08:11,16:39,480,28,0,,0.8,なし,あり,なし,1217,PJ0021,リモート,通常,月,事務
2025-11-17,EMP0058,製造1部,一般,09:27,17:41,480,14,0,,0.9,なし,なし,なし,1696,PJ0011,大阪オフィス,シフトB,月,製造
2026-01-23,EMP0112,人事部,課長,08:09,16:09,480,0,0,,0.6,あり,なし,なし,919,PJ0020,工場,夜勤,金,サポート
2026-01-23,EMP0037,人事部,部長,08:52,16:49,480,57,0,,0.3,なし,あり,なし,1620,PJ0024,福岡オフィス,フレックス,金,開発
2026-01-23,EMP0156,総務部,主任,08:02,16:14,480,12,0,,0.3,なし,なし,なし,1172,PJ0004,名古屋オフィス,シフトA,金,開発
2026-01-23,EMP0111,情報システム部,一般,08:51,17:52,480,61,0,,0.6,あり,なし,なし,1524,PJ0023,リモート,通常,金,開発
2026-01-23,EMP0131,営業2部,一般,10:44,18:50,480,6,0,,0.7,あり,あり,あり,1107,PJ0029,名古屋オフィス,フレックス,金,開発
2026-01-23,EMP0041,R&D部,係長,09:39,18:01,480,82,0,,0.9,あり,なし,なし,637,PJ0027,工場,フレックス,金,事務
2026-01-23,EMP0081,営業2部,部長,09:10,17:10,480,0,0,,0.6,あり,あり,なし,1428,PJ0029,福岡オフィス,フレックス,金,製造
2026-01-23,EMP0001,経理部,主任,10:06,18:33,480,27,0,,0.7,なし,なし,なし,980,PJ0002,本社,夜勤,金,営業活動
2026-01-23,EMP0002,製造1部,一般,08:36,16:02,480,26,0,,0.7,なし,なし,なし,1153,PJ0025,本社,通常,金,管理
2026-01-23,EMP0141,人事部,主任,10:55,18:19,480,24,0,,0.2,なし,なし,なし,1502,PJ0028,大阪オフィス,シフトB,金,サポート
2026-01-23,EMP0192,マーケ部,課長,08:05,16:54,480,49,0,,0.1,なし,なし,なし,915,PJ0007,リモート,夜勤,金,事務
2026-01-23,EMP0048,DX推進部,一般,09:47,17:47,480,0,0,,0.1,あり,あり,なし,1227,PJ0019,名古屋オフィス,通常,金,管理
2025-02-12,EMP0044,人事部,一般,09:34,17:35,480,1,0,,0.8,あり,あり,あり,1506,PJ0014,リモート,シフトB,水,管理
2025-02-12,EMP0124,経理部,課長,10:15,18:05,480,50,0,,1.0,あり,なし,なし,1281,PJ0021,名古屋オフィス,シフトB,水,開発
2025-02-12,EMP0167,営業1部,一般,09:39,17:39,480,0,0,,0.5,あり,なし,なし,1412,PJ0001,福岡オフィス,シフトB,水,製造
2025-02-12,EMP0070,製造1部,係長,08:19,17:32,480,73,0,,0.8,なし,あり,なし,1187,PJ0007,名古屋オフィス,シフトB,水,会議
2025-02-12,EMP0027,マーケ部,主任,,,0,0,0,代休,0.9,なし,なし,なし,995,PJ0020,本社,通常,水,営業活動
2025-02-12,EMP0172,製造1部,一般,10:59,19:14,480,75,0,,0.8,なし,なし,なし,1387,PJ0017,大阪オフィス,通常,水,管理
2025-02-12,EMP0060,製造1部,課長,08:48,16:35,480,47,0,,0.9,なし,なし,なし,1099,PJ0011,大阪オフィス,通常,水,サポート
2025-02-12,EMP0194,営業1部,係長,09:34,17:34,480,0,0,,0.5,なし,なし,あり,1100,PJ0018,福岡オフィス,通常,水,サポート
2025-02-12,EMP0109,情報システム部,主任,09:20,17:44,480,24,0,,0.8,なし,なし,なし,1746,PJ0014,工場,シフトA,水,製造
2025-02-12,EMP0169,経理部,課長,09:35,18:39,480,64,0,,0.1,あり,あり,なし,911,PJ0027,本社,夜勤,水,製造
2025-02-12,EMP0190,営業1部,主任,09:23,18:36,480,73,0,,0.1,なし,あり,なし,1221,PJ0029,名古屋オフィス,シフトB,水,営業活動
2025-02-12,EMP0150,総務部,係長,10:20,18:53,480,33,0,,0.7,あり,なし,なし,920,PJ0016,名古屋オフィス,フレックス,水,会議
2024-10-21,EMP0135,営業1部,主任,08:48,16:59,480,11,0,,0.7,なし,なし,なし,1103,PJ0007,福岡オフィス,シフトB,月,開発
2024-10-21,EMP0146,情報システム部,主任,09:36,18:45,480,69,0,,0.8,あり,なし,なし,1614,PJ0028,リモート,フレックス,月,製造
2024-10-21,EMP0095,総務部,一般,,,0,0,0,慶弔,0.1,なし,なし,なし,1266,PJ0007,福岡オフィス,通常,月,開発
2024-10-21,EMP0168,製造2部,主任,09:05,18:05,480,60,0,,0.1,なし,なし,なし,1205,PJ0001,本社,夜勤,月,営業活動
2024-10-21,EMP0178,営業1部,一般,09:54,17:54,480,0,0,,0.8,あり,なし,なし,1564,PJ0029,工場,フレックス,月,営業活動
2024-10-21,EMP0065,情報システム部,課長,08:57,16:47,480,50,0,,0.2,なし,なし,なし,1057,PJ0003,本社,シフトA,月,会議
2024-10-21,EMP0019,人事部,課長,,,0,0,0,有給,0.3,あり,あり,なし,1602,PJ0010,工場,夜勤,月,営業活動
2024-10-21,EMP0038,経理部,係長,09:13,17:13,480,0,0,,0.0,あり,なし,なし,1570,PJ0002,工場,シフトB,月,製造
2024-10-21,EMP0183,R&D部,一般,,,0,0,0,特別休暇,0.2,あり,なし,なし,757,PJ0026,工場,シフトB,月,会議
2024-10-21,EMP0152,製造2部,主任,08:16,16:03,480,47,0,,0.2,あり,なし,なし,1191,PJ0019,本社,フレックス,月,開発
2024-10-21,EMP0020,製造2部,係長,08:57,16:30,480,33,0,,0.1,あり,あり,なし,1519,PJ0002,本社,シフトA,月,製造
2024-10-21,EMP0198,製造1部,主任,09:02,17:03,480,1,0,,0.2,あり,あり,なし,1286,PJ0018,工場,シフトA,月,事務
2025-11-14,EMP0190,営業1部,主任,09:40,17:58,480,18,0,,0.4,なし,なし,なし,748,PJ0006,福岡オフィス,シフトB,金,会議
2025-11-14,EMP0037,人事部,部長,,,0,0,0,代休,0.4,あり,あり,なし,1547,PJ0011,本社,夜勤,金,サポート
2025-11-14,EMP0079,経理部,主任,09:43,17:53,480,10,0,,0.1,なし,なし,なし,1533,PJ0022,工場,シフトB,金,サポート
2025-11-14,EMP0011,営業2部,一般,09:12,17:30,480,18,0,,1.0,あり,あり,なし,984,PJ0022,福岡オフィス,夜勤,金,開発
2025-11-14,EMP0166,営業2部,主任,09:19,17:19,480,0,0,,0.6,なし,なし,なし,865,PJ0013,福岡オフィス,夜勤,金,サポート
2025-11-14,EMP0049,総務部,係長,09:27,17:27,480,0,0,,0.5,なし,なし,なし,1794,PJ0013,本社,フレックス,金,管理
2025-11-14,EMP0124,経理部,課長,08:34,16:12,480,38,0,,0.4,あり,なし,なし,1685,PJ0028,名古屋オフィス,シフトA,金,会議
2025-11-14,EMP0099,総務部,一般,09:19,17:19,480,0,0,,0.1,なし,あり,なし,1179,PJ0006,リモート,通常,金,管理
2025-11-14,EMP0151,営業2部,係長,08:41,16:43,480,2,0,,0.3,あり,なし,なし,816,PJ0029,名古屋オフィス,通常,金,事務
2025-11-14,EMP0034,DX推進部,主任,09:57,17:57,480,0,0,,0.9,なし,なし,なし,1008,PJ0029,名古屋オフィス,通常,金,会議
2025-11-14,EMP0158,人事部,課長,10:15,18:15,480,0,0,,0.1,あり,なし,なし,1375,PJ0008,リモート,フレックス,金,会議
2025-11-14,EMP0026,経理部,一般,,,0,0,0,有給,0.7,なし,あり,なし,1650,PJ0020,リモート,フレックス,金,会議
2025-07-16,EMP0089,営業1部,課長,09:17,17:43,480,26,0,,0.8,なし,なし,なし,1864,PJ0023,工場,通常,水,製造
2025-07-16,EMP0155,人事部,一般,08:02,16:40,480,38,0,,0.2,なし,なし,なし,1601,PJ0002,大阪オフィス,夜勤,水,サポート
2025-07-16,EMP0183,R&D部,一般,,,0,0,0,有給,0.9,なし,あり,なし,930,PJ0007,本社,通常,水,サポート
2025-07-16,EMP0110,総務部,課長,08:08,16:08,480,0,0,,0.4,なし,あり,なし,1054,PJ0006,大阪オフィス,フレックス,水,会議
2025-07-16,EMP0036,製造2部,一般,08:05,16:33,480,28,0,,0.3,あり,あり,なし,1856,PJ0013,本社,シフトB,水,製造
2025-07-16,EMP0093,DX推進部,一般,08:39,16:40,480,1,0,,0.8,あり,なし,なし,732,PJ0011,リモート,夜勤,水,営業活動
2025-07-16,EMP0180,営業2部,一般,,,0,0,0,傷病,0.1,なし,あり,あり,1795,PJ0016,大阪オフィス,夜勤,水,管理
2025-07-16,EMP0054,営業2部,係長,10:31,18:31,480,0,0,,0.0,なし,あり,なし,1195,PJ0024,福岡オフィス,シフトA,水,開発
2025-07-16,EMP0073,DX推進部,一般,08:34,16:55,480,21,0,,1.0,なし,なし,なし,987,PJ0007,名古屋オフィス,シフトB,水,製造
2025-07-16,EMP0028,情報システム部,課長,09:51,17:14,480,23,0,,0.1,なし,あり,なし,1653,PJ0019,本社,夜勤,水,サポート
2025-07-16,EMP0164,情報システム部,一般,08:12,16:09,480,57,0,,0.6,なし,なし,なし,1548,PJ0001,名古屋オフィス,通常,水,会議
2025-07-16,EMP0144,営業2部,部長,09:06,17:21,480,15,0,,0.2,なし,あり,なし,1166,PJ0008,リモート,通常,水,管理
2024-12-09,EMP0085,総務部,一般,,,0,0,0,有給,0.6,なし,あり,なし,1716,PJ0003,本社,シフトA,月,製造
2024-12-09,EMP0021,マーケ部,課長,,,0,0,0,傷病,0.5,なし,なし,なし,1525,PJ0028,福岡オフィス,フレックス,月,製造
2024-12-09,EMP0015,情報システム部,一般,08:23,16:15,480,52,0,,0.3,あり,なし,なし,937,PJ0012,福岡オフィス,フレックス,月,営業活動
2024-12-09,EMP0126,経理部,一般,08:27,16:04,480,37,0,,0.4,なし,なし,なし,1772,PJ0028,工場,フレックス,月,サポート
2024-12-09,EMP0070,製造1部,係長,09:09,17:09,480,0,0,,0.7,あり,あり,なし,1389,PJ0015,大阪オフィス,通常,月,開発
2024-12-09,EMP0016,製造2部,一般,09:00,18:07,480,67,0,,0.4,なし,なし,なし,938,PJ0016,名古屋オフィス,シフトA,月,事務
2024-12-09,EMP0083,R&D部,一般,09:53,18:37,480,104,24,,0.3,なし,あり,なし,978,PJ0015,リモート,シフトA,月,開発
2024-12-09,EMP0156,総務部,主任,09:00,17:25,480,25,0,,1.0,なし,なし,なし,707,PJ0013,大阪オフィス,フレックス,月,製造
2024-12-09,EMP0182,DX推進部,主任,09:46,17:46,480,0,0,,0.1,なし,あり,なし,1819,PJ0009,福岡オフィス,シフトA,月,製造
2024-12-09,EMP0189,DX推進部,一般,08:39,16:26,480,47,0,,0.2,なし,あり,なし,1632,PJ0026,大阪オフィス,シフトB,月,製造
2024-12-09,EMP0074,DX推進部,一般,08:02,17:07,480,65,0,,0.5,あり,あり,なし,1537,PJ0001,本社,通常,月,営業活動
2024-12-09,EMP0174,R&D部,一般,09:05,17:33,480,28,0,,0.8,なし,あり,なし,937,PJ0002,リモート,シフトB,月,開発
2024-09-23,EMP0144,営業2部,部長,10:31,18:33,480,2,0,,0.4,あり,なし,なし,1581,PJ0004,工場,夜勤,月,会議
2024-09-23,EMP0051,DX推進部,一般,09:29,17:29,480,0,0,,0.9,なし,なし,なし,1894,PJ0007,大阪オフィス,夜勤,月,開発
2024-09-23,EMP0172,製造1部,一般,08:53,16:06,480,13,0,,0.3,あり,なし,なし,986,PJ0018,リモート,シフトB,月,サポート
2024-09-23,EMP0003,経理部,係長,09:06,18:12,480,66,0,,0.3,なし,あり,なし,1694,PJ0009,工場,フレックス,月,管理
2024-09-23,EMP0077,DX推進部,課長,09:48,17:42,480,54,0,,0.8,なし,なし,なし,1109,PJ0010,名古屋オフィス,夜勤,月,会議
2024-09-23,EMP0064,営業2部,課長,09:52,17:50,480,58,0,,0.1,なし,あり,なし,1519,PJ0012,名古屋オフィス,夜勤,月,製造
2024-09-23,EMP0033,情報システム部,主任,09:53,17:44,480,51,0,,0.8,なし,あり,なし,978,PJ0010,名古屋オフィス,シフトB,月,営業活動
2024-09-23,EMP0170,営業2部,課長,09:15,17:54,480,39,0,,1.0,なし,あり,なし,678,PJ0005,名古屋オフィス,フレックス,月,会議
2024-09-23,EMP0016,製造2部,一般,09:54,18:18,480,84,0,,0.3,あり,あり,なし,1110,PJ0015,工場,シフトB,月,営業活動
2024-09-23,EMP0045,マーケ部,係長,09:39,18:49,480,70,0,,0.1,なし,なし,なし,1418,PJ0023,本社,シフトA,月,会議
2024-09-23,EMP0118,製造2部,一般,09:05,18:41,480,96,15,,0.7,なし,あり,なし,1310,PJ0001,名古屋オフィス,夜勤,月,開発
2024-09-23,EMP0151,営業2部,係長,10:29,18:40,480,11,0,,0.1,あり,なし,なし,982,PJ0003,大阪オフィス,シフトB,月,開発
2025-12-22,EMP0172,製造1部,一般,09:33,17:33,480,0,0,,0.9,あり,あり,なし,1724,PJ0020,リモート,フレックス,月,開発
2025-12-22,EMP0119,製造2部,一般,10:48,18:48,480,0,0,,0.7,なし,あり,なし,1853,PJ0029,福岡オフィス,シフトB,月,サポート
2025-12-22,EMP0146,情報システム部,主任,09:47,17:00,480,13,0,,0.2,なし,なし,なし,1884,PJ0021,リモート,シフトB,月,サポート
2025-12-22,EMP0107,製造2部,一般,09:01,18:12,480,71,0,,0.2,なし,あり,なし,1028,PJ0029,本社,シフトB,月,サポート
2025-12-22,EMP0037,人事部,部長,10:09,19:37,480,88,0,,0.7,なし,なし,なし,1200,PJ0027,工場,シフトA,月,サポート
2025-12-22,EMP0127,情報システム部,課長,10:43,18:09,480,26,0,,0.8,なし,なし,なし,1410,PJ0016,名古屋オフィス,シフトA,月,管理
2025-12-22,EMP0095,総務部,一般,08:29,17:00,480,91,9,,0.7,あり,あり,なし,1246,PJ0025,本社,シフトB,月,管理
2025-12-22,EMP0059,製造1部,係長,09:58,17:32,480,34,0,,0.9,なし,なし,なし,1226,PJ0027,名古屋オフィス,夜勤,月,開発
2025-12-22,EMP0122,営業1部,一般,,,0,0,0,有給,0.0,なし,なし,なし,1747,PJ0023,福岡オフィス,シフトA,月,事務
2025-12-22,EMP0174,R&D部,一般,09:04,17:35,480,31,0,,1.0,なし,あり,あり,887,PJ0006,工場,通常,月,事務
2025-12-22,EMP0002,製造1部,一般,09:04,17:27,480,23,0,,0.9,なし,なし,なし,1609,PJ0021,名古屋オフィス,シフトA,月,管理
2025-12-22,EMP0012,製造2部,一般,09:41,19:56,480,135,20,,0.8,あり,あり,なし,1701,PJ0016,名古屋オフィス,通常,月,営業活動
2025-01-14,EMP0067,DX推進部,係長,09:00,17:00,480,0,0,,0.1,なし,なし,なし,1203,PJ0027,名古屋オフィス,フレックス,火,管理
2025-01-14,EMP0012,製造2部,一般,09:39,17:48,480,9,0,,0.5,なし,なし,なし,1298,PJ0014,名古屋オフィス,夜勤,火,サポート
2025-01-14,EMP0056,情報システム部,一般,10:39,18:55,480,16,0,,0.9,あり,なし,なし,1701,PJ0013,福岡オフィス,シフトB,火,製造
2025-01-14,EMP0037,人事部,部長,09:15,17:36,480,21,0,,0.1,あり,なし,なし,1411,PJ0023,大阪オフィス,シフトA,火,営業活動
2025-01-14,EMP0027,マーケ部,主任,09:03,18:36,480,93,19,,0.9,あり,なし,なし,1013,PJ0014,大阪オフィス,シフトA,火,管理
2025-01-14,EMP0160,経理部,課長,08:20,16:27,480,7,0,,0.8,なし,なし,なし,788,PJ0010,名古屋オフィス,フレックス,火,管理
2025-01-14,EMP0011,営業2部,一般,08:33,17:35,480,62,0,,0.0,あり,あり,なし,850,PJ0012,リモート,通常,火,開発
2025-01-14,EMP0158,人事部,課長,09:58,17:50,480,52,0,,0.6,なし,なし,なし,1137,PJ0011,大阪オフィス,夜勤,火,製造
2025-01-14,EMP0047,R&D部,主任,08:57,16:28,480,31,0,,0.9,あり,あり,なし,799,PJ0002,名古屋オフィス,シフトA,火,営業活動
2025-01-14,EMP0130,総務部,係長,09:53,17:11,480,18,0,,0.7,なし,なし,なし,1146,PJ0009,リモート,フレックス,火,管理
2025-01-14,EMP0066,人事部,係長,09:19,17:41,480,22,0,,1.0,なし,なし,なし,1168,PJ0005,福岡オフィス,フレックス,火,会議
2025-01-14,EMP0108,R&D部,一般,08:02,16:02,480,0,0,,0.0,あり,なし,なし,1735,PJ0019,工場,フレックス,火,管理
2025-10-16,EMP0035,R&D部,係長,08:13,16:13,480,0,0,,0.1,なし,なし,あり,1299,PJ0023,本社,夜勤,木,製造
2025-10-16,EMP0141,人事部,主任,09:28,17:53,480,25,0,,0.4,なし,あり,なし,928,PJ0026,本社,シフトB,木,サポート
2025-10-16,EMP0006,情報システム部,主任,09:04,17:59,480,55,0,,0.7,なし,あり,なし,667,PJ0007,本社,フレックス,木,会議
2025-10-16,EMP0175,営業2部,一般,,,0,0,0,有給,1.0,あり,あり,なし,1549,PJ0026,工場,シフトB,木,会議
2025-10-16,EMP0138,DX推進部,主任,08:57,16:24,480,27,0,,0.2,なし,あり,なし,1350,PJ0024,名古屋オフィス,シフトA,木,製造
2025-10-16,EMP0040,マーケ部,一般,09:37,17:37,480,0,0,,0.8,なし,なし,なし,1165,PJ0029,名古屋オフィス,通常,木,サポート
2025-10-16,EMP0102,経理部,一般,08:43,17:00,480,77,0,,0.8,あり,あり,なし,1815,PJ0014,工場,シフトA,木,営業活動
2025-10-16,EMP0056,情報システム部,一般,09:52,17:44,480,52,0,,0.6,なし,なし,なし,1387,PJ0016,工場,通常,木,サポート
2025-10-16,EMP0193,DX推進部,係長,09:37,17:51,480,14,0,,0.9,あり,なし,なし,1154,PJ0024,福岡オフィス,フレックス,木,製造
2025-10-16,EMP0011,営業2部,一般,08:01,16:12,480,11,0,,0.4,なし,あり,なし,1249,PJ0001,福岡オフィス,通常,木,事務
2025-10-16,EMP0146,情報システム部,主任,08:32,16:40,480,8,0,,0.6,なし,あり,なし,840,PJ0001,福岡オフィス,シフトB,木,会議
2025-10-16,EMP0075,マーケ部,課長,09:29,17:28,480,59,0,,0.6,あり,なし,なし,1749,PJ0013,大阪オフィス,シフトB,木,管理
2024-12-26,EMP0134,経理部,部長,09:01,17:37,480,36,0,,0.0,なし,あり,あり,1391,PJ0001,工場,夜勤,木,サポート
2024-12-26,EMP0003,経理部,係長,10:51,18:47,480,56,0,,0.3,なし,なし,なし,1086,PJ0018,名古屋オフィス,フレックス,木,製造
2024-12-26,EMP0039,営業2部,主任,08:04,17:07,480,63,0,,0.5,なし,あり,なし,1748,PJ0012,大阪オフィス,夜勤,木,製造
2024-12-26,EMP0195,DX推進部,主任,09:25,17:25,480,0,0,,0.0,あり,なし,なし,1469,PJ0004,リモート,シフトA,木,管理
2024-12-26,EMP0041,R&D部,係長,08:58,16:09,480,11,0,,0.2,なし,なし,なし,1132,PJ0001,本社,シフトB,木,管理
2024-12-26,EMP0018,営業2部,主任,,,0,0,0,慶弔,0.7,あり,あり,なし,1512,PJ0016,福岡オフィス,シフトA,木,製造
2024-12-26,EMP0124,経理部,課長,09:38,17:35,480,57,0,,0.2,あり,なし,あり,924,PJ0002,福岡オフィス,シフトA,木,事務
2024-12-26,EMP0099,総務部,一般,08:59,16:19,480,20,0,,0.8,なし,なし,なし,1867,PJ0007,リモート,フレックス,木,開発
2024-12-26,EMP0146,情報システム部,主任,09:31,17:16,480,45,0,,1.0,あり,なし,なし,1655,PJ0027,リモート,シフトA,木,開発
2024-12-26,EMP0028,情報システム部,課長,09:51,18:08,480,77,0,,0.6,あり,なし,なし,1019,PJ0005,リモート,フレックス,木,サポート
2024-12-26,EMP0156,総務部,主任,09:08,17:14,480,6,0,,0.5,あり,なし,なし,1118,PJ0013,福岡オフィス,フレックス,木,事務
2024-12-26,EMP0062,R&D部,課長,08:35,16:21,480,46,0,,0.0,なし,なし,なし,937,PJ0029,名古屋オフィス,夜勤,木,会議
2024-08-20,EMP0040,マーケ部,一般,09:39,17:39,480,0,0,,1.0,なし,なし,なし,1192,PJ0004,福岡オフィス,夜勤,火,管理
2024-08-20,EMP0082,営業2部,一般,09:36,18:56,480,80,0,,0.5,なし,なし,なし,1806,PJ0012,リモート,フレックス,火,管理
2024-08-20,EMP0130,総務部,係長,08:56,16:56,480,0,0,,0.0,あり,あり,あり,1126,PJ0024,本社,通常,火,会議
2024-08-20,EMP0104,営業2部,一般,10:17,18:17,480,0,0,,0.6,なし,あり,なし,1313,PJ0009,本社,フレックス,火,営業活動
2024-08-20,EMP0016,製造2部,一般,,,0,0,0,慶弔,0.7,あり,なし,なし,1332,PJ0027,福岡オフィス,フレックス,火,会議
2024-08-20,EMP0107,製造2部,一般,09:58,17:25,480,27,0,,0.9,あり,なし,なし,872,PJ0004,本社,夜勤,火,管理
2024-08-20,EMP0173,経理部,一般,,,0,0,0,有給,0.2,あり,なし,なし,900,PJ0028,本社,通常,火,製造
2024-08-20,EMP0144,営業2部,部長,10:45,18:53,480,8,0,,0.6,あり,なし,なし,1681,PJ0028,工場,夜勤,火,サポート
2024-08-20,EMP0161,R&D部,部長,,,0,0,0,有給,0.4,なし,なし,なし,1868,PJ0004,大阪オフィス,シフトA,火,事務
2024-08-20,EMP0134,経理部,部長,08:26,16:26,480,0,0,,0.1,なし,なし,なし,1582,PJ0010,福岡オフィス,フレックス,火,会議
2024-08-20,EMP0019,人事部,課長,09:50,17:21,480,31,0,,0.3,なし,あり,なし,816,PJ0010,福岡オフィス,夜勤,火,会議
2024-08-20,EMP0011,営業2部,一般,08:14,16:14,480,0,0,,0.0,なし,あり,なし,732,PJ0020,福岡オフィス,通常,火,管理
2024-01-18,EMP0007,営業1部,一般,09:05,17:05,480,0,0,,0.5,なし,なし,あり,1188,PJ0023,名古屋オフィス,夜勤,木,製造
2024-01-18,EMP0171,R&D部,課長,08:10,16:10,480,0,0,,0.4,あり,なし,あり,1675,PJ0028,本社,夜勤,木,事務
2024-01-18,EMP0179,製造2部,一般,08:35,16:35,480,0,0,,0.0,あり,なし,なし,1196,PJ0016,福岡オフィス,フレックス,木,サポート
2024-01-18,EMP0021,マーケ部,課長,09:56,18:20,480,84,0,,0.5,なし,なし,なし,1260,PJ0021,福岡オフィス,フレックス,木,開発
2024-01-18,EMP0061,マーケ部,主任,09:56,17:29,480,33,0,,0.4,なし,なし,なし,1208,PJ0023,名古屋オフィス,通常,木,会議
2024-01-18,EMP0084,マーケ部,一般,09:54,17:49,480,55,0,,0.2,あり,なし,なし,1458,PJ0027,福岡オフィス,シフトA,木,営業活動
2024-01-18,EMP0102,経理部,一般,09:19,17:07,480,48,0,,0.9,なし,なし,なし,791,PJ0004,本社,シフトA,木,管理
2024-01-18,EMP0101,DX推進部,課長,,,0,0,0,傷病,0.2,あり,なし,なし,1501,PJ0006,福岡オフィス,通常,木,サポート
2024-01-18,EMP0178,営業1部,一般,09:32,18:55,480,83,0,,0.9,あり,なし,なし,1570,PJ0027,名古屋オフィス,通常,木,事務
2024-01-18,EMP0103,マーケ部,一般,10:56,18:10,480,14,0,,0.1,あり,なし,なし,913,PJ0005,大阪オフィス,夜勤,木,開発
2024-01-18,EMP0089,営業1部,課長,09:36,17:56,480,20,0,,0.6,なし,なし,なし,954,PJ0022,福岡オフィス,夜勤,木,営業活動
2024-01-18,EMP0192,マーケ部,課長,08:32,16:28,480,56,0,,0.9,あり,なし,なし,890,PJ0002,名古屋オフィス,夜勤,木,会議
2026-04-16,EMP0026,経理部,一般,09:49,17:47,480,58,0,,0.7,なし,なし,なし,1011,PJ0016,リモート,シフトA,木,会議
2026-04-16,EMP0126,経理部,一般,09:19,17:19,480,0,0,,0.7,なし,なし,なし,1714,PJ0008,本社,フレックス,木,事務
2026-04-16,EMP0164,情報システム部,一般,09:15,17:33,480,18,0,,0.1,なし,なし,なし,1426,PJ0019,福岡オフィス,夜勤,木,開発
2026-04-16,EMP0120,製造1部,部長,10:20,18:20,480,0,0,,0.0,あり,あり,なし,1701,PJ0024,名古屋オフィス,フレックス,木,事務
2026-04-16,EMP0118,製造2部,一般,,,0,0,0,慶弔,0.2,あり,あり,なし,1704,PJ0001,リモート,通常,木,管理
2026-04-16,EMP0122,営業1部,一般,08:18,17:22,480,64,0,,0.2,あり,なし,なし,1050,PJ0028,福岡オフィス,シフトB,木,事務
2026-04-16,EMP0052,営業2部,部長,09:29,18:40,480,71,0,,0.3,なし,なし,なし,978,PJ0011,大阪オフィス,フレックス,木,事務
2026-04-16,EMP0039,営業2部,主任,09:40,17:40,480,0,0,,0.9,なし,なし,なし,922,PJ0026,大阪オフィス,夜勤,木,会議
2026-04-16,EMP0002,製造1部,一般,08:58,16:28,480,30,0,,0.5,なし,なし,なし,1427,PJ0029,リモート,シフトB,木,製造
2026-04-16,EMP0008,R&D部,係長,,,0,0,0,慶弔,0.7,あり,あり,なし,1407,PJ0029,本社,夜勤,木,事務
2026-04-16,EMP0007,営業1部,一般,08:21,16:21,480,0,0,,0.8,あり,あり,なし,825,PJ0003,名古屋オフィス,シフトB,木,会議
2026-04-16,EMP0187,総務部,一般,,,0,0,0,有給,0.3,なし,なし,なし,1320,PJ0009,大阪オフィス,シフトA,木,サポート
2025-03-13,EMP0162,情報システム部,一般,,,0,0,0,有給,0.6,あり,あり,なし,1547,PJ0002,福岡オフィス,シフトA,木,事務
2025-03-13,EMP0047,R&D部,主任,09:50,17:09,480,19,0,,0.5,なし,なし,なし,1121,PJ0015,福岡オフィス,シフトB,木,サポート
2025-03-13,EMP0091,製造1部,主任,08:28,16:08,480,40,0,,0.5,なし,なし,なし,1547,PJ0028,名古屋オフィス,シフトA,木,開発
2025-03-13,EMP0156,総務部,主任,08:55,16:01,480,6,0,,0.2,あり,あり,なし,1782,PJ0017,福岡オフィス,シフトA,木,サポート
2025-03-13,EMP0035,R&D部,係長,08:29,16:43,480,14,0,,0.6,なし,なし,なし,694,PJ0013,本社,シフトB,木,開発
2025-03-13,EMP0147,R&D部,係長,08:36,16:31,480,55,0,,0.6,なし,あり,なし,1472,PJ0013,工場,シフトA,木,会議
2025-03-13,EMP0061,マーケ部,主任,09:09,17:45,480,36,0,,0.0,なし,なし,なし,739,PJ0026,福岡オフィス,夜勤,木,会議
2025-03-13,EMP0007,営業1部,一般,10:01,18:42,480,41,0,,0.9,なし,なし,なし,1330,PJ0026,福岡オフィス,シフトA,木,会議
2025-03-13,EMP0001,経理部,主任,09:09,18:50,480,101,8,,0.1,なし,なし,なし,1127,PJ0024,名古屋オフィス,フレックス,木,開発
2025-03-13,EMP0158,人事部,課長,09:16,17:16,480,0,0,,0.1,あり,あり,なし,1739,PJ0006,福岡オフィス,シフトB,木,サポート
2025-03-13,EMP0069,DX推進部,課長,09:17,17:47,480,30,0,,0.9,あり,あり,なし,1401,PJ0019,名古屋オフィス,フレックス,木,サポート
2025-03-13,EMP0058,製造1部,一般,08:14,16:52,480,38,0,,0.1,なし,なし,なし,1475,PJ0014,大阪オフィス,通常,木,事務
2026-05-05,EMP0181,営業1部,一般,09:29,17:40,480,11,0,,0.5,なし,なし,あり,1399,PJ0028,リモート,通常,火,営業活動
2026-05-05,EMP0150,総務部,係長,09:26,17:26,480,0,0,,0.0,なし,なし,なし,1013,PJ0022,本社,シフトB,火,サポート
2026-05-05,EMP0171,R&D部,課長,10:57,19:59,480,62,0,,0.7,なし,なし,なし,1376,PJ0025,工場,シフトB,火,営業活動
2026-05-05,EMP0148,製造1部,一般,09:40,17:40,480,0,0,,1.0,あり,なし,なし,1061,PJ0021,工場,シフトB,火,会議
2026-05-05,EMP0060,製造1部,課長,09:07,17:07,480,0,0,,0.1,なし,あり,なし,909,PJ0021,名古屋オフィス,通常,火,事務
2026-05-05,EMP0195,DX推進部,主任,10:11,18:59,480,48,0,,0.1,あり,なし,なし,1104,PJ0026,福岡オフィス,フレックス,火,管理
2026-05-05,EMP0065,情報システム部,課長,08:52,16:00,480,8,0,,0.6,あり,なし,なし,700,PJ0006,大阪オフィス,夜勤,火,開発
2026-05-05,EMP0023,営業1部,課長,09:01,17:29,480,28,0,,0.3,なし,あり,なし,691,PJ0021,名古屋オフィス,フレックス,火,サポート
2026-05-05,EMP0011,営業2部,一般,09:41,17:41,480,0,0,,0.4,なし,あり,なし,1532,PJ0009,福岡オフィス,フレックス,火,事務
2026-05-05,EMP0013,製造2部,主任,09:53,17:35,480,42,0,,1.0,あり,なし,なし,1594,PJ0007,大阪オフィス,シフトB,火,営業活動
2026-05-05,EMP0004,営業2部,主任,10:10,18:10,480,0,0,,0.9,なし,なし,なし,1861,PJ0028,名古屋オフィス,フレックス,火,サポート
2026-05-05,EMP0082,営業2部,一般,09:27,17:33,480,6,0,,0.7,あり,あり,なし,1169,PJ0021,福岡オフィス,シフトA,火,開発
2025-01-13,EMP0087,製造1部,一般,08:37,16:37,480,0,0,,1.0,あり,なし,なし,1788,PJ0026,名古屋オフィス,シフトB,月,管理
2025-01-13,EMP0018,営業2部,主任,09:22,18:22,480,60,0,,0.6,なし,あり,なし,760,PJ0007,福岡オフィス,シフトB,月,製造
2025-01-13,EMP0082,営業2部,一般,10:29,18:02,480,33,0,,0.8,なし,なし,なし,1277,PJ0023,大阪オフィス,フレックス,月,事務
2025-01-13,EMP0148,製造1部,一般,09:30,17:39,480,9,0,,0.3,あり,あり,なし,900,PJ0006,リモート,通常,月,事務
2025-01-13,EMP0003,経理部,係長,09:22,17:55,480,33,0,,0.4,あり,なし,なし,1334,PJ0001,リモート,通常,月,サポート
2025-01-13,EMP0107,製造2部,一般,08:26,17:59,480,93,46,,0.7,なし,あり,なし,1115,PJ0013,福岡オフィス,シフトB,月,サポート
2025-01-13,EMP0140,DX推進部,課長,09:28,18:10,480,102,15,,0.6,なし,あり,なし,1661,PJ0015,リモート,夜勤,月,会議
2025-01-13,EMP0064,営業2部,課長,,,0,0,0,傷病,0.4,あり,なし,なし,1773,PJ0029,工場,夜勤,月,製造
2025-01-13,EMP0169,経理部,課長,10:03,18:52,480,49,0,,0.4,なし,なし,なし,1395,PJ0021,工場,シフトA,月,製造
2025-01-13,EMP0195,DX推進部,主任,09:07,17:41,480,34,0,,0.9,なし,なし,なし,1346,PJ0019,名古屋オフィス,夜勤,月,サポート
2025-01-13,EMP0073,DX推進部,一般,09:24,17:00,480,36,0,,0.6,あり,なし,なし,1355,PJ0022,本社,シフトA,月,製造
2025-01-13,EMP0147,R&D部,係長,08:21,16:39,480,18,0,,0.6,なし,あり,なし,708,PJ0022,大阪オフィス,フレックス,月,会議
2024-08-09,EMP0187,総務部,一般,08:23,16:33,480,10,0,,0.5,なし,なし,なし,1705,PJ0019,工場,シフトA,金,サポート
2024-08-09,EMP0089,営業1部,課長,09:18,18:24,480,66,0,,0.1,なし,なし,あり,1311,PJ0017,リモート,シフトA,金,開発
2024-08-09,EMP0097,R&D部,係長,,,0,0,0,代休,0.1,あり,なし,なし,1195,PJ0012,リモート,フレックス,金,事務
2024-08-09,EMP0127,情報システム部,課長,08:55,16:07,480,12,0,,0.5,あり,なし,なし,1178,PJ0012,大阪オフィス,シフトA,金,開発
2024-08-09,EMP0040,マーケ部,一般,09:26,17:42,480,16,0,,0.3,あり,なし,なし,923,PJ0025,福岡オフィス,フレックス,金,営業活動
2024-08-09,EMP0075,マーケ部,課長,,,0,0,0,慶弔,0.3,なし,あり,なし,1575,PJ0014,工場,通常,金,営業活動
2024-08-09,EMP0146,情報システム部,主任,09:42,17:22,480,40,0,,0.5,あり,なし,なし,737,PJ0025,大阪オフィス,夜勤,金,開発
2024-08-09,EMP0021,マーケ部,課長,08:02,16:02,480,0,0,,0.4,あり,なし,なし,863,PJ0015,工場,シフトA,金,営業活動
2024-08-09,EMP0054,営業2部,係長,09:54,17:57,480,3,0,,0.2,なし,なし,なし,1045,PJ0020,リモート,夜勤,金,事務
2024-08-09,EMP0077,DX推進部,課長,09:59,17:58,480,59,0,,0.9,あり,なし,なし,1824,PJ0016,工場,シフトB,金,サポート
2024-08-09,EMP0090,DX推進部,主任,08:08,16:32,480,24,0,,0.8,あり,なし,なし,1834,PJ0006,リモート,シフトB,金,会議
2024-08-09,EMP0106,人事部,一般,09:44,17:44,480,0,0,,0.3,なし,なし,なし,1838,PJ0017,本社,シフトA,金,サポート
2024-11-20,EMP0070,製造1部,係長,09:27,17:31,480,4,0,,0.1,なし,なし,なし,1415,PJ0005,名古屋オフィス,フレックス,水,製造
2024-11-20,EMP0150,総務部,係長,10:07,18:52,480,45,0,,0.3,なし,なし,なし,1614,PJ0008,大阪オフィス,シフトA,水,事務
2024-11-20,EMP0109,情報システム部,主任,08:36,16:04,480,28,0,,0.5,あり,なし,なし,1149,PJ0023,大阪オフィス,夜勤,水,製造
2024-11-20,EMP0102,経理部,一般,10:01,18:01,480,0,0,,0.7,あり,あり,なし,1137,PJ0014,リモート,シフトA,水,開発
2024-11-20,EMP0062,R&D部,課長,09:04,17:44,480,40,0,,0.2,あり,なし,なし,678,PJ0023,工場,夜勤,水,事務
2024-11-20,EMP0126,経理部,一般,08:47,16:42,480,55,0,,0.5,なし,あり,なし,1457,PJ0014,工場,フレックス,水,開発
2024-11-20,EMP0057,DX推進部,主任,09:12,17:12,480,0,0,,0.3,あり,なし,なし,1182,PJ0019,名古屋オフィス,通常,水,開発
2024-11-20,EMP0105,R&D部,主任,10:44,18:12,480,28,0,,0.0,なし,なし,なし,1856,PJ0006,大阪オフィス,シフトB,水,会議
2024-11-20,EMP0048,DX推進部,一般,09:03,18:10,480,67,0,,0.9,あり,なし,なし,1480,PJ0028,大阪オフィス,夜勤,水,管理
2024-11-20,EMP0110,総務部,課長,08:03,16:32,480,29,0,,0.5,あり,なし,なし,1009,PJ0006,工場,シフトB,水,開発
2024-11-20,EMP0041,R&D部,係長,09:44,17:44,480,0,0,,0.3,あり,なし,なし,1898,PJ0025,名古屋オフィス,シフトA,水,開発
2024-11-20,EMP0113,マーケ部,部長,09:40,17:12,480,32,0,,0.9,なし,なし,なし,1407,PJ0005,名古屋オフィス,シフトB,水,会議
2025-12-26,EMP0199,製造1部,一般,10:55,18:22,480,27,0,,0.6,あり,なし,なし,1862,PJ0010,福岡オフィス,夜勤,金,開発
2025-12-26,EMP0133,経理部,主任,09:42,17:13,480,31,0,,0.3,なし,あり,なし,1308,PJ0003,リモート,通常,金,サポート
2025-12-26,EMP0040,マーケ部,一般,10:01,19:58,480,117,12,,0.4,なし,あり,なし,1340,PJ0005,大阪オフィス,フレックス,金,製造
2025-12-26,EMP0023,営業1部,課長,08:53,16:53,480,0,0,,0.6,なし,なし,なし,836,PJ0019,大阪オフィス,フレックス,金,サポート
2025-12-26,EMP0048,DX推進部,一般,,,0,0,0,有給,0.2,あり,なし,なし,1193,PJ0019,本社,フレックス,金,営業活動
2025-12-26,EMP0195,DX推進部,主任,09:06,17:20,480,14,0,,0.2,なし,あり,なし,1481,PJ0001,工場,フレックス,金,管理
2025-12-26,EMP0166,営業2部,主任,09:33,18:59,480,86,0,,0.6,なし,あり,なし,1216,PJ0026,本社,シフトA,金,営業活動
2025-12-26,EMP0064,営業2部,課長,09:34,17:34,480,0,0,,0.4,なし,なし,なし,1861,PJ0018,工場,夜勤,金,サポート
2025-12-26,EMP0049,総務部,係長,09:10,18:17,480,67,0,,0.4,なし,あり,なし,929,PJ0001,大阪オフィス,通常,金,管理
2025-12-26,EMP0109,情報システム部,主任,09:44,17:09,480,25,0,,0.1,なし,あり,なし,944,PJ0004,大阪オフィス,夜勤,金,製造
2025-12-26,EMP0063,人事部,主任,08:55,16:30,480,35,0,,0.9,あり,なし,なし,1760,PJ0028,福岡オフィス,シフトB,金,会議
2025-12-26,EMP0059,製造1部,係長,09:45,18:47,480,62,0,,0.8,なし,なし,なし,651,PJ0014,工場,通常,金,営業活動
2024-02-07,EMP0064,営業2部,課長,08:36,17:36,480,60,0,,0.1,あり,あり,なし,1731,PJ0027,福岡オフィス,シフトB,水,会議
2024-02-07,EMP0037,人事部,部長,09:00,17:20,480,20,0,,1.0,なし,あり,なし,685,PJ0011,大阪オフィス,シフトB,水,管理
2024-02-07,EMP0167,営業1部,一般,10:05,18:51,480,46,0,,0.3,あり,あり,なし,1467,PJ0009,福岡オフィス,夜勤,水,サポート
2024-02-07,EMP0135,営業1部,主任,08:53,16:20,480,27,0,,0.5,あり,あり,なし,1027,PJ0029,大阪オフィス,シフトB,水,営業活動
2024-02-07,EMP0092,人事部,一般,09:35,17:10,480,35,0,,0.7,あり,なし,なし,1375,PJ0002,リモート,通常,水,営業活動
2024-02-07,EMP0145,製造1部,部長,09:52,17:46,480,54,0,,0.7,あり,あり,なし,672,PJ0006,工場,通常,水,事務
2024-02-07,EMP0136,製造1部,主任,09:48,17:48,480,0,0,,0.8,なし,なし,なし,997,PJ0004,工場,フレックス,水,会議
2024-02-07,EMP0098,マーケ部,一般,09:44,17:59,480,15,0,,0.5,あり,なし,なし,1155,PJ0029,名古屋オフィス,通常,水,管理
2024-02-07,EMP0117,営業1部,主任,09:04,17:04,480,0,0,,0.1,なし,あり,なし,1500,PJ0008,福岡オフィス,シフトA,水,製造
2024-02-07,EMP0141,人事部,主任,,,0,0,0,慶弔,0.6,あり,なし,なし,1326,PJ0026,大阪オフィス,夜勤,水,管理
2024-02-07,EMP0102,経理部,一般,09:15,17:15,480,0,0,,0.8,なし,あり,なし,1121,PJ0025,リモート,通常,水,管理
2024-02-07,EMP0133,経理部,主任,09:30,17:01,480,31,0,,0.4,なし,あり,なし,1758,PJ0027,工場,通常,水,製造
2025-07-28,EMP0160,経理部,課長,09:28,17:13,480,45,0,,0.3,なし,あり,なし,1326,PJ0027,福岡オフィス,通常,月,事務
2025-07-28,EMP0178,営業1部,一般,08:52,17:56,480,64,0,,0.9,あり,なし,なし,1833,PJ0006,大阪オフィス,通常,月,事務
2025-07-28,EMP0177,製造1部,課長,08:03,16:06,480,3,0,,0.9,あり,なし,なし,1019,PJ0019,福岡オフィス,夜勤,月,営業活動
2025-07-28,EMP0134,経理部,部長,08:54,16:54,480,0,0,,0.9,なし,なし,あり,965,PJ0026,福岡オフィス,フレックス,月,営業活動
2025-07-28,EMP0179,製造2部,一般,,,0,0,0,有給,0.2,なし,あり,なし,746,PJ0009,本社,通常,月,開発
2025-07-28,EMP0034,DX推進部,主任,10:01,18:01,480,0,0,,0.7,なし,なし,なし,1684,PJ0017,福岡オフィス,シフトB,月,事務
2025-07-28,EMP0043,DX推進部,課長,09:18,17:23,480,5,0,,0.6,あり,なし,なし,1794,PJ0028,本社,通常,月,事務
2025-07-28,EMP0189,DX推進部,一般,09:27,18:37,480,70,0,,0.3,あり,なし,なし,855,PJ0022,福岡オフィス,シフトB,月,会議
2025-07-28,EMP0014,営業1部,一般,09:59,17:29,480,30,0,,0.9,あり,なし,なし,1130,PJ0011,本社,シフトA,月,開発
2025-07-28,EMP0001,経理部,主任,10:27,18:27,480,0,0,,0.1,あり,なし,なし,1301,PJ0004,工場,通常,月,会議
2025-07-28,EMP0171,R&D部,課長,08:02,16:18,480,16,0,,0.4,なし,あり,なし,895,PJ0026,リモート,シフトA,月,事務
2025-07-28,EMP0163,マーケ部,係長,09:24,17:44,480,20,0,,0.1,あり,なし,なし,860,PJ0027,本社,フレックス,月,サポート
2025-02-05,EMP0170,営業2部,課長,08:56,16:38,480,42,0,,0.2,なし,あり,なし,1398,PJ0009,本社,フレックス,水,営業活動
2025-02-05,EMP0078,経理部,課長,08:16,17:18,480,62,0,,0.5,なし,あり,なし,1205,PJ0026,リモート,シフトA,水,サポート
2025-02-05,EMP0102,経理部,一般,09:27,17:21,480,54,0,,0.9,なし,あり,なし,1178,PJ0007,福岡オフィス,フレックス,水,会議
2025-02-05,EMP0059,製造1部,係長,08:09,16:00,480,51,0,,0.0,なし,あり,なし,1608,PJ0024,工場,夜勤,水,サポート
2025-02-05,EMP0026,経理部,一般,08:54,16:49,480,55,0,,0.1,あり,なし,なし,761,PJ0028,リモート,フレックス,水,管理
2025-02-05,EMP0057,DX推進部,主任,09:04,18:16,480,72,0,,0.8,なし,なし,なし,1486,PJ0018,名古屋オフィス,夜勤,水,会議
2025-02-05,EMP0040,マーケ部,一般,09:27,18:14,480,107,39,,0.3,あり,なし,なし,698,PJ0025,福岡オフィス,シフトB,水,会議
2025-02-05,EMP0018,営業2部,主任,08:19,16:19,480,0,0,,1.0,あり,あり,あり,935,PJ0026,リモート,シフトB,水,製造
2025-02-05,EMP0013,製造2部,主任,09:06,17:23,480,17,0,,0.7,なし,なし,なし,1554,PJ0009,本社,シフトA,水,サポート
2025-02-05,EMP0095,総務部,一般,09:00,17:54,480,54,0,,0.3,あり,なし,なし,962,PJ0007,工場,シフトA,水,製造
2025-02-05,EMP0016,製造2部,一般,10:11,18:46,480,35,0,,0.8,あり,なし,なし,1554,PJ0028,名古屋オフィス,シフトA,水,開発
2025-02-05,EMP0074,DX推進部,一般,10:37,18:28,480,51,0,,0.2,あり,なし,なし,1550,PJ0002,工場,フレックス,水,開発
2024-02-05,EMP0034,DX推進部,主任,09:45,17:45,480,0,0,,0.3,あり,あり,なし,1467,PJ0024,福岡オフィス,通常,月,事務
2024-02-05,EMP0072,人事部,一般,09:04,17:25,480,21,0,,1.0,あり,なし,なし,1421,PJ0029,福岡オフィス,フレックス,月,製造
2024-02-05,EMP0071,R&D部,係長,10:04,18:22,480,18,0,,0.9,あり,なし,なし,1608,PJ0029,リモート,通常,月,事務
2024-02-05,EMP0170,営業2部,課長,09:52,17:54,480,2,0,,0.5,なし,あり,なし,1614,PJ0018,大阪オフィス,フレックス,月,開発
2024-02-05,EMP0155,人事部,一般,08:49,16:23,480,34,0,,0.6,なし,あり,なし,798,PJ0021,リモート,シフトB,月,管理
2024-02-05,EMP0068,営業2部,一般,09:36,17:36,480,0,0,,0.1,なし,なし,なし,1854,PJ0027,リモート,夜勤,月,営業活動
2024-02-05,EMP0188,DX推進部,一般,08:00,17:53,480,113,3,,0.3,なし,あり,なし,1529,PJ0017,福岡オフィス,通常,月,営業活動
2024-02-05,EMP0028,情報システム部,課長,09:57,18:12,480,75,0,,0.6,なし,あり,なし,1189,PJ0024,工場,フレックス,月,管理
2024-02-05,EMP0106,人事部,一般,09:23,17:27,480,4,0,,0.1,あり,あり,なし,1737,PJ0006,名古屋オフィス,シフトA,月,製造
2024-02-05,EMP0139,経理部,一般,10:00,18:26,480,26,0,,0.4,なし,なし,なし,799,PJ0014,福岡オフィス,シフトA,月,会議
2024-02-05,EMP0122,営業1部,一般,10:05,19:17,480,72,0,,0.8,なし,なし,なし,704,PJ0021,リモート,シフトB,月,開発
2024-02-05,EMP0197,製造1部,課長,09:38,17:59,480,21,0,,0.6,あり,なし,あり,871,PJ0018,福岡オフィス,シフトA,月,会議
2024-12-31,EMP0114,DX推進部,一般,08:38,17:07,480,89,0,,0.3,あり,なし,なし,1426,PJ0007,福岡オフィス,夜勤,火,管理
2024-12-31,EMP0198,製造1部,主任,10:17,18:39,480,22,0,,0.5,あり,なし,なし,1375,PJ0021,大阪オフィス,夜勤,火,会議
2024-12-31,EMP0185,営業2部,主任,,,0,0,0,有給,0.9,あり,なし,なし,1398,PJ0004,福岡オフィス,通常,火,管理
2024-12-31,EMP0050,マーケ部,部長,,,0,0,0,有給,0.7,なし,なし,なし,1598,PJ0017,名古屋オフィス,夜勤,火,製造
2024-12-31,EMP0123,マーケ部,主任,08:18,16:18,480,0,0,,1.0,あり,なし,なし,1282,PJ0002,名古屋オフィス,シフトB,火,製造
2024-12-31,EMP0150,総務部,係長,10:02,18:45,480,43,0,,0.7,なし,なし,なし,1108,PJ0011,大阪オフィス,夜勤,火,営業活動
2024-12-31,EMP0129,マーケ部,一般,10:53,18:32,480,39,0,,0.2,なし,あり,なし,1036,PJ0017,本社,シフトA,火,管理
2024-12-31,EMP0183,R&D部,一般,08:04,16:23,480,19,0,,0.1,なし,なし,なし,1309,PJ0021,リモート,シフトB,火,事務
2024-12-31,EMP0027,マーケ部,主任,10:50,18:56,480,6,0,,0.5,なし,なし,なし,1787,PJ0002,リモート,フレックス,火,会議
2024-12-31,EMP0053,R&D部,主任,08:31,16:12,480,41,0,,0.7,なし,なし,なし,935,PJ0019,福岡オフィス,シフトA,火,製造
2024-12-31,EMP0070,製造1部,係長,,,0,0,0,有給,0.2,あり,なし,なし,802,PJ0026,名古屋オフィス,シフトB,火,製造
2024-12-31,EMP0062,R&D部,課長,09:39,17:39,480,0,0,,0.5,あり,なし,なし,845,PJ0015,リモート,通常,火,開発
2024-05-14,EMP0063,人事部,主任,10:04,18:01,480,57,0,,0.6,なし,なし,なし,1224,PJ0014,工場,シフトB,火,サポート
2024-05-14,EMP0111,情報システム部,一般,,,0,0,0,特別休暇,0.6,なし,なし,なし,1237,PJ0009,名古屋オフィス,シフトA,火,開発
2024-05-14,EMP0023,営業1部,課長,08:10,16:25,480,15,0,,0.9,なし,あり,なし,911,PJ0027,福岡オフィス,通常,火,製造
2024-05-14,EMP0182,DX推進部,主任,09:32,17:04,480,32,0,,0.8,なし,なし,なし,1741,PJ0004,名古屋オフィス,夜勤,火,開発
2024-05-14,EMP0168,製造2部,主任,09:15,17:00,480,45,0,,0.2,あり,なし,なし,1795,PJ0026,福岡オフィス,通常,火,事務
2024-05-14,EMP0051,DX推進部,一般,,,0,0,0,傷病,0.1,なし,あり,なし,772,PJ0005,名古屋オフィス,シフトA,火,開発
2024-05-14,EMP0021,マーケ部,課長,09:10,17:10,480,0,0,,0.5,なし,なし,なし,1369,PJ0002,リモート,通常,火,会議
2024-05-14,EMP0034,DX推進部,主任,09:14,17:26,480,12,0,,0.7,なし,なし,なし,1270,PJ0001,名古屋オフィス,シフトB,火,サポート
2024-05-14,EMP0185,営業2部,主任,09:15,17:15,480,0,0,,0.4,なし,なし,なし,758,PJ0019,福岡オフィス,夜勤,火,管理
2024-05-14,EMP0117,営業1部,主任,09:07,18:35,480,88,0,,0.9,なし,なし,なし,1260,PJ0003,リモート,通常,火,開発
2024-05-14,EMP0198,製造1部,主任,08:24,16:24,480,0,0,,1.0,なし,なし,なし,999,PJ0008,福岡オフィス,シフトA,火,会議
2024-05-14,EMP0151,営業2部,係長,09:39,17:47,480,8,0,,0.4,なし,あり,なし,1646,PJ0015,名古屋オフィス,通常,火,管理
2025-01-02,EMP0036,製造2部,一般,09:28,17:19,480,51,0,,0.9,なし,あり,なし,848,PJ0023,リモート,通常,木,製造
2025-01-02,EMP0127,情報システム部,課長,10:15,18:25,480,10,0,,0.1,なし,あり,なし,1701,PJ0011,大阪オフィス,シフトA,木,営業活動
2025-01-02,EMP0086,R&D部,一般,09:42,17:23,480,41,0,,0.2,なし,なし,なし,1498,PJ0016,工場,夜勤,木,製造
2025-01-02,EMP0186,製造2部,一般,08:09,16:11,480,2,0,,0.6,あり,あり,あり,802,PJ0026,工場,フレックス,木,開発
2025-01-02,EMP0146,情報システム部,主任,09:38,18:18,480,100,0,,0.0,なし,あり,なし,1128,PJ0003,福岡オフィス,夜勤,木,事務
2025-01-02,EMP0100,営業1部,主任,10:50,18:50,480,0,0,,0.3,あり,なし,なし,1720,PJ0028,福岡オフィス,通常,木,営業活動
2025-01-02,EMP0143,営業1部,一般,08:54,16:11,480,17,0,,0.7,なし,あり,なし,1015,PJ0021,工場,フレックス,木,開発
2025-01-02,EMP0052,営業2部,部長,09:35,17:00,480,25,0,,0.0,あり,あり,なし,1120,PJ0018,リモート,シフトB,木,製造
2025-01-02,EMP0006,情報システム部,主任,08:18,16:18,480,0,0,,0.1,あり,なし,なし,1082,PJ0014,リモート,シフトB,木,管理
2025-01-02,EMP0135,営業1部,主任,09:46,18:08,480,82,0,,0.6,あり,なし,あり,841,PJ0028,本社,シフトA,木,サポート
2025-01-02,EMP0060,製造1部,課長,09:36,17:54,480,18,0,,1.0,あり,なし,なし,1657,PJ0009,工場,通常,木,営業活動
2025-01-02,EMP0192,マーケ部,課長,09:05,18:16,480,71,0,,0.1,なし,なし,なし,1772,PJ0023,名古屋オフィス,通常,木,会議
2026-05-08,EMP0033,情報システム部,主任,09:58,17:58,480,0,0,,0.4,なし,なし,なし,1066,PJ0004,福岡オフィス,フレックス,金,会議
2026-05-08,EMP0184,人事部,課長,09:17,17:17,480,0,0,,0.7,なし,なし,なし,1225,PJ0025,リモート,夜勤,金,営業活動
2026-05-08,EMP0048,DX推進部,一般,08:44,16:44,480,0,0,,0.7,なし,あり,なし,1343,PJ0007,工場,シフトB,金,サポート
2026-05-08,EMP0086,R&D部,一般,09:31,17:03,480,32,0,,0.2,なし,あり,なし,1470,PJ0010,工場,フレックス,金,製造
2026-05-08,EMP0146,情報システム部,主任,09:53,19:09,480,136,16,,0.1,あり,なし,なし,1141,PJ0004,名古屋オフィス,通常,金,事務
2026-05-08,EMP0095,総務部,一般,08:25,17:02,480,97,0,,0.7,あり,なし,なし,1443,PJ0007,本社,夜勤,金,管理
2026-05-08,EMP0167,営業1部,一般,08:31,16:31,480,0,0,,0.7,あり,なし,なし,879,PJ0022,福岡オフィス,シフトA,金,管理
2026-05-08,EMP0091,製造1部,主任,10:36,19:14,480,98,33,,0.4,なし,なし,なし,1209,PJ0003,名古屋オフィス,シフトA,金,管理
2026-05-08,EMP0052,営業2部,部長,10:25,18:33,480,8,0,,0.5,なし,なし,なし,828,PJ0001,リモート,シフトB,金,営業活動
2026-05-08,EMP0117,営業1部,主任,08:35,16:20,480,45,0,,0.6,なし,なし,なし,1529,PJ0024,名古屋オフィス,通常,金,営業活動
2026-05-08,EMP0163,マーケ部,係長,08:37,16:03,480,26,0,,0.5,あり,なし,なし,1060,PJ0026,リモート,通常,金,開発
2026-05-08,EMP0151,営業2部,係長,09:19,17:43,480,24,0,,0.5,なし,なし,なし,1118,PJ0020,大阪オフィス,通常,金,管理
2025-01-23,EMP0116,営業2部,一般,09:02,17:46,480,44,0,,0.1,なし,あり,なし,774,PJ0026,工場,シフトA,木,サポート
2025-01-23,EMP0085,総務部,一般,08:43,16:17,480,34,0,,0.4,なし,なし,なし,1678,PJ0015,名古屋オフィス,夜勤,木,管理
2025-01-23,EMP0181,営業1部,一般,09:03,17:00,480,57,0,,0.8,あり,なし,なし,689,PJ0021,リモート,シフトA,木,事務
2025-01-23,EMP0192,マーケ部,課長,,,0,0,0,代休,0.9,あり,なし,なし,1345,PJ0026,名古屋オフィス,フレックス,木,サポート
2025-01-23,EMP0166,営業2部,主任,09:25,17:59,480,34,0,,0.7,なし,あり,なし,1188,PJ0014,工場,夜勤,木,サポート
2025-01-23,EMP0163,マーケ部,係長,08:18,16:18,480,0,0,,0.8,あり,なし,なし,1877,PJ0015,本社,通常,木,製造
2025-01-23,EMP0186,製造2部,一般,09:10,17:51,480,41,0,,0.8,あり,あり,なし,1359,PJ0002,名古屋オフィス,フレックス,木,営業活動
2025-01-23,EMP0195,DX推進部,主任,09:00,17:44,480,44,0,,0.2,なし,なし,なし,1156,PJ0028,本社,シフトA,木,開発
2025-01-23,EMP0197,製造1部,課長,09:55,17:45,480,50,0,,0.0,なし,なし,なし,733,PJ0003,リモート,通常,木,会議
2025-01-23,EMP0006,情報システム部,主任,09:54,18:56,480,62,0,,0.6,なし,あり,なし,1539,PJ0010,リモート,夜勤,木,開発
2025-01-23,EMP0189,DX推進部,一般,,,0,0,0,傷病,0.5,なし,なし,なし,1545,PJ0020,本社,通常,木,開発
2025-01-23,EMP0091,製造1部,主任,08:08,16:31,480,23,0,,0.0,あり,なし,なし,864,PJ0001,本社,シフトB,木,会議
2025-01-16,EMP0142,総務部,一般,10:12,18:19,480,7,0,,0.9,あり,なし,なし,1522,PJ0020,リモート,通常,木,開発
2025-01-16,EMP0042,マーケ部,主任,10:15,18:15,480,0,0,,0.5,なし,あり,なし,1828,PJ0003,福岡オフィス,フレックス,木,会議
2025-01-16,EMP0181,営業1部,一般,09:32,17:32,480,0,0,,0.9,なし,あり,あり,929,PJ0029,大阪オフィス,夜勤,木,事務
2025-01-16,EMP0039,営業2部,主任,09:38,17:43,480,5,0,,0.5,なし,なし,なし,895,PJ0029,福岡オフィス,夜勤,木,管理
2025-01-16,EMP0034,DX推進部,主任,08:22,16:22,480,0,0,,0.4,あり,あり,なし,1118,PJ0002,大阪オフィス,通常,木,開発
2025-01-16,EMP0078,経理部,課長,08:40,16:01,480,21,0,,0.2,なし,なし,なし,766,PJ0026,リモート,シフトA,木,管理
2025-01-16,EMP0061,マーケ部,主任,09:59,17:59,480,0,0,,0.4,なし,なし,なし,1889,PJ0007,名古屋オフィス,シフトA,木,開発
2025-01-16,EMP0127,情報システム部,課長,09:41,18:23,480,102,13,,0.4,なし,あり,なし,1053,PJ0005,工場,シフトA,木,製造
2025-01-16,EMP0138,DX推進部,主任,09:42,17:18,480,36,0,,0.5,なし,なし,なし,719,PJ0005,リモート,シフトB,木,開発
2025-01-16,EMP0108,R&D部,一般,09:39,18:43,480,64,0,,0.5,あり,なし,なし,968,PJ0021,リモート,フレックス,木,営業活動
2025-01-16,EMP0085,総務部,一般,09:27,17:20,480,53,0,,0.2,なし,なし,なし,1202,PJ0021,福岡オフィス,通常,木,営業活動
2025-01-16,EMP0043,DX推進部,課長,08:24,16:24,480,0,0,,0.8,なし,なし,なし,1060,PJ0004,福岡オフィス,シフトB,木,開発
2025-07-03,EMP0041,R&D部,係長,09:28,17:25,480,57,0,,0.9,なし,なし,なし,806,PJ0011,大阪オフィス,フレックス,木,開発
2025-07-03,EMP0166,営業2部,主任,,,0,0,0,傷病,0.3,あり,あり,なし,1079,PJ0006,大阪オフィス,夜勤,木,事務
2025-07-03,EMP0025,総務部,一般,10:25,18:25,480,0,0,,0.2,なし,なし,なし,746,PJ0007,大阪オフィス,通常,木,開発
2025-07-03,EMP0082,営業2部,一般,10:52,18:52,480,0,0,,0.1,あり,なし,なし,1337,PJ0008,本社,シフトB,木,事務
2025-07-03,EMP0033,情報システム部,主任,10:30,18:49,480,19,0,,0.4,あり,あり,なし,1551,PJ0011,名古屋オフィス,通常,木,営業活動
2025-07-03,EMP0098,マーケ部,一般,,,0,0,0,代休,0.4,あり,なし,なし,746,PJ0012,リモート,フレックス,木,開発
2025-07-03,EMP0069,DX推進部,課長,09:28,17:28,480,0,0,,0.2,なし,なし,なし,1522,PJ0017,大阪オフィス,通常,木,製造
2025-07-03,EMP0028,情報システム部,課長,09:18,18:00,480,102,5,,0.1,あり,なし,なし,690,PJ0027,福岡オフィス,フレックス,木,製造
2025-07-03,EMP0184,人事部,課長,08:52,17:22,480,90,0,,0.2,あり,あり,なし,613,PJ0017,大阪オフィス,フレックス,木,製造
2025-07-03,EMP0129,マーケ部,一般,08:24,17:21,480,117,14,,0.9,なし,あり,なし,949,PJ0002,大阪オフィス,シフトA,木,会議
2025-07-03,EMP0199,製造1部,一般,08:09,16:09,480,0,0,,0.9,なし,なし,なし,1894,PJ0019,名古屋オフィス,シフトB,木,管理
2025-07-03,EMP0065,情報システム部,課長,09:20,17:54,480,34,0,,1.0,なし,なし,なし,1770,PJ0023,福岡オフィス,シフトB,木,事務
2024-06-27,EMP0084,マーケ部,一般,10:15,18:55,480,40,0,,0.9,なし,あり,なし,1432,PJ0004,リモート,通常,木,事務
2024-06-27,EMP0074,DX推進部,一般,,,0,0,0,有給,0.2,あり,あり,あり,1323,PJ0016,本社,夜勤,木,営業活動
2024-06-27,EMP0112,人事部,課長,09:00,18:08,480,68,0,,0.6,なし,なし,なし,1530,PJ0017,工場,シフトA,木,開発
2024-06-27,EMP0048,DX推進部,一般,08:38,16:24,480,46,0,,0.7,なし,なし,なし,1159,PJ0005,名古屋オフィス,シフトA,木,事務
2024-06-27,EMP0027,マーケ部,主任,09:04,17:05,480,1,0,,0.3,あり,なし,なし,953,PJ0003,工場,シフトA,木,製造
2024-06-27,EMP0013,製造2部,主任,08:26,16:22,480,56,0,,0.3,あり,なし,なし,660,PJ0021,リモート,シフトB,木,営業活動
2024-06-27,EMP0165,マーケ部,主任,09:59,17:30,480,31,0,,0.5,なし,なし,なし,1144,PJ0021,リモート,通常,木,開発
2024-06-27,EMP0002,製造1部,一般,10:23,19:51,480,88,0,,0.1,なし,なし,なし,979,PJ0004,名古屋オフィス,シフトB,木,製造
2024-06-27,EMP0096,R&D部,課長,08:05,16:46,480,41,0,,0.5,なし,なし,なし,1456,PJ0008,工場,フレックス,木,会議
2024-06-27,EMP0043,DX推進部,課長,08:46,16:46,480,0,0,,0.9,あり,なし,なし,1298,PJ0027,リモート,フレックス,木,製造
2024-06-27,EMP0180,営業2部,一般,09:29,17:09,480,40,0,,0.2,なし,あり,なし,1261,PJ0008,工場,通常,木,事務
2024-06-27,EMP0104,営業2部,一般,09:37,17:51,480,14,0,,0.8,あり,なし,なし,1191,PJ0025,大阪オフィス,シフトB,木,管理
2025-09-11,EMP0008,R&D部,係長,10:34,18:01,480,27,0,,0.2,あり,なし,なし,1181,PJ0010,福岡オフィス,夜勤,木,製造
2025-09-11,EMP0189,DX推進部,一般,09:16,17:16,480,0,0,,0.2,あり,なし,なし,1146,PJ0026,大阪オフィス,フレックス,木,管理
2025-09-11,EMP0148,製造1部,一般,08:03,16:09,480,6,0,,0.1,なし,なし,なし,1892,PJ0006,福岡オフィス,フレックス,木,事務
2025-09-11,EMP0054,営業2部,係長,08:13,16:45,480,32,0,,0.4,なし,あり,なし,1784,PJ0022,リモート,フレックス,木,営業活動
2025-09-11,EMP0042,マーケ部,主任,09:12,17:12,480,0,0,,0.3,あり,なし,なし,886,PJ0007,本社,夜勤,木,開発
2025-09-11,EMP0064,営業2部,課長,09:04,17:04,480,0,0,,0.5,なし,なし,なし,1188,PJ0007,福岡オフィス,シフトB,木,開発
2025-09-11,EMP0068,営業2部,一般,10:07,18:02,480,55,0,,0.9,なし,あり,なし,782,PJ0005,本社,フレックス,木,製造
2025-09-11,EMP0110,総務部,課長,08:03,16:30,480,27,0,,0.4,なし,なし,なし,1668,PJ0027,名古屋オフィス,夜勤,木,管理
2025-09-11,EMP0182,DX推進部,主任,09:54,17:36,480,42,0,,0.4,あり,なし,なし,787,PJ0014,リモート,シフトB,木,営業活動
2025-09-11,EMP0127,情報システム部,課長,09:45,18:47,480,62,0,,0.3,なし,なし,なし,988,PJ0028,名古屋オフィス,シフトB,木,開発
2025-09-11,EMP0052,営業2部,部長,09:08,17:08,480,0,0,,0.7,あり,なし,なし,1697,PJ0020,リモート,シフトB,木,管理
2025-09-11,EMP0145,製造1部,部長,09:53,17:53,480,0,0,,0.2,なし,あり,なし,1471,PJ0011,福岡オフィス,シフトB,木,会議
2024-01-11,EMP0125,製造1部,一般,09:30,17:45,480,15,0,,0.6,あり,なし,なし,921,PJ0029,大阪オフィス,シフトA,木,営業活動
2024-01-11,EMP0061,マーケ部,主任,09:49,17:31,480,42,0,,0.6,あり,なし,なし,1037,PJ0015,大阪オフィス,シフトA,木,会議
2024-01-11,EMP0090,DX推進部,主任,08:49,17:04,480,75,0,,0.6,なし,なし,なし,1044,PJ0005,リモート,フレックス,木,管理
2024-01-11,EMP0180,営業2部,一般,09:57,17:06,480,9,0,,0.6,なし,なし,なし,1039,PJ0025,名古屋オフィス,シフトA,木,開発
2024-01-11,EMP0109,情報システム部,主任,08:34,16:34,480,0,0,,0.9,なし,なし,あり,904,PJ0019,リモート,フレックス,木,開発
2024-01-11,EMP0031,営業2部,一般,09:14,17:49,480,35,0,,0.0,なし,あり,なし,962,PJ0015,リモート,シフトA,木,会議
2024-01-11,EMP0112,人事部,課長,08:03,17:04,480,61,0,,0.0,あり,なし,なし,1416,PJ0014,福岡オフィス,シフトB,木,会議
2024-01-11,EMP0178,営業1部,一般,10:05,18:57,480,52,0,,0.2,あり,あり,なし,1476,PJ0025,福岡オフィス,シフトA,木,開発
2024-01-11,EMP0017,経理部,一般,09:10,17:00,480,50,0,,0.8,なし,なし,なし,1355,PJ0022,工場,シフトB,木,事務
2024-01-11,EMP0051,DX推進部,一般,09:04,17:49,480,45,0,,0.7,なし,なし,なし,1667,PJ0010,名古屋オフィス,通常,木,管理
2024-01-11,EMP0162,情報システム部,一般,09:34,18:42,480,68,0,,1.0,あり,あり,なし,781,PJ0011,名古屋オフィス,通常,木,製造
2024-01-11,EMP0016,製造2部,一般,09:29,18:43,480,74,0,,0.1,なし,なし,なし,1645,PJ0027,名古屋オフィス,夜勤,木,製造
2026-03-13,EMP0152,製造2部,主任,08:15,16:16,480,1,0,,0.0,なし,なし,なし,1261,PJ0014,福岡オフィス,通常,金,サポート
2026-03-13,EMP0191,人事部,一般,,,0,0,0,有給,0.9,なし,あり,なし,1229,PJ0015,大阪オフィス,シフトB,金,事務
2026-03-13,EMP0022,DX推進部,一般,08:10,16:10,480,0,0,,0.6,なし,なし,なし,1200,PJ0002,福岡オフィス,シフトA,金,製造
2026-03-13,EMP0071,R&D部,係長,10:00,19:25,480,85,0,,0.1,あり,なし,なし,1355,PJ0011,リモート,フレックス,金,営業活動
2026-03-13,EMP0025,総務部,一般,08:59,16:59,480,0,0,,0.8,あり,なし,なし,1017,PJ0027,名古屋オフィス,通常,金,製造
2026-03-13,EMP0113,マーケ部,部長,,,0,0,0,有給,0.2,あり,あり,なし,766,PJ0021,本社,通常,金,営業活動
2026-03-13,EMP0049,総務部,係長,08:20,16:20,480,0,0,,0.8,あり,なし,なし,1149,PJ0018,福岡オフィス,フレックス,金,製造
2026-03-13,EMP0128,製造2部,一般,,,0,0,0,有給,0.7,なし,あり,なし,996,PJ0024,大阪オフィス,フレックス,金,営業活動
2026-03-13,EMP0169,経理部,課長,08:45,16:56,480,11,0,,0.2,あり,なし,なし,1340,PJ0016,本社,通常,金,会議
2026-03-13,EMP0146,情報システム部,主任,09:19,18:29,480,70,0,,0.5,なし,なし,なし,1612,PJ0012,福岡オフィス,シフトB,金,管理
2026-03-13,EMP0150,総務部,係長,09:01,17:01,480,0,0,,0.4,あり,なし,なし,859,PJ0025,工場,夜勤,金,営業活動
2026-03-13,EMP0179,製造2部,一般,10:47,18:34,480,47,0,,0.7,あり,なし,なし,1285,PJ0001,本社,フレックス,金,管理
2025-06-17,EMP0039,営業2部,主任,08:20,16:26,480,6,0,,0.8,あり,なし,なし,1274,PJ0015,本社,フレックス,火,事務
2025-06-17,EMP0193,DX推進部,係長,10:46,18:46,480,0,0,,0.1,なし,あり,なし,1476,PJ0011,リモート,フレックス,火,事務
2025-06-17,EMP0121,製造1部,一般,08:33,16:04,480,31,0,,0.1,あり,なし,なし,1366,PJ0019,工場,シフトA,火,会議
2025-06-17,EMP0100,営業1部,主任,10:33,18:33,480,0,0,,0.8,なし,あり,なし,1071,PJ0022,大阪オフィス,シフトA,火,管理
2025-06-17,EMP0135,営業1部,主任,08:40,16:40,480,0,0,,0.0,あり,あり,なし,1445,PJ0026,大阪オフィス,シフトB,火,会議
2025-06-17,EMP0019,人事部,課長,09:54,17:36,480,42,0,,1.0,あり,なし,なし,1675,PJ0024,工場,通常,火,会議
2025-06-17,EMP0034,DX推進部,主任,08:05,16:05,480,0,0,,0.7,なし,あり,なし,1797,PJ0008,名古屋オフィス,通常,火,製造
2025-06-17,EMP0186,製造2部,一般,09:07,17:07,480,0,0,,0.5,あり,あり,なし,1223,PJ0028,福岡オフィス,夜勤,火,製造
2025-06-17,EMP0196,マーケ部,主任,09:23,17:32,480,9,0,,0.7,なし,あり,なし,849,PJ0018,名古屋オフィス,通常,火,製造
2025-06-17,EMP0012,製造2部,一般,10:24,18:24,480,0,0,,0.9,なし,なし,なし,1631,PJ0006,名古屋オフィス,シフトB,火,営業活動
2025-06-17,EMP0194,営業1部,係長,09:21,17:56,480,35,0,,0.8,あり,なし,なし,740,PJ0018,工場,夜勤,火,サポート
2025-06-17,EMP0101,DX推進部,課長,09:07,17:11,480,4,0,,0.4,なし,あり,なし,1814,PJ0025,リモート,通常,火,サポート
2025-09-23,EMP0003,経理部,係長,09:09,18:34,480,85,0,,0.4,あり,なし,なし,1517,PJ0023,大阪オフィス,フレックス,火,製造
2025-09-23,EMP0110,総務部,課長,09:14,17:03,480,49,0,,0.2,なし,なし,なし,1461,PJ0005,本社,シフトA,火,営業活動
2025-09-23,EMP0023,営業1部,課長,,,0,0,0,有給,0.8,なし,なし,なし,1055,PJ0008,工場,夜勤,火,会議
2025-09-23,EMP0095,総務部,一般,08:38,16:04,480,26,0,,0.7,なし,なし,なし,1708,PJ0020,工場,シフトA,火,会議
2025-09-23,EMP0094,人事部,課長,09:40,18:57,480,77,0,,0.2,あり,なし,なし,1693,PJ0026,大阪オフィス,通常,火,会議
2025-09-23,EMP0047,R&D部,主任,08:46,16:40,480,54,0,,0.7,あり,なし,なし,1252,PJ0007,大阪オフィス,通常,火,営業活動
2025-09-23,EMP0151,営業2部,係長,09:55,17:18,480,23,0,,0.7,なし,なし,なし,1192,PJ0003,福岡オフィス,通常,火,サポート
2025-09-23,EMP0038,経理部,係長,10:55,19:31,480,96,0,,0.9,あり,なし,あり,869,PJ0029,リモート,夜勤,火,開発
2025-09-23,EMP0147,R&D部,係長,08:27,16:53,480,26,0,,0.4,なし,なし,あり,1349,PJ0020,大阪オフィス,フレックス,火,開発
2025-09-23,EMP0158,人事部,課長,08:45,16:30,480,45,0,,0.7,あり,なし,なし,1251,PJ0028,リモート,通常,火,営業活動
2025-09-23,EMP0168,製造2部,主任,09:01,17:38,480,37,0,,0.2,なし,あり,なし,1843,PJ0026,リモート,通常,火,開発
2025-09-23,EMP0115,R&D部,主任,09:16,17:06,480,50,0,,0.5,なし,あり,なし,1840,PJ0022,名古屋オフィス,通常,火,サポート
2025-07-23,EMP0051,DX推進部,一般,08:39,16:22,480,43,0,,0.1,あり,なし,なし,1848,PJ0011,名古屋オフィス,フレックス,水,製造
2025-07-23,EMP0033,情報システム部,主任,08:50,16:50,480,0,0,,0.4,あり,なし,なし,896,PJ0002,工場,フレックス,水,開発
2025-07-23,EMP0177,製造1部,課長,09:46,17:46,480,0,0,,0.3,なし,あり,なし,1416,PJ0023,大阪オフィス,通常,水,開発
2025-07-23,EMP0076,製造1部,係長,09:35,17:35,480,0,0,,0.7,なし,なし,なし,1641,PJ0028,工場,シフトA,水,管理
2025-07-23,EMP0019,人事部,課長,08:03,16:02,480,59,0,,0.7,なし,なし,あり,1122,PJ0013,福岡オフィス,通常,水,製造
2025-07-23,EMP0121,製造1部,一般,,,0,0,0,有給,0.4,あり,なし,なし,1346,PJ0020,大阪オフィス,シフトA,水,開発
2025-07-23,EMP0164,情報システム部,一般,09:05,17:05,480,0,0,,1.0,なし,なし,なし,1476,PJ0028,工場,夜勤,水,会議
2025-07-23,EMP0029,情報システム部,一般,09:06,17:06,480,0,0,,0.8,あり,あり,なし,1198,PJ0024,本社,夜勤,水,開発
2025-07-23,EMP0085,総務部,一般,08:28,17:50,480,82,0,,0.4,なし,あり,なし,894,PJ0015,名古屋オフィス,夜勤,水,営業活動
2025-07-23,EMP0035,R&D部,係長,,,0,0,0,傷病,1.0,あり,なし,なし,958,PJ0010,大阪オフィス,シフトB,水,サポート
2025-07-23,EMP0037,人事部,部長,09:31,17:31,480,0,0,,0.7,なし,なし,なし,1618,PJ0025,本社,フレックス,水,事務
2025-07-23,EMP0135,営業1部,主任,,,0,0,0,有給,0.6,あり,なし,なし,1750,PJ0003,工場,夜勤,水,サポート
2025-08-05,EMP0053,R&D部,主任,10:03,18:03,480,0,0,,0.5,あり,なし,なし,916,PJ0001,名古屋オフィス,シフトA,火,会議
2025-08-05,EMP0038,経理部,係長,,,0,0,0,慶弔,1.0,あり,なし,なし,934,PJ0023,工場,シフトA,火,管理
2025-08-05,EMP0144,営業2部,部長,10:06,18:06,480,0,0,,0.5,あり,なし,なし,840,PJ0019,福岡オフィス,フレックス,火,会議
2025-08-05,EMP0042,マーケ部,主任,09:05,17:49,480,44,0,,0.1,なし,なし,なし,1356,PJ0003,名古屋オフィス,夜勤,火,事務
2025-08-05,EMP0005,経理部,係長,09:19,17:19,480,0,0,,0.5,なし,なし,なし,719,PJ0017,本社,通常,火,営業活動
2025-08-05,EMP0007,営業1部,一般,08:10,16:10,480,0,0,,0.9,あり,なし,なし,1492,PJ0018,福岡オフィス,シフトA,火,事務
2025-08-05,EMP0187,総務部,一般,09:22,18:22,480,60,0,,0.7,あり,なし,なし,1004,PJ0003,大阪オフィス,フレックス,火,開発
2025-08-05,EMP0107,製造2部,一般,08:17,17:32,480,75,0,,0.2,なし,なし,なし,1087,PJ0017,福岡オフィス,夜勤,火,管理
2025-08-05,EMP0033,情報システム部,主任,09:56,17:02,480,6,0,,0.2,あり,なし,なし,1625,PJ0004,福岡オフィス,シフトA,火,会議
2025-08-05,EMP0040,マーケ部,一般,09:04,18:11,480,67,0,,0.2,なし,なし,なし,1267,PJ0018,福岡オフィス,シフトB,火,開発
2025-08-05,EMP0163,マーケ部,係長,08:48,16:17,480,29,0,,0.4,なし,なし,なし,1067,PJ0005,本社,シフトA,火,サポート
2025-08-05,EMP0096,R&D部,課長,,,0,0,0,慶弔,0.1,あり,なし,なし,1066,PJ0011,名古屋オフィス,シフトB,火,管理
2026-04-07,EMP0022,DX推進部,一般,09:41,17:47,480,6,0,,0.0,なし,あり,なし,1541,PJ0017,大阪オフィス,夜勤,火,事務
2026-04-07,EMP0150,総務部,係長,10:03,18:03,480,0,0,,0.9,なし,なし,なし,1547,PJ0027,福岡オフィス,夜勤,火,管理
2026-04-07,EMP0045,マーケ部,係長,08:45,16:45,480,0,0,,0.2,なし,あり,なし,1518,PJ0008,リモート,シフトA,火,開発
2026-04-07,EMP0188,DX推進部,一般,09:02,17:10,480,8,0,,0.8,あり,なし,あり,1102,PJ0007,名古屋オフィス,フレックス,火,サポート
2026-04-07,EMP0140,DX推進部,課長,09:22,17:38,480,16,0,,0.8,あり,なし,なし,1161,PJ0009,リモート,シフトA,火,管理
2026-04-07,EMP0146,情報システム部,主任,08:00,16:37,480,37,0,,0.1,なし,なし,なし,1176,PJ0008,福岡オフィス,シフトA,火,営業活動
2026-04-07,EMP0135,営業1部,主任,09:39,17:47,480,8,0,,0.2,なし,なし,なし,1198,PJ0025,工場,シフトA,火,開発
2026-04-07,EMP0110,総務部,課長,09:29,18:32,480,63,0,,0.1,なし,あり,なし,1207,PJ0018,名古屋オフィス,フレックス,火,会議
2026-04-07,EMP0055,経理部,主任,08:19,16:19,480,0,0,,0.1,あり,あり,なし,1891,PJ0007,工場,シフトB,火,開発
2026-04-07,EMP0056,情報システム部,一般,08:56,17:18,480,82,0,,0.9,なし,なし,なし,661,PJ0028,名古屋オフィス,シフトA,火,開発
2026-04-07,EMP0058,製造1部,一般,09:55,18:59,480,64,0,,0.8,なし,あり,なし,1704,PJ0004,大阪オフィス,シフトA,火,事務
2026-04-07,EMP0105,R&D部,主任,09:57,17:45,480,48,0,,0.8,あり,なし,なし,1091,PJ0018,名古屋オフィス,シフトA,火,事務
2024-12-04,EMP0121,製造1部,一般,09:06,17:06,480,0,0,,0.9,なし,なし,なし,1660,PJ0018,大阪オフィス,シフトB,水,事務
2024-12-04,EMP0037,人事部,部長,08:29,16:09,480,40,0,,1.0,なし,なし,なし,1521,PJ0005,名古屋オフィス,夜勤,水,開発
2024-12-04,EMP0109,情報システム部,主任,09:04,17:06,480,2,0,,0.1,なし,なし,なし,1513,PJ0009,福岡オフィス,シフトB,水,開発
2024-12-04,EMP0183,R&D部,一般,09:58,18:27,480,89,0,,0.7,あり,あり,なし,1158,PJ0029,名古屋オフィス,通常,水,管理
2024-12-04,EMP0153,人事部,係長,10:26,19:38,480,72,0,,0.7,あり,なし,なし,1626,PJ0010,本社,シフトB,水,製造
2024-12-04,EMP0193,DX推進部,係長,09:40,17:20,480,40,0,,0.7,あり,なし,なし,839,PJ0020,リモート,通常,水,事務
2024-12-04,EMP0060,製造1部,課長,10:31,19:48,480,77,0,,1.0,あり,あり,なし,811,PJ0019,工場,シフトB,水,サポート
2024-12-04,EMP0004,営業2部,主任,08:52,16:52,480,0,0,,0.6,なし,なし,なし,1579,PJ0029,リモート,フレックス,水,開発
2024-12-04,EMP0177,製造1部,課長,08:04,16:04,480,0,0,,0.1,あり,なし,なし,721,PJ0020,福岡オフィス,フレックス,水,会議
2024-12-04,EMP0006,情報システム部,主任,09:26,18:00,480,94,27,,0.9,あり,なし,なし,1599,PJ0022,本社,シフトB,水,開発
2024-12-04,EMP0051,DX推進部,一般,09:52,17:13,480,21,0,,0.0,なし,なし,なし,1401,PJ0018,福岡オフィス,フレックス,水,製造
2024-12-04,EMP0148,製造1部,一般,09:48,18:23,480,95,0,,0.8,あり,なし,なし,1617,PJ0008,大阪オフィス,シフトA,水,サポート
2026-03-02,EMP0162,情報システム部,一般,,,0,0,0,慶弔,0.2,なし,あり,なし,1473,PJ0005,工場,シフトA,月,サポート
2026-03-02,EMP0029,情報システム部,一般,,,0,0,0,慶弔,0.2,なし,なし,なし,1037,PJ0029,名古屋オフィス,通常,月,開発
2026-03-02,EMP0022,DX推進部,一般,08:38,16:38,480,0,0,,0.1,なし,なし,なし,1532,PJ0018,名古屋オフィス,通常,月,開発
2026-03-02,EMP0114,DX推進部,一般,10:54,18:19,480,25,0,,0.3,あり,あり,なし,1487,PJ0003,工場,シフトB,月,製造
2026-03-02,EMP0153,人事部,係長,08:56,16:36,480,40,0,,0.1,あり,なし,なし,1442,PJ0018,本社,フレックス,月,会議
2026-03-02,EMP0150,総務部,係長,08:19,16:19,480,0,0,,0.2,なし,なし,なし,1519,PJ0011,名古屋オフィス,夜勤,月,管理
2026-03-02,EMP0184,人事部,課長,,,0,0,0,慶弔,0.6,なし,あり,なし,1736,PJ0004,名古屋オフィス,フレックス,月,営業活動
2026-03-02,EMP0049,総務部,係長,09:27,18:10,480,103,0,,0.4,あり,なし,なし,1044,PJ0004,福岡オフィス,フレックス,月,会議
2026-03-02,EMP0099,総務部,一般,09:24,17:10,480,46,0,,0.8,なし,なし,なし,784,PJ0010,名古屋オフィス,通常,月,事務
2026-03-02,EMP0194,営業1部,係長,,,0,0,0,有給,0.3,なし,あり,なし,1263,PJ0016,リモート,シフトA,月,事務
2026-03-02,EMP0017,経理部,一般,08:30,17:38,480,68,0,,0.5,なし,なし,なし,908,PJ0010,名古屋オフィス,通常,月,サポート
2026-03-02,EMP0156,総務部,主任,,,0,0,0,特別休暇,0.3,なし,あり,なし,1307,PJ0005,福岡オフィス,シフトB,月,サポート
2026-05-01,EMP0086,R&D部,一般,09:18,18:43,480,85,0,,0.5,なし,なし,なし,1396,PJ0002,本社,シフトB,金,サポート
2026-05-01,EMP0151,営業2部,係長,10:47,19:53,480,66,0,,0.5,あり,あり,なし,1088,PJ0002,福岡オフィス,フレックス,金,会議
2026-05-01,EMP0084,マーケ部,一般,,,0,0,0,有給,0.7,なし,あり,なし,1661,PJ0024,大阪オフィス,通常,金,開発
2026-05-01,EMP0133,経理部,主任,,,0,0,0,有給,0.0,なし,なし,なし,1185,PJ0013,リモート,夜勤,金,事務
2026-05-01,EMP0018,営業2部,主任,09:24,17:17,480,53,0,,0.6,なし,あり,なし,1697,PJ0019,工場,シフトB,金,サポート
2026-05-01,EMP0106,人事部,一般,09:11,18:21,480,70,0,,0.2,なし,なし,なし,1763,PJ0024,福岡オフィス,フレックス,金,事務
2026-05-01,EMP0090,DX推進部,主任,09:34,18:15,480,101,0,,0.6,なし,なし,なし,612,PJ0011,工場,通常,金,サポート
2026-05-01,EMP0144,営業2部,部長,09:31,17:31,480,0,0,,0.6,あり,なし,なし,1538,PJ0004,大阪オフィス,夜勤,金,開発
2026-05-01,EMP0054,営業2部,係長,09:22,17:22,480,0,0,,0.2,なし,あり,なし,1440,PJ0026,本社,通常,金,製造
2026-05-01,EMP0034,DX推進部,主任,09:40,17:29,480,49,0,,0.5,あり,なし,なし,1485,PJ0013,大阪オフィス,フレックス,金,会議
2026-05-01,EMP0138,DX推進部,主任,09:14,17:14,480,0,0,,0.6,あり,なし,なし,1209,PJ0025,名古屋オフィス,フレックス,金,開発
2026-05-01,EMP0110,総務部,課長,,,0,0,0,有給,0.7,なし,なし,なし,1139,PJ0008,大阪オフィス,夜勤,金,製造
2026-05-20,EMP0066,人事部,係長,10:24,18:24,480,0,0,,0.1,あり,あり,なし,960,PJ0004,名古屋オフィス,夜勤,水,製造
2026-05-20,EMP0026,経理部,一般,09:04,17:34,480,30,0,,0.3,あり,あり,なし,1868,PJ0014,リモート,シフトA,水,サポート
2026-05-20,EMP0112,人事部,課長,10:05,18:15,480,10,0,,0.3,なし,あり,なし,807,PJ0010,本社,フレックス,水,製造
2026-05-20,EMP0060,製造1部,課長,10:09,18:09,480,0,0,,0.4,なし,なし,なし,770,PJ0023,名古屋オフィス,シフトA,水,会議
2026-05-20,EMP0132,マーケ部,係長,09:38,17:44,480,6,0,,0.4,なし,なし,なし,1250,PJ0006,大阪オフィス,シフトA,水,会議
2026-05-20,EMP0196,マーケ部,主任,10:58,19:08,480,70,0,,0.6,なし,あり,なし,1484,PJ0016,本社,フレックス,水,管理
2026-05-20,EMP0165,マーケ部,主任,08:43,17:34,480,111,37,,0.0,なし,なし,なし,1454,PJ0003,大阪オフィス,フレックス,水,製造
2026-05-20,EMP0018,営業2部,主任,,,0,0,0,有給,0.6,なし,なし,なし,997,PJ0011,福岡オフィス,通常,水,サポート
2026-05-20,EMP0161,R&D部,部長,09:10,18:11,480,61,0,,0.9,あり,なし,なし,764,PJ0027,本社,夜勤,水,製造
2026-05-20,EMP0069,DX推進部,課長,09:44,17:01,480,17,0,,0.9,あり,なし,なし,1143,PJ0029,福岡オフィス,通常,水,サポート
2026-05-20,EMP0104,営業2部,一般,,,0,0,0,傷病,0.1,なし,なし,なし,1054,PJ0014,本社,夜勤,水,会議
2026-05-20,EMP0160,経理部,課長,08:58,16:52,480,54,0,,1.0,なし,なし,なし,1100,PJ0013,リモート,シフトB,水,開発
2026-05-25,EMP0197,製造1部,課長,09:25,18:41,480,76,0,,0.4,なし,なし,なし,817,PJ0002,福岡オフィス,夜勤,月,管理
2026-05-25,EMP0132,マーケ部,係長,09:16,17:16,480,0,0,,0.3,なし,なし,なし,1398,PJ0019,リモート,シフトA,月,製造
2026-05-25,EMP0101,DX推進部,課長,08:43,17:46,480,63,0,,0.0,あり,あり,なし,1233,PJ0014,福岡オフィス,夜勤,月,開発
2026-05-25,EMP0099,総務部,一般,10:05,19:08,480,63,0,,0.9,なし,なし,なし,983,PJ0026,本社,シフトA,月,管理
2026-05-25,EMP0006,情報システム部,主任,09:17,17:41,480,24,0,,0.4,あり,あり,なし,1344,PJ0009,名古屋オフィス,フレックス,月,営業活動
2026-05-25,EMP0162,情報システム部,一般,08:15,16:31,480,16,0,,0.9,なし,なし,なし,704,PJ0003,工場,シフトB,月,営業活動
2026-05-25,EMP0080,営業1部,一般,09:19,17:48,480,29,0,,0.4,あり,なし,なし,1079,PJ0021,名古屋オフィス,シフトB,月,開発
2026-05-25,EMP0048,DX推進部,一般,09:43,18:48,480,65,0,,0.4,あり,あり,なし,1811,PJ0008,リモート,シフトA,月,営業活動
2026-05-25,EMP0196,マーケ部,主任,09:35,17:35,480,0,0,,0.9,あり,なし,なし,1007,PJ0027,福岡オフィス,シフトB,月,事務
2026-05-25,EMP0190,営業1部,主任,10:59,19:20,480,81,0,,0.9,なし,あり,なし,1008,PJ0025,リモート,通常,月,営業活動
2026-05-25,EMP0181,営業1部,一般,08:53,16:53,480,0,0,,0.5,なし,なし,なし,1087,PJ0011,名古屋オフィス,通常,月,管理
2026-05-25,EMP0025,総務部,一般,09:02,18:07,480,65,0,,0.1,あり,なし,なし,768,PJ0015,名古屋オフィス,シフトA,月,サポート
2024-09-24,EMP0180,営業2部,一般,09:51,17:23,480,32,0,,0.9,なし,なし,なし,708,PJ0005,福岡オフィス,シフトA,火,開発
2024-09-24,EMP0128,製造2部,一般,08:34,16:32,480,58,0,,0.3,なし,なし,なし,1455,PJ0012,大阪オフィス,シフトB,火,管理
2024-09-24,EMP0057,DX推進部,主任,09:11,18:24,480,73,0,,0.9,あり,なし,なし,1652,PJ0007,名古屋オフィス,シフトA,火,管理
2024-09-24,EMP0138,DX推進部,主任,08:00,16:37,480,37,0,,0.1,あり,あり,あり,1477,PJ0016,福岡オフィス,シフトA,火,管理
2024-09-24,EMP0149,DX推進部,課長,08:00,16:00,480,0,0,,0.7,あり,なし,なし,852,PJ0012,工場,シフトA,火,管理
2024-09-24,EMP0153,人事部,係長,08:15,16:15,480,0,0,,0.8,なし,なし,なし,1653,PJ0003,福岡オフィス,シフトA,火,会議
2024-09-24,EMP0109,情報システム部,主任,08:32,17:42,480,70,0,,0.4,あり,あり,なし,1659,PJ0008,福岡オフィス,シフトA,火,営業活動
2024-09-24,EMP0025,総務部,一般,08:17,16:37,480,20,0,,0.4,あり,なし,あり,1547,PJ0008,リモート,シフトA,火,管理
2024-09-24,EMP0055,経理部,主任,,,0,0,0,慶弔,0.5,なし,なし,なし,789,PJ0020,リモート,シフトB,火,製造
2024-09-24,EMP0075,マーケ部,課長,09:32,17:14,480,42,0,,0.5,なし,なし,なし,1321,PJ0006,リモート,夜勤,火,製造
2024-09-24,EMP0071,R&D部,係長,09:34,18:39,480,65,0,,0.1,あり,なし,なし,1471,PJ0021,リモート,シフトB,火,営業活動
2024-09-24,EMP0077,DX推進部,課長,09:05,17:27,480,22,0,,0.4,なし,なし,なし,1545,PJ0016,工場,フレックス,火,サポート
2024-05-02,EMP0023,営業1部,課長,09:14,17:14,480,0,0,,0.6,なし,なし,なし,1072,PJ0014,名古屋オフィス,シフトB,木,製造
2024-05-02,EMP0189,DX推進部,一般,09:27,17:27,480,0,0,,0.5,なし,なし,なし,1118,PJ0019,大阪オフィス,シフトB,木,製造
2024-05-02,EMP0025,総務部,一般,08:25,16:12,480,47,0,,0.6,なし,あり,なし,1389,PJ0007,リモート,夜勤,木,サポート
2024-05-02,EMP0051,DX推進部,一般,10:53,18:18,480,25,0,,0.1,あり,なし,なし,965,PJ0005,福岡オフィス,夜勤,木,営業活動
2024-05-02,EMP0168,製造2部,主任,08:18,16:03,480,45,0,,0.2,なし,なし,なし,951,PJ0001,福岡オフィス,シフトB,木,管理
2024-05-02,EMP0140,DX推進部,課長,08:07,17:50,480,103,0,,0.4,あり,なし,なし,1714,PJ0029,リモート,フレックス,木,製造
2024-05-02,EMP0055,経理部,主任,10:27,18:03,480,36,0,,0.1,なし,あり,なし,682,PJ0029,大阪オフィス,シフトA,木,事務
2024-05-02,EMP0134,経理部,部長,08:07,16:09,480,2,0,,0.6,あり,あり,なし,715,PJ0015,名古屋オフィス,通常,木,製造
2024-05-02,EMP0197,製造1部,課長,09:56,17:12,480,16,0,,0.3,なし,なし,なし,1080,PJ0018,本社,シフトB,木,事務
2024-05-02,EMP0144,営業2部,部長,10:00,18:50,480,50,0,,0.8,なし,なし,なし,1439,PJ0020,名古屋オフィス,シフトA,木,開発
2024-05-02,EMP0026,経理部,一般,,,0,0,0,代休,1.0,あり,あり,なし,1262,PJ0012,福岡オフィス,夜勤,木,事務
2024-05-02,EMP0053,R&D部,主任,10:56,19:02,480,66,0,,0.2,なし,なし,なし,1287,PJ0027,リモート,シフトA,木,製造
2025-11-21,EMP0085,総務部,一般,08:38,16:38,480,0,0,,0.7,なし,なし,なし,1214,PJ0011,工場,夜勤,金,製造
2025-11-21,EMP0007,営業1部,一般,,,0,0,0,有給,0.2,あり,なし,あり,804,PJ0010,本社,通常,金,開発
2025-11-21,EMP0176,営業2部,係長,09:38,17:38,480,0,0,,0.4,あり,あり,なし,1800,PJ0015,本社,通常,金,サポート
2025-11-21,EMP0165,マーケ部,主任,09:44,17:44,480,0,0,,0.9,あり,あり,なし,860,PJ0003,福岡オフィス,通常,金,開発
2025-11-21,EMP0025,総務部,一般,08:25,16:47,480,22,0,,0.9,あり,なし,なし,1570,PJ0027,名古屋オフィス,シフトA,金,製造
2025-11-21,EMP0098,マーケ部,一般,10:24,19:05,480,101,9,,0.5,あり,なし,なし,1303,PJ0012,本社,シフトA,金,製造
2025-11-21,EMP0142,総務部,一般,08:00,16:00,480,0,0,,0.0,なし,なし,なし,803,PJ0011,大阪オフィス,夜勤,金,管理
2025-11-21,EMP0157,製造1部,主任,09:00,17:00,480,0,0,,0.4,あり,なし,なし,1298,PJ0002,大阪オフィス,通常,金,営業活動
2025-11-21,EMP0066,人事部,係長,10:40,18:40,480,0,0,,1.0,なし,なし,なし,956,PJ0006,大阪オフィス,シフトA,金,営業活動
2025-11-21,EMP0182,DX推進部,主任,09:35,17:35,480,0,0,,0.4,あり,なし,なし,1025,PJ0025,大阪オフィス,夜勤,金,製造
2025-11-21,EMP0186,製造2部,一般,09:24,17:44,480,20,0,,0.3,なし,あり,なし,1535,PJ0029,本社,フレックス,金,管理
2025-11-21,EMP0190,営業1部,主任,09:00,17:00,480,0,0,,0.0,なし,あり,なし,1585,PJ0024,大阪オフィス,通常,金,製造
2025-11-24,EMP0076,製造1部,係長,09:28,17:39,480,11,0,,0.2,あり,なし,なし,693,PJ0002,福岡オフィス,フレックス,月,製造
2025-11-24,EMP0124,経理部,課長,08:15,16:15,480,0,0,,1.0,あり,あり,なし,1707,PJ0020,本社,シフトB,月,開発
2025-11-24,EMP0142,総務部,一般,08:10,16:15,480,5,0,,0.9,なし,なし,なし,1840,PJ0006,大阪オフィス,夜勤,月,会議
2025-11-24,EMP0006,情報システム部,主任,08:51,16:51,480,0,0,,0.5,なし,なし,なし,1812,PJ0017,名古屋オフィス,夜勤,月,開発
2025-11-24,EMP0164,情報システム部,一般,08:31,17:38,480,67,0,,0.0,なし,なし,なし,1644,PJ0027,工場,通常,月,営業活動
2025-11-24,EMP0069,DX推進部,課長,09:24,17:24,480,0,0,,0.3,あり,なし,あり,701,PJ0005,本社,シフトA,月,サポート
2025-11-24,EMP0009,営業2部,一般,09:32,18:32,480,60,0,,1.0,あり,なし,なし,803,PJ0022,大阪オフィス,通常,月,事務
2025-11-24,EMP0051,DX推進部,一般,08:14,17:38,480,84,0,,1.0,あり,なし,なし,1612,PJ0022,福岡オフィス,シフトB,月,事務
2025-11-24,EMP0121,製造1部,一般,09:35,17:08,480,33,0,,0.8,なし,なし,なし,1653,PJ0005,本社,シフトA,月,事務
2025-11-24,EMP0147,R&D部,係長,10:11,18:26,480,15,0,,0.1,あり,なし,なし,1232,PJ0022,名古屋オフィス,シフトA,月,サポート
2025-11-24,EMP0033,情報システム部,主任,08:40,17:43,480,63,0,,0.1,なし,なし,なし,638,PJ0028,工場,シフトB,月,会議
2025-11-24,EMP0090,DX推進部,主任,09:05,17:05,480,0,0,,0.3,あり,あり,なし,1689,PJ0011,工場,夜勤,月,営業活動
2024-09-05,EMP0030,総務部,一般,09:39,17:10,480,31,0,,0.4,なし,あり,なし,829,PJ0015,リモート,シフトB,木,会議
2024-09-05,EMP0077,DX推進部,課長,09:52,17:29,480,37,0,,0.6,なし,なし,なし,928,PJ0024,工場,通常,木,営業活動
2024-09-05,EMP0121,製造1部,一般,,,0,0,0,慶弔,0.3,なし,なし,なし,1301,PJ0010,福岡オフィス,夜勤,木,会議
2024-09-05,EMP0128,製造2部,一般,10:28,18:40,480,12,0,,0.5,なし,あり,なし,843,PJ0020,本社,通常,木,サポート
2024-09-05,EMP0065,情報システム部,課長,09:14,17:14,480,0,0,,0.6,なし,なし,なし,847,PJ0018,大阪オフィス,シフトB,木,サポート
2024-09-05,EMP0136,製造1部,主任,09:24,17:49,480,25,0,,0.9,なし,なし,なし,1643,PJ0019,本社,フレックス,木,サポート
2024-09-05,EMP0039,営業2部,主任,09:01,17:47,480,46,0,,1.0,なし,なし,なし,1048,PJ0027,本社,シフトA,木,サポート
2024-09-05,EMP0143,営業1部,一般,08:41,16:41,480,0,0,,0.5,なし,なし,なし,1331,PJ0011,大阪オフィス,フレックス,木,サポート
2024-09-05,EMP0002,製造1部,一般,09:54,17:47,480,53,0,,0.5,なし,あり,なし,660,PJ0026,工場,通常,木,サポート
2024-09-05,EMP0094,人事部,課長,09:55,17:16,480,21,0,,0.8,なし,なし,なし,777,PJ0014,大阪オフィス,シフトA,木,管理
2024-09-05,EMP0195,DX推進部,主任,08:59,16:59,480,0,0,,0.9,あり,なし,なし,886,PJ0019,工場,夜勤,木,会議
2024-09-05,EMP0048,DX推進部,一般,09:35,18:45,480,70,0,,0.4,あり,なし,あり,1296,PJ0012,工場,通常,木,製造
2025-12-12,EMP0137,マーケ部,一般,08:30,16:31,480,1,0,,0.5,あり,なし,なし,1629,PJ0029,本社,通常,金,サポート
2025-12-12,EMP0103,マーケ部,一般,09:21,17:21,480,0,0,,0.3,あり,なし,なし,1585,PJ0024,本社,通常,金,管理
2025-12-12,EMP0196,マーケ部,主任,08:18,16:27,480,9,0,,0.3,なし,なし,なし,1357,PJ0023,大阪オフィス,夜勤,金,管理
2025-12-12,EMP0142,総務部,一般,09:41,17:41,480,0,0,,0.1,なし,あり,なし,1055,PJ0013,工場,通常,金,管理
2025-12-12,EMP0023,営業1部,課長,09:29,17:24,480,55,0,,0.4,なし,なし,なし,1531,PJ0014,大阪オフィス,シフトB,金,事務
2025-12-12,EMP0089,営業1部,課長,08:30,16:30,480,0,0,,0.2,なし,なし,なし,1428,PJ0022,福岡オフィス,通常,金,営業活動
2025-12-12,EMP0174,R&D部,一般,09:36,17:58,480,22,0,,0.0,なし,あり,なし,818,PJ0020,福岡オフィス,フレックス,金,製造
2025-12-12,EMP0060,製造1部,課長,09:38,17:39,480,1,0,,1.0,あり,なし,あり,1809,PJ0027,名古屋オフィス,フレックス,金,会議
2025-12-12,EMP0134,経理部,部長,,,0,0,0,有給,1.0,なし,なし,なし,956,PJ0005,大阪オフィス,シフトB,金,営業活動
2025-12-12,EMP0077,DX推進部,課長,09:57,17:11,480,14,0,,0.4,あり,なし,なし,1403,PJ0018,工場,通常,金,サポート
2025-12-12,EMP0059,製造1部,係長,10:19,18:03,480,44,0,,0.3,なし,なし,なし,1751,PJ0001,工場,通常,金,管理
2025-12-12,EMP0188,DX推進部,一般,10:01,19:31,480,90,0,,0.6,なし,なし,あり,1712,PJ0022,本社,シフトA,金,事務
2025-08-29,EMP0048,DX推進部,一般,09:12,17:12,480,0,0,,0.7,なし,なし,なし,1675,PJ0002,本社,シフトA,金,開発
2025-08-29,EMP0003,経理部,係長,08:34,16:34,480,0,0,,0.8,なし,なし,なし,1760,PJ0028,リモート,シフトB,金,管理
2025-08-29,EMP0005,経理部,係長,08:36,16:36,480,0,0,,0.5,なし,なし,なし,1637,PJ0013,本社,シフトB,金,営業活動
2025-08-29,EMP0119,製造2部,一般,09:59,17:00,480,1,0,,0.8,あり,あり,なし,1040,PJ0025,リモート,シフトB,金,開発
2025-08-29,EMP0195,DX推進部,主任,10:36,18:07,480,31,0,,0.5,あり,あり,なし,1259,PJ0003,名古屋オフィス,フレックス,金,事務
2025-08-29,EMP0102,経理部,一般,09:16,17:16,480,0,0,,0.1,なし,なし,なし,1625,PJ0014,リモート,通常,金,開発
2025-08-29,EMP0014,営業1部,一般,10:19,18:44,480,25,0,,0.9,あり,あり,なし,1819,PJ0016,リモート,シフトB,金,管理
2025-08-29,EMP0184,人事部,課長,09:53,17:12,480,19,0,,0.6,なし,なし,なし,1055,PJ0019,本社,通常,金,会議
2025-08-29,EMP0189,DX推進部,一般,,,0,0,0,特別休暇,0.2,なし,なし,なし,1166,PJ0019,リモート,夜勤,金,営業活動
2025-08-29,EMP0114,DX推進部,一般,08:54,16:54,480,0,0,,0.9,あり,なし,なし,1831,PJ0004,本社,シフトB,金,製造
2025-08-29,EMP0058,製造1部,一般,08:05,16:52,480,47,0,,0.2,あり,あり,なし,984,PJ0005,大阪オフィス,シフトA,金,製造
2025-08-29,EMP0147,R&D部,係長,09:26,17:18,480,52,0,,0.3,なし,なし,なし,710,PJ0003,工場,シフトB,金,開発
2026-01-30,EMP0137,マーケ部,一般,08:29,16:36,480,7,0,,0.0,あり,なし,なし,749,PJ0024,本社,シフトA,金,製造
2026-01-30,EMP0171,R&D部,課長,09:32,17:08,480,36,0,,0.9,あり,なし,なし,704,PJ0008,リモート,フレックス,金,管理
2026-01-30,EMP0160,経理部,課長,09:51,17:51,480,0,0,,0.3,あり,なし,なし,1469,PJ0003,大阪オフィス,シフトB,金,事務
2026-01-30,EMP0134,経理部,部長,09:33,17:23,480,50,0,,0.9,なし,なし,なし,1322,PJ0015,リモート,シフトA,金,サポート
2026-01-30,EMP0114,DX推進部,一般,08:06,16:23,480,17,0,,0.9,あり,なし,なし,944,PJ0018,工場,フレックス,金,管理
2026-01-30,EMP0044,人事部,一般,08:10,16:00,480,50,0,,0.4,なし,なし,なし,1549,PJ0003,リモート,通常,金,事務
2026-01-30,EMP0150,総務部,係長,08:17,16:26,480,9,0,,0.1,あり,なし,なし,1589,PJ0015,名古屋オフィス,フレックス,金,サポート
2026-01-30,EMP0081,営業2部,部長,08:23,16:11,480,48,0,,0.6,なし,なし,なし,1201,PJ0009,リモート,夜勤,金,営業活動
2026-01-30,EMP0102,経理部,一般,08:19,16:41,480,22,0,,0.3,なし,あり,なし,1250,PJ0009,大阪オフィス,シフトA,金,管理
2026-01-30,EMP0180,営業2部,一般,09:41,17:01,480,20,0,,0.3,なし,なし,なし,941,PJ0020,リモート,夜勤,金,事務
2026-01-30,EMP0195,DX推進部,主任,09:54,17:57,480,3,0,,0.3,なし,あり,なし,1673,PJ0019,リモート,シフトB,金,管理
2026-01-30,EMP0133,経理部,主任,09:21,17:46,480,25,0,,0.7,あり,あり,なし,692,PJ0018,本社,シフトA,金,事務
2024-09-17,EMP0049,総務部,係長,08:17,17:29,480,72,0,,0.8,あり,あり,なし,1168,PJ0019,福岡オフィス,フレックス,火,開発
2024-09-17,EMP0119,製造2部,一般,09:02,18:08,480,66,0,,0.0,なし,なし,なし,1527,PJ0004,福岡オフィス,夜勤,火,事務
2024-09-17,EMP0146,情報システム部,主任,09:43,18:46,480,63,0,,0.8,あり,あり,なし,1345,PJ0003,福岡オフィス,夜勤,火,管理
2024-09-17,EMP0173,経理部,一般,09:45,18:46,480,61,0,,0.5,あり,あり,なし,717,PJ0022,工場,シフトB,火,サポート
2024-09-17,EMP0065,情報システム部,課長,,,0,0,0,有給,0.9,あり,なし,なし,1778,PJ0008,本社,フレックス,火,営業活動
2024-09-17,EMP0112,人事部,課長,09:18,17:59,480,41,0,,0.6,あり,あり,なし,1357,PJ0027,本社,通常,火,製造
2024-09-17,EMP0186,製造2部,一般,08:04,17:00,480,116,0,,0.2,なし,なし,なし,1060,PJ0018,本社,夜勤,火,サポート
2024-09-17,EMP0070,製造1部,係長,08:57,16:05,480,8,0,,0.7,あり,あり,なし,1819,PJ0020,大阪オフィス,シフトB,火,営業活動
2024-09-17,EMP0136,製造1部,主任,10:20,18:16,480,56,0,,0.6,あり,なし,なし,692,PJ0017,福岡オフィス,通常,火,管理
2024-09-17,EMP0140,DX推進部,課長,09:17,17:55,480,38,0,,0.4,なし,あり,なし,1380,PJ0024,リモート,シフトB,火,会議
2024-09-17,EMP0105,R&D部,主任,08:47,16:24,480,37,0,,0.0,あり,なし,なし,1049,PJ0021,本社,シフトB,火,開発
2024-09-17,EMP0147,R&D部,係長,,,0,0,0,代休,0.4,なし,あり,なし,1166,PJ0026,福岡オフィス,通常,火,製造
2026-05-11,EMP0115,R&D部,主任,09:21,17:21,480,0,0,,0.1,あり,なし,なし,1685,PJ0005,本社,通常,月,事務
2026-05-11,EMP0042,マーケ部,主任,08:04,16:59,480,55,0,,0.1,なし,あり,なし,1437,PJ0028,福岡オフィス,夜勤,月,製造
2026-05-11,EMP0041,R&D部,係長,09:16,17:26,480,10,0,,1.0,なし,あり,なし,763,PJ0017,大阪オフィス,シフトA,月,営業活動
2026-05-11,EMP0193,DX推進部,係長,09:02,17:37,480,35,0,,0.6,なし,なし,なし,1099,PJ0006,リモート,シフトB,月,営業活動
2026-05-11,EMP0131,営業2部,一般,08:45,17:18,480,93,0,,0.1,あり,なし,あり,1072,PJ0016,工場,シフトB,月,事務
2026-05-11,EMP0147,R&D部,係長,09:00,17:18,480,18,0,,0.3,あり,なし,なし,1076,PJ0026,リモート,フレックス,月,製造
2026-05-11,EMP0036,製造2部,一般,09:41,17:57,480,16,0,,0.1,あり,なし,なし,1667,PJ0005,工場,通常,月,管理
2026-05-11,EMP0071,R&D部,係長,08:44,16:13,480,29,0,,0.5,なし,あり,なし,1704,PJ0006,リモート,シフトA,月,サポート
2026-05-11,EMP0059,製造1部,係長,10:37,18:37,480,0,0,,0.0,あり,あり,なし,1474,PJ0021,リモート,通常,月,事務
2026-05-11,EMP0189,DX推進部,一般,10:50,19:32,480,102,12,,0.1,なし,あり,なし,697,PJ0003,本社,シフトB,月,管理
2026-05-11,EMP0007,営業1部,一般,09:43,17:53,480,10,0,,0.1,なし,あり,あり,831,PJ0016,リモート,通常,月,製造
2026-05-11,EMP0118,製造2部,一般,08:37,16:37,480,0,0,,0.5,なし,なし,なし,773,PJ0025,福岡オフィス,シフトA,月,製造
2025-01-07,EMP0039,営業2部,主任,08:30,16:30,480,0,0,,0.6,なし,なし,なし,1424,PJ0017,福岡オフィス,シフトA,火,事務
2025-01-07,EMP0101,DX推進部,課長,09:50,18:53,480,63,0,,0.8,なし,なし,なし,1645,PJ0011,リモート,通常,火,会議
2025-01-07,EMP0107,製造2部,一般,09:52,17:04,480,12,0,,1.0,あり,なし,なし,991,PJ0019,名古屋オフィス,フレックス,火,管理
2025-01-07,EMP0013,製造2部,主任,09:22,17:49,480,27,0,,0.9,あり,あり,なし,1249,PJ0022,大阪オフィス,夜勤,火,会議
2025-01-07,EMP0199,製造1部,一般,08:57,16:57,480,0,0,,0.2,あり,あり,なし,1724,PJ0019,工場,シフトB,火,開発
2025-01-07,EMP0175,営業2部,一般,,,0,0,0,慶弔,0.4,なし,なし,なし,1364,PJ0009,大阪オフィス,夜勤,火,管理
2025-01-07,EMP0141,人事部,主任,08:14,16:10,480,56,0,,0.1,あり,なし,なし,767,PJ0027,本社,フレックス,火,開発
2025-01-07,EMP0167,営業1部,一般,08:48,16:48,480,0,0,,0.1,なし,なし,なし,840,PJ0014,リモート,シフトA,火,サポート
2025-01-07,EMP0157,製造1部,主任,09:19,17:19,480,0,0,,0.0,あり,あり,なし,996,PJ0025,リモート,シフトB,火,事務
2025-01-07,EMP0081,営業2部,部長,08:00,16:09,480,9,0,,0.7,あり,なし,なし,1205,PJ0011,福岡オフィス,シフトA,火,製造
2025-01-07,EMP0188,DX推進部,一般,10:43,18:00,480,17,0,,0.2,なし,あり,なし,1562,PJ0005,本社,夜勤,火,会議
2025-01-07,EMP0171,R&D部,課長,09:46,17:46,480,0,0,,0.1,あり,あり,なし,1890,PJ0012,工場,夜勤,火,営業活動
2025-09-08,EMP0134,経理部,部長,09:35,17:35,480,0,0,,0.4,なし,あり,なし,1332,PJ0027,リモート,フレックス,月,サポート
2025-09-08,EMP0147,R&D部,係長,09:24,17:24,480,0,0,,0.1,あり,なし,なし,1704,PJ0013,工場,フレックス,月,営業活動
2025-09-08,EMP0081,営業2部,部長,08:05,16:05,480,0,0,,0.1,なし,あり,なし,1727,PJ0009,リモート,シフトB,月,開発
2025-09-08,EMP0082,営業2部,一般,08:16,16:33,480,17,0,,0.1,あり,なし,なし,1835,PJ0013,本社,夜勤,月,事務
2025-09-08,EMP0162,情報システム部,一般,08:42,17:02,480,80,0,,0.1,なし,なし,なし,1160,PJ0020,名古屋オフィス,通常,月,事務
2025-09-08,EMP0025,総務部,一般,10:49,20:50,480,121,11,,0.3,なし,なし,なし,1235,PJ0011,リモート,フレックス,月,サポート
2025-09-08,EMP0169,経理部,課長,10:13,18:21,480,8,0,,0.5,あり,なし,なし,847,PJ0016,名古屋オフィス,フレックス,月,管理
2025-09-08,EMP0152,製造2部,主任,09:13,17:13,480,0,0,,0.7,なし,あり,なし,1262,PJ0025,リモート,シフトA,月,サポート
2025-09-08,EMP0035,R&D部,係長,09:41,17:41,480,0,0,,0.3,なし,あり,なし,1317,PJ0023,工場,シフトB,月,開発
2025-09-08,EMP0127,情報システム部,課長,09:58,18:56,480,118,0,,0.6,あり,なし,なし,603,PJ0025,福岡オフィス,シフトA,月,事務
2025-09-08,EMP0121,製造1部,一般,09:49,17:47,480,58,0,,0.3,あり,なし,あり,983,PJ0022,大阪オフィス,シフトA,月,製造
2025-09-08,EMP0137,マーケ部,一般,09:27,17:27,480,0,0,,0.5,なし,なし,なし,1237,PJ0024,本社,フレックス,月,営業活動
2024-07-25,EMP0079,経理部,主任,09:32,18:45,480,73,0,,0.3,なし,あり,なし,829,PJ0005,福岡オフィス,夜勤,木,営業活動
2024-07-25,EMP0164,情報システム部,一般,09:33,18:43,480,70,0,,1.0,なし,なし,なし,1461,PJ0023,名古屋オフィス,通常,木,開発
2024-07-25,EMP0036,製造2部,一般,08:23,16:40,480,17,0,,0.3,あり,なし,なし,879,PJ0022,工場,フレックス,木,事務
2024-07-25,EMP0105,R&D部,主任,09:59,17:59,480,0,0,,0.9,なし,なし,なし,1028,PJ0010,名古屋オフィス,夜勤,木,開発
2024-07-25,EMP0064,営業2部,課長,08:51,16:10,480,19,0,,0.1,あり,あり,なし,761,PJ0023,名古屋オフィス,シフトA,木,開発
2024-07-25,EMP0169,経理部,課長,09:42,17:12,480,30,0,,0.3,あり,あり,なし,973,PJ0018,リモート,フレックス,木,会議
2024-07-25,EMP0189,DX推進部,一般,09:49,17:49,480,0,0,,0.5,なし,あり,なし,1792,PJ0029,大阪オフィス,シフトA,木,開発
2024-07-25,EMP0093,DX推進部,一般,09:52,17:36,480,44,0,,0.1,あり,なし,なし,1033,PJ0008,本社,シフトB,木,サポート
2024-07-25,EMP0017,経理部,一般,09:02,17:15,480,13,0,,0.4,なし,なし,なし,1481,PJ0028,本社,通常,木,開発
2024-07-25,EMP0072,人事部,一般,08:30,16:30,480,0,0,,0.5,なし,あり,なし,809,PJ0015,名古屋オフィス,通常,木,製造
2024-07-25,EMP0075,マーケ部,課長,08:42,16:42,480,0,0,,0.2,なし,なし,なし,1333,PJ0011,本社,通常,木,事務
2024-07-25,EMP0027,マーケ部,主任,09:22,17:22,480,0,0,,0.4,なし,なし,なし,968,PJ0006,福岡オフィス,シフトB,木,製造
2026-01-14,EMP0112,人事部,課長,10:44,19:55,480,71,0,,0.5,あり,なし,なし,919,PJ0003,名古屋オフィス,シフトB,水,事務
2026-01-14,EMP0056,情報システム部,一般,09:56,17:49,480,53,0,,0.3,あり,なし,なし,1512,PJ0008,本社,夜勤,水,営業活動
2026-01-14,EMP0125,製造1部,一般,,,0,0,0,慶弔,0.6,あり,なし,なし,1479,PJ0006,大阪オフィス,夜勤,水,製造
2026-01-14,EMP0184,人事部,課長,,,0,0,0,代休,0.6,なし,なし,なし,958,PJ0025,大阪オフィス,シフトA,水,開発
2026-01-14,EMP0171,R&D部,課長,08:43,16:11,480,28,0,,0.9,なし,なし,なし,1635,PJ0021,工場,夜勤,水,管理
2026-01-14,EMP0042,マーケ部,主任,10:21,18:21,480,0,0,,0.8,あり,なし,なし,728,PJ0017,福岡オフィス,シフトA,水,会議
2026-01-14,EMP0027,マーケ部,主任,09:19,17:44,480,25,0,,0.3,なし,なし,なし,702,PJ0011,本社,通常,水,開発
2026-01-14,EMP0134,経理部,部長,09:47,18:32,480,105,0,,1.0,なし,なし,なし,1636,PJ0007,工場,シフトA,水,営業活動
2026-01-14,EMP0049,総務部,係長,09:33,17:41,480,8,0,,0.3,あり,あり,なし,1697,PJ0013,工場,フレックス,水,会議
2026-01-14,EMP0132,マーケ部,係長,08:41,17:00,480,79,0,,0.3,なし,なし,なし,810,PJ0012,本社,シフトA,水,営業活動
2026-01-14,EMP0034,DX推進部,主任,09:35,17:32,480,57,0,,0.1,なし,なし,なし,1417,PJ0014,福岡オフィス,シフトB,水,管理
2026-01-14,EMP0092,人事部,一般,09:42,18:47,480,65,0,,0.8,なし,あり,なし,1520,PJ0004,工場,フレックス,水,営業活動
2025-01-27,EMP0014,営業1部,一般,09:27,17:27,480,0,0,,0.2,なし,なし,なし,1890,PJ0002,名古屋オフィス,通常,月,開発
2025-01-27,EMP0157,製造1部,主任,10:01,18:01,480,0,0,,0.0,あり,あり,なし,1191,PJ0005,名古屋オフィス,夜勤,月,サポート
2025-01-27,EMP0018,営業2部,主任,08:11,16:06,480,55,0,,0.7,なし,なし,なし,1805,PJ0024,大阪オフィス,シフトB,月,製造
2025-01-27,EMP0049,総務部,係長,09:32,18:43,480,71,0,,0.5,なし,なし,なし,1774,PJ0023,リモート,通常,月,製造
2025-01-27,EMP0145,製造1部,部長,09:46,17:24,480,38,0,,0.5,あり,あり,なし,1296,PJ0028,名古屋オフィス,夜勤,月,管理
2025-01-27,EMP0041,R&D部,係長,08:45,16:45,480,0,0,,0.2,あり,なし,あり,1649,PJ0008,福岡オフィス,通常,月,開発
2025-01-27,EMP0169,経理部,課長,09:15,17:26,480,11,0,,1.0,なし,あり,なし,1115,PJ0012,福岡オフィス,シフトA,月,会議
2025-01-27,EMP0081,営業2部,部長,08:31,16:31,480,0,0,,0.8,なし,あり,なし,1305,PJ0002,リモート,シフトB,月,開発
2025-01-27,EMP0027,マーケ部,主任,09:53,17:53,480,0,0,,0.3,あり,あり,なし,1888,PJ0009,大阪オフィス,通常,月,開発
2025-01-27,EMP0046,R&D部,一般,08:37,16:21,480,44,0,,0.6,なし,なし,なし,1769,PJ0024,福岡オフィス,シフトA,月,会議
2025-01-27,EMP0056,情報システム部,一般,08:50,16:54,480,4,0,,0.2,あり,なし,なし,1108,PJ0010,大阪オフィス,シフトB,月,開発
2025-01-27,EMP0070,製造1部,係長,08:43,16:06,480,23,0,,0.7,なし,なし,なし,1691,PJ0024,名古屋オフィス,夜勤,月,営業活動
2026-01-22,EMP0155,人事部,一般,08:44,16:14,480,30,0,,0.7,なし,あり,なし,892,PJ0021,工場,シフトA,木,会議
2026-01-22,EMP0158,人事部,課長,08:22,16:22,480,0,0,,0.0,なし,なし,なし,821,PJ0024,リモート,シフトA,木,製造
2026-01-22,EMP0129,マーケ部,一般,08:14,16:14,480,0,0,,0.3,なし,なし,なし,1890,PJ0016,大阪オフィス,フレックス,木,事務
2026-01-22,EMP0089,営業1部,課長,09:18,17:18,480,0,0,,0.9,なし,あり,なし,1864,PJ0029,大阪オフィス,通常,木,製造
2026-01-22,EMP0058,製造1部,一般,09:05,17:05,480,0,0,,0.8,なし,なし,なし,1736,PJ0018,福岡オフィス,夜勤,木,管理
2026-01-22,EMP0199,製造1部,一般,09:05,17:27,480,22,0,,0.5,なし,あり,なし,1814,PJ0022,名古屋オフィス,シフトA,木,製造
2026-01-22,EMP0001,経理部,主任,09:49,17:11,480,22,0,,0.7,なし,なし,なし,1610,PJ0002,大阪オフィス,シフトB,木,開発
2026-01-22,EMP0127,情報システム部,課長,08:15,17:31,480,76,0,,0.3,なし,あり,なし,697,PJ0016,福岡オフィス,シフトA,木,開発
2026-01-22,EMP0149,DX推進部,課長,09:32,17:45,480,13,0,,0.6,なし,あり,なし,1589,PJ0023,リモート,フレックス,木,管理
2026-01-22,EMP0083,R&D部,一般,09:55,18:59,480,64,0,,0.4,なし,なし,なし,1276,PJ0025,リモート,シフトB,木,管理
2026-01-22,EMP0168,製造2部,主任,08:54,16:45,480,51,0,,0.2,なし,あり,なし,1256,PJ0011,工場,シフトB,木,サポート
2026-01-22,EMP0194,営業1部,係長,10:10,18:10,480,0,0,,0.8,あり,あり,なし,1501,PJ0015,福岡オフィス,フレックス,木,事務
2024-11-15,EMP0054,営業2部,係長,,,0,0,0,特別休暇,0.4,なし,あり,なし,937,PJ0025,本社,シフトA,金,サポート
2024-11-15,EMP0084,マーケ部,一般,09:22,17:01,480,39,0,,0.3,なし,なし,なし,1509,PJ0003,大阪オフィス,通常,金,管理
2024-11-15,EMP0151,営業2部,係長,,,0,0,0,傷病,0.5,なし,あり,なし,1471,PJ0013,本社,シフトB,金,管理
2024-11-15,EMP0025,総務部,一般,,,0,0,0,慶弔,0.5,なし,なし,なし,1730,PJ0020,大阪オフィス,シフトB,金,製造
2024-11-15,EMP0152,製造2部,主任,09:47,17:07,480,20,0,,0.8,あり,なし,なし,684,PJ0009,工場,通常,金,営業活動
2024-11-15,EMP0144,営業2部,部長,09:45,17:45,480,0,0,,0.3,あり,なし,なし,1079,PJ0012,リモート,シフトA,金,管理
2024-11-15,EMP0185,営業2部,主任,09:17,17:20,480,3,0,,0.5,なし,なし,なし,1000,PJ0019,福岡オフィス,シフトB,金,管理
2024-11-15,EMP0198,製造1部,主任,09:43,17:39,480,56,0,,0.8,あり,あり,なし,775,PJ0027,大阪オフィス,シフトA,金,開発
2024-11-15,EMP0114,DX推進部,一般,09:32,17:47,480,15,0,,0.5,なし,なし,なし,1676,PJ0002,名古屋オフィス,フレックス,金,事務
2024-11-15,EMP0118,製造2部,一般,09:50,17:01,480,11,0,,0.4,なし,なし,なし,1178,PJ0018,リモート,シフトB,金,営業活動
2024-11-15,EMP0048,DX推進部,一般,08:56,16:30,480,34,0,,0.9,なし,あり,なし,1038,PJ0003,工場,通常,金,会議
2024-11-15,EMP0003,経理部,係長,09:26,17:00,480,34,0,,0.1,あり,なし,なし,1443,PJ0013,大阪オフィス,シフトA,金,営業活動
2025-09-04,EMP0068,営業2部,一般,,,0,0,0,慶弔,0.8,あり,なし,なし,1265,PJ0023,本社,シフトB,木,事務
2025-09-04,EMP0050,マーケ部,部長,09:59,17:59,480,0,0,,0.8,なし,あり,なし,1490,PJ0001,大阪オフィス,フレックス,木,管理
2025-09-04,EMP0064,営業2部,課長,,,0,0,0,代休,0.2,なし,あり,なし,1131,PJ0013,リモート,夜勤,木,管理
2025-09-04,EMP0067,DX推進部,係長,08:42,17:59,480,77,0,,0.7,あり,あり,あり,1106,PJ0022,リモート,シフトB,木,製造
2025-09-04,EMP0020,製造2部,係長,09:08,18:17,480,69,0,,0.2,あり,あり,なし,1451,PJ0009,リモート,夜勤,木,製造
2025-09-04,EMP0160,経理部,課長,,,0,0,0,有給,0.7,あり,なし,なし,1389,PJ0026,福岡オフィス,シフトB,木,サポート
2025-09-04,EMP0094,人事部,課長,10:19,19:46,480,87,0,,0.8,あり,なし,なし,763,PJ0019,本社,フレックス,木,開発
2025-09-04,EMP0192,マーケ部,課長,08:28,16:28,480,0,0,,0.9,あり,なし,なし,1536,PJ0003,工場,シフトA,木,開発
2025-09-04,EMP0001,経理部,主任,09:47,17:22,480,35,0,,0.2,なし,なし,なし,1014,PJ0018,リモート,フレックス,木,会議
2025-09-04,EMP0165,マーケ部,主任,09:38,19:54,480,136,16,,0.4,あり,なし,なし,1557,PJ0015,本社,通常,木,事務
2025-09-04,EMP0167,営業1部,一般,08:33,16:05,480,32,0,,1.0,あり,なし,なし,677,PJ0029,名古屋オフィス,シフトA,木,営業活動
2025-09-04,EMP0051,DX推進部,一般,08:09,16:47,480,38,0,,0.2,あり,なし,なし,1800,PJ0019,工場,夜勤,木,開発
2025-10-02,EMP0072,人事部,一般,08:57,16:34,480,37,0,,0.3,なし,なし,なし,1579,PJ0023,工場,通常,木,製造
2025-10-02,EMP0101,DX推進部,課長,08:20,16:37,480,17,0,,0.9,あり,あり,なし,1723,PJ0021,リモート,通常,木,管理
2025-10-02,EMP0106,人事部,一般,09:27,17:27,480,0,0,,0.3,なし,なし,なし,1800,PJ0004,大阪オフィス,シフトA,木,営業活動
2025-10-02,EMP0129,マーケ部,一般,09:19,17:19,480,0,0,,0.7,あり,なし,なし,806,PJ0006,名古屋オフィス,夜勤,木,管理
2025-10-02,EMP0033,情報システム部,主任,09:03,17:16,480,13,0,,0.4,あり,なし,なし,1389,PJ0016,本社,シフトA,木,管理
2025-10-02,EMP0052,営業2部,部長,08:59,16:29,480,30,0,,0.9,あり,なし,なし,932,PJ0022,工場,通常,木,営業活動
2025-10-02,EMP0163,マーケ部,係長,08:11,16:11,480,0,0,,0.1,なし,なし,なし,1073,PJ0028,福岡オフィス,フレックス,木,営業活動
2025-10-02,EMP0020,製造2部,係長,10:16,18:56,480,40,0,,0.7,なし,あり,なし,1487,PJ0009,福岡オフィス,夜勤,木,製造
2025-10-02,EMP0069,DX推進部,課長,09:40,18:53,480,73,0,,0.6,なし,あり,なし,1017,PJ0009,本社,通常,木,開発
2025-10-02,EMP0157,製造1部,主任,10:52,18:01,480,9,0,,0.4,なし,なし,なし,1762,PJ0003,福岡オフィス,夜勤,木,サポート
2025-10-02,EMP0095,総務部,一般,09:18,17:29,480,11,0,,0.6,なし,なし,なし,1845,PJ0016,名古屋オフィス,シフトA,木,サポート
2025-10-02,EMP0023,営業1部,課長,09:47,17:01,480,14,0,,0.7,なし,なし,なし,1293,PJ0015,工場,シフトB,木,管理
2024-04-25,EMP0114,DX推進部,一般,10:15,18:34,480,19,0,,0.4,なし,あり,あり,919,PJ0018,大阪オフィス,通常,木,管理
2024-04-25,EMP0138,DX推進部,主任,09:24,17:20,480,56,0,,0.8,あり,あり,なし,863,PJ0027,名古屋オフィス,通常,木,管理
2024-04-25,EMP0194,営業1部,係長,10:19,18:19,480,0,0,,0.5,なし,あり,なし,849,PJ0029,リモート,夜勤,木,管理
2024-04-25,EMP0010,製造2部,一般,10:44,19:03,480,79,0,,0.8,なし,あり,なし,690,PJ0011,福岡オフィス,フレックス,木,サポート
2024-04-25,EMP0190,営業1部,主任,09:15,17:15,480,0,0,,0.6,あり,あり,なし,1048,PJ0002,福岡オフィス,フレックス,木,サポート
2024-04-25,EMP0007,営業1部,一般,09:27,17:06,480,39,0,,0.5,あり,あり,なし,1856,PJ0005,工場,通常,木,管理
2024-04-25,EMP0131,営業2部,一般,10:56,18:32,480,36,0,,0.1,なし,あり,なし,1037,PJ0010,本社,シフトB,木,サポート
2024-04-25,EMP0149,DX推進部,課長,08:00,16:10,480,10,0,,0.4,なし,あり,なし,1805,PJ0014,福岡オフィス,フレックス,木,管理
2024-04-25,EMP0046,R&D部,一般,09:16,17:01,480,45,0,,0.5,なし,なし,なし,1343,PJ0005,名古屋オフィス,シフトA,木,開発
2024-04-25,EMP0008,R&D部,係長,09:04,18:05,480,61,0,,0.5,なし,なし,なし,940,PJ0025,名古屋オフィス,シフトB,木,サポート
2024-04-25,EMP0091,製造1部,主任,09:24,17:15,480,51,0,,1.0,なし,なし,なし,1241,PJ0024,大阪オフィス,夜勤,木,事務
2024-04-25,EMP0174,R&D部,一般,09:08,17:08,480,0,0,,0.7,あり,なし,なし,1031,PJ0027,大阪オフィス,シフトB,木,会議
2024-03-01,EMP0088,営業1部,係長,10:06,18:06,480,0,0,,0.9,あり,あり,あり,1562,PJ0029,名古屋オフィス,フレックス,金,サポート
2024-03-01,EMP0165,マーケ部,主任,08:26,16:35,480,9,0,,0.3,なし,なし,なし,1710,PJ0003,大阪オフィス,フレックス,金,会議
2024-03-01,EMP0042,マーケ部,主任,09:49,17:49,480,0,0,,0.3,なし,なし,なし,797,PJ0012,工場,夜勤,金,管理
2024-03-01,EMP0012,製造2部,一般,08:51,17:04,480,73,0,,0.3,あり,なし,なし,1212,PJ0021,福岡オフィス,シフトA,金,開発
2024-03-01,EMP0149,DX推進部,課長,,,0,0,0,慶弔,0.0,なし,あり,なし,1170,PJ0006,工場,シフトB,金,管理
2024-03-01,EMP0192,マーケ部,課長,10:39,18:12,480,33,0,,0.6,なし,なし,なし,1839,PJ0010,大阪オフィス,通常,金,営業活動
2024-03-01,EMP0127,情報システム部,課長,10:10,18:25,480,15,0,,0.3,あり,あり,なし,1141,PJ0026,大阪オフィス,シフトA,金,営業活動
2024-03-01,EMP0109,情報システム部,主任,08:16,17:19,480,63,0,,0.9,なし,なし,なし,1307,PJ0005,大阪オフィス,シフトB,金,管理
2024-03-01,EMP0197,製造1部,課長,08:57,16:22,480,25,0,,0.8,なし,なし,なし,721,PJ0003,リモート,フレックス,金,製造
2024-03-01,EMP0152,製造2部,主任,09:38,17:38,480,0,0,,0.6,なし,なし,なし,793,PJ0008,名古屋オフィス,シフトA,金,管理
2024-03-01,EMP0107,製造2部,一般,08:23,16:23,480,0,0,,0.0,なし,なし,なし,1342,PJ0001,福岡オフィス,通常,金,サポート
2024-03-01,EMP0178,営業1部,一般,08:11,16:39,480,28,0,,0.9,あり,あり,なし,1841,PJ0010,名古屋オフィス,フレックス,金,サポート
2025-02-07,EMP0102,経理部,一般,09:12,17:12,480,0,0,,0.9,なし,なし,なし,1616,PJ0028,名古屋オフィス,シフトA,金,製造
2025-02-07,EMP0047,R&D部,主任,,,0,0,0,有給,0.7,あり,あり,なし,903,PJ0019,リモート,フレックス,金,事務
2025-02-07,EMP0096,R&D部,課長,09:47,17:58,480,11,0,,0.5,なし,なし,あり,720,PJ0012,名古屋オフィス,シフトB,金,製造
2025-02-07,EMP0115,R&D部,主任,09:24,17:24,480,0,0,,0.7,あり,あり,なし,1434,PJ0013,リモート,通常,金,管理
2025-02-07,EMP0127,情報システム部,課長,09:30,17:55,480,25,0,,0.6,あり,あり,なし,694,PJ0003,福岡オフィス,夜勤,金,会議
2025-02-07,EMP0075,マーケ部,課長,10:19,18:37,480,18,0,,0.7,あり,あり,なし,1209,PJ0001,リモート,夜勤,金,開発
2025-02-07,EMP0093,DX推進部,一般,08:45,16:21,480,36,0,,0.5,なし,あり,なし,1552,PJ0018,本社,フレックス,金,製造
2025-02-07,EMP0099,総務部,一般,08:03,16:47,480,44,0,,0.9,あり,なし,なし,795,PJ0018,名古屋オフィス,通常,金,管理
2025-02-07,EMP0010,製造2部,一般,09:00,17:00,480,0,0,,0.8,なし,あり,なし,1510,PJ0019,大阪オフィス,シフトA,金,サポート
2025-02-07,EMP0118,製造2部,一般,09:35,17:41,480,6,0,,0.2,なし,なし,なし,1344,PJ0017,本社,夜勤,金,製造
2025-02-07,EMP0049,総務部,係長,09:56,17:09,480,13,0,,0.4,あり,なし,なし,1442,PJ0029,大阪オフィス,フレックス,金,会議
2025-02-07,EMP0077,DX推進部,課長,10:20,18:25,480,5,0,,0.5,あり,なし,なし,1782,PJ0002,福岡オフィス,シフトA,金,開発
2024-06-25,EMP0080,営業1部,一般,09:54,18:09,480,75,0,,0.9,なし,あり,なし,686,PJ0018,福岡オフィス,夜勤,火,管理
2024-06-25,EMP0152,製造2部,主任,09:45,17:42,480,57,0,,0.5,あり,なし,なし,1042,PJ0010,本社,シフトB,火,サポート
2024-06-25,EMP0050,マーケ部,部長,08:33,16:55,480,22,0,,0.3,なし,あり,なし,700,PJ0027,本社,フレックス,火,会議
2024-06-25,EMP0188,DX推進部,一般,09:25,18:52,480,87,0,,0.6,なし,なし,なし,978,PJ0004,工場,夜勤,火,管理
2024-06-25,EMP0039,営業2部,主任,09:02,17:02,480,0,0,,0.5,なし,なし,なし,797,PJ0023,福岡オフィス,シフトA,火,営業活動
2024-06-25,EMP0147,R&D部,係長,09:40,17:54,480,14,0,,0.1,あり,なし,なし,1507,PJ0023,大阪オフィス,シフトA,火,開発
2024-06-25,EMP0063,人事部,主任,09:47,17:20,480,33,0,,0.5,なし,なし,なし,1842,PJ0021,リモート,通常,火,開発
2024-06-25,EMP0036,製造2部,一般,09:48,17:19,480,31,0,,0.6,なし,なし,なし,1249,PJ0005,本社,通常,火,会議
2024-06-25,EMP0105,R&D部,主任,09:49,17:49,480,0,0,,0.4,あり,なし,あり,1209,PJ0028,福岡オフィス,フレックス,火,管理
2024-06-25,EMP0130,総務部,係長,08:03,16:06,480,3,0,,0.8,なし,なし,なし,1155,PJ0002,福岡オフィス,シフトA,火,開発
2024-06-25,EMP0084,マーケ部,一般,09:04,17:04,480,0,0,,0.6,あり,なし,なし,1098,PJ0013,大阪オフィス,シフトB,火,事務
2024-06-25,EMP0079,経理部,主任,,,0,0,0,特別休暇,0.8,なし,あり,なし,1412,PJ0018,工場,フレックス,火,事務
2025-11-06,EMP0136,製造1部,主任,08:46,17:10,480,84,0,,1.0,なし,なし,なし,1513,PJ0010,本社,夜勤,木,開発
2025-11-06,EMP0093,DX推進部,一般,09:01,17:01,480,0,0,,0.5,なし,なし,なし,1351,PJ0007,リモート,通常,木,管理
2025-11-06,EMP0180,営業2部,一般,09:16,17:14,480,58,0,,0.8,なし,なし,なし,1214,PJ0021,リモート,通常,木,事務
2025-11-06,EMP0063,人事部,主任,10:03,18:03,480,0,0,,0.5,なし,あり,なし,877,PJ0007,工場,夜勤,木,サポート
2025-11-06,EMP0176,営業2部,係長,08:39,16:39,480,0,0,,0.9,なし,なし,なし,1736,PJ0029,大阪オフィス,シフトA,木,管理
2025-11-06,EMP0156,総務部,主任,09:47,17:50,480,3,0,,0.4,なし,なし,なし,723,PJ0009,福岡オフィス,通常,木,管理
2025-11-06,EMP0067,DX推進部,係長,09:25,17:25,480,0,0,,0.2,あり,なし,なし,1696,PJ0010,工場,シフトB,木,サポート
2025-11-06,EMP0071,R&D部,係長,08:38,16:14,480,36,0,,0.5,あり,なし,なし,1383,PJ0022,リモート,夜勤,木,営業活動
2025-11-06,EMP0165,マーケ部,主任,09:13,17:14,480,1,0,,0.3,なし,なし,なし,1690,PJ0021,リモート,通常,木,開発
2025-11-06,EMP0054,営業2部,係長,09:22,17:26,480,4,0,,0.6,なし,あり,なし,985,PJ0018,大阪オフィス,通常,木,営業活動
2025-11-06,EMP0078,経理部,課長,09:44,17:43,480,59,0,,0.9,あり,なし,なし,1080,PJ0003,リモート,シフトB,木,管理
2025-11-06,EMP0020,製造2部,係長,08:32,17:52,480,80,0,,0.1,なし,あり,なし,1326,PJ0022,工場,夜勤,木,サポート
2025-12-23,EMP0020,製造2部,係長,09:23,18:52,480,89,0,,0.5,なし,なし,なし,1274,PJ0004,大阪オフィス,シフトB,火,開発
2025-12-23,EMP0123,マーケ部,主任,09:50,18:01,480,71,0,,0.4,あり,なし,なし,665,PJ0024,本社,通常,火,営業活動
2025-12-23,EMP0008,R&D部,係長,09:20,17:48,480,28,0,,0.1,あり,なし,なし,1361,PJ0018,工場,フレックス,火,開発
2025-12-23,EMP0103,マーケ部,一般,08:07,16:32,480,25,0,,0.4,なし,あり,なし,866,PJ0012,福岡オフィス,シフトA,火,営業活動
2025-12-23,EMP0079,経理部,主任,09:39,17:45,480,6,0,,0.8,なし,あり,なし,1377,PJ0015,福岡オフィス,通常,火,製造
2025-12-23,EMP0104,営業2部,一般,08:12,16:12,480,0,0,,0.7,なし,なし,なし,1359,PJ0019,リモート,通常,火,開発
2025-12-23,EMP0180,営業2部,一般,10:37,18:37,480,0,0,,0.2,なし,なし,なし,928,PJ0022,リモート,フレックス,火,事務
2025-12-23,EMP0038,経理部,係長,09:48,17:00,480,12,0,,0.9,あり,なし,なし,894,PJ0026,本社,通常,火,事務
2025-12-23,EMP0056,情報システム部,一般,09:52,18:53,480,61,0,,0.9,なし,なし,なし,1420,PJ0029,リモート,通常,火,管理
2025-12-23,EMP0071,R&D部,係長,08:22,17:26,480,64,0,,0.8,あり,あり,なし,1320,PJ0010,大阪オフィス,フレックス,火,会議
2025-12-23,EMP0034,DX推進部,主任,08:11,16:47,480,36,0,,0.5,あり,あり,なし,1524,PJ0027,名古屋オフィス,通常,火,営業活動
2025-12-23,EMP0055,経理部,主任,08:28,16:28,480,0,0,,0.4,あり,あり,なし,1052,PJ0009,本社,通常,火,サポート
2026-04-24,EMP0038,経理部,係長,08:09,16:09,480,0,0,,0.0,なし,あり,なし,719,PJ0026,工場,通常,金,製造
2026-04-24,EMP0045,マーケ部,係長,10:40,18:14,480,34,0,,0.9,なし,あり,なし,1836,PJ0011,福岡オフィス,フレックス,金,管理
2026-04-24,EMP0011,営業2部,一般,08:38,16:38,480,0,0,,0.2,なし,なし,なし,1578,PJ0018,工場,通常,金,会議
2026-04-24,EMP0020,製造2部,係長,08:23,16:23,480,0,0,,0.9,なし,なし,あり,1130,PJ0026,リモート,通常,金,会議
2026-04-24,EMP0058,製造1部,一般,09:20,17:39,480,19,0,,0.7,あり,なし,なし,686,PJ0016,本社,シフトB,金,管理
2026-04-24,EMP0022,DX推進部,一般,09:12,17:12,480,0,0,,0.4,なし,なし,なし,845,PJ0007,大阪オフィス,シフトB,金,会議
2026-04-24,EMP0142,総務部,一般,10:51,18:51,480,0,0,,0.9,あり,なし,なし,908,PJ0029,工場,シフトB,金,管理
2026-04-24,EMP0165,マーケ部,主任,08:18,16:56,480,38,0,,0.2,なし,あり,なし,1208,PJ0002,大阪オフィス,フレックス,金,開発
2026-04-24,EMP0047,R&D部,主任,08:33,16:50,480,17,0,,0.9,なし,あり,なし,780,PJ0009,工場,シフトA,金,開発
2026-04-24,EMP0197,製造1部,課長,09:16,18:19,480,63,0,,0.7,なし,なし,なし,1682,PJ0029,名古屋オフィス,シフトA,金,製造
2026-04-24,EMP0013,製造2部,主任,08:12,16:23,480,11,0,,0.1,なし,なし,なし,972,PJ0019,福岡オフィス,シフトB,金,サポート
2026-04-24,EMP0104,営業2部,一般,08:46,16:58,480,12,0,,0.8,なし,なし,なし,1418,PJ0022,福岡オフィス,通常,金,製造
2026-04-09,EMP0063,人事部,主任,09:47,18:24,480,97,0,,0.5,あり,あり,なし,644,PJ0024,名古屋オフィス,シフトA,木,サポート
2026-04-09,EMP0152,製造2部,主任,10:33,19:51,480,78,0,,0.0,なし,なし,なし,912,PJ0017,リモート,シフトA,木,事務
2026-04-09,EMP0107,製造2部,一般,09:21,17:23,480,2,0,,0.1,あり,なし,なし,730,PJ0028,リモート,シフトB,木,事務
2026-04-09,EMP0067,DX推進部,係長,08:33,16:42,480,9,0,,0.7,なし,なし,なし,1660,PJ0011,リモート,夜勤,木,営業活動
2026-04-09,EMP0139,経理部,一般,09:03,17:35,480,32,0,,0.3,あり,なし,なし,1367,PJ0011,本社,通常,木,営業活動
2026-04-09,EMP0167,営業1部,一般,09:30,17:32,480,2,0,,0.9,あり,なし,なし,1228,PJ0005,本社,夜勤,木,事務
2026-04-09,EMP0115,R&D部,主任,09:02,17:42,480,40,0,,0.6,あり,なし,なし,1744,PJ0012,大阪オフィス,夜勤,木,製造
2026-04-09,EMP0122,営業1部,一般,09:48,17:04,480,16,0,,0.3,あり,なし,なし,1204,PJ0007,工場,夜勤,木,営業活動
2026-04-09,EMP0188,DX推進部,一般,09:50,17:55,480,5,0,,0.1,あり,なし,なし,1430,PJ0024,工場,夜勤,木,会議
2026-04-09,EMP0135,営業1部,主任,08:48,17:48,480,60,0,,0.1,なし,なし,なし,1728,PJ0015,福岡オフィス,シフトA,木,製造
2026-04-09,EMP0198,製造1部,主任,09:03,17:03,480,0,0,,0.9,あり,あり,なし,1442,PJ0023,大阪オフィス,シフトB,木,製造
2026-04-09,EMP0051,DX推進部,一般,09:50,17:05,480,15,0,,0.5,なし,なし,なし,1021,PJ0021,本社,夜勤,木,サポート
2026-02-16,EMP0187,総務部,一般,09:39,17:45,480,6,0,,0.4,なし,なし,なし,1196,PJ0002,本社,通常,月,営業活動
2026-02-16,EMP0097,R&D部,係長,08:37,16:43,480,6,0,,0.3,なし,あり,なし,1813,PJ0018,本社,夜勤,月,事務
2026-02-16,EMP0055,経理部,主任,09:36,17:59,480,23,0,,0.8,なし,なし,なし,1654,PJ0019,工場,通常,月,事務
2026-02-16,EMP0006,情報システム部,主任,09:08,18:11,480,63,0,,0.7,なし,なし,なし,1337,PJ0017,名古屋オフィス,フレックス,月,事務
2026-02-16,EMP0135,営業1部,主任,09:07,17:29,480,22,0,,0.0,あり,あり,なし,800,PJ0016,本社,フレックス,月,サポート
2026-02-16,EMP0136,製造1部,主任,08:31,16:16,480,45,0,,0.6,なし,なし,なし,1000,PJ0017,名古屋オフィス,夜勤,月,サポート
2026-02-16,EMP0066,人事部,係長,09:52,18:32,480,100,0,,0.8,なし,なし,なし,1378,PJ0012,大阪オフィス,シフトA,月,管理
2026-02-16,EMP0019,人事部,課長,08:58,16:20,480,22,0,,0.0,なし,なし,あり,1612,PJ0011,大阪オフィス,夜勤,月,会議
2026-02-16,EMP0161,R&D部,部長,09:31,17:31,480,0,0,,0.3,なし,あり,なし,1433,PJ0022,大阪オフィス,シフトB,月,管理
2026-02-16,EMP0004,営業2部,主任,08:56,16:56,480,0,0,,0.4,なし,なし,なし,1674,PJ0013,大阪オフィス,夜勤,月,事務
2026-02-16,EMP0056,情報システム部,一般,09:44,18:56,480,72,0,,0.5,なし,あり,なし,1041,PJ0013,名古屋オフィス,シフトA,月,会議
2026-02-16,EMP0189,DX推進部,一般,08:19,16:19,480,0,0,,0.4,なし,あり,なし,1522,PJ0006,福岡オフィス,通常,月,製造
2026-05-12,EMP0186,製造2部,一般,,,0,0,0,有給,0.2,なし,なし,なし,1502,PJ0014,工場,夜勤,火,製造
2026-05-12,EMP0032,情報システム部,課長,09:52,17:52,480,0,0,,0.8,あり,なし,なし,1154,PJ0013,福岡オフィス,シフトA,火,営業活動
2026-05-12,EMP0105,R&D部,主任,08:59,17:39,480,100,5,,0.2,あり,あり,なし,1105,PJ0007,大阪オフィス,通常,火,サポート
2026-05-12,EMP0010,製造2部,一般,10:44,18:21,480,37,0,,0.1,なし,なし,なし,1382,PJ0016,大阪オフィス,通常,火,営業活動
2026-05-12,EMP0061,マーケ部,主任,08:13,16:13,480,0,0,,0.6,なし,なし,なし,987,PJ0010,本社,夜勤,火,事務
2026-05-12,EMP0122,営業1部,一般,08:10,16:10,480,0,0,,0.1,なし,なし,なし,808,PJ0001,大阪オフィス,通常,火,管理
2026-05-12,EMP0152,製造2部,主任,08:54,16:27,480,33,0,,0.5,なし,なし,なし,969,PJ0008,リモート,通常,火,会議
2026-05-12,EMP0028,情報システム部,課長,08:22,16:19,480,57,0,,0.7,あり,なし,なし,1742,PJ0012,大阪オフィス,シフトB,火,会議
2026-05-12,EMP0075,マーケ部,課長,08:42,16:45,480,3,0,,0.5,なし,なし,あり,1041,PJ0019,福岡オフィス,フレックス,火,会議
2026-05-12,EMP0110,総務部,課長,09:52,17:52,480,0,0,,0.4,なし,あり,なし,1155,PJ0007,名古屋オフィス,通常,火,事務
2026-05-12,EMP0154,営業1部,一般,09:43,17:43,480,0,0,,0.7,あり,なし,あり,985,PJ0026,福岡オフィス,シフトA,火,会議
2026-05-12,EMP0151,営業2部,係長,08:12,16:46,480,34,0,,0.5,なし,なし,なし,1739,PJ0018,工場,夜勤,火,開発
2025-01-24,EMP0014,営業1部,一般,08:17,16:42,480,25,0,,0.7,なし,なし,なし,789,PJ0013,本社,夜勤,金,事務
2025-01-24,EMP0054,営業2部,係長,09:04,17:56,480,52,0,,0.4,なし,あり,あり,860,PJ0015,名古屋オフィス,夜勤,金,営業活動
2025-01-24,EMP0030,総務部,一般,08:45,16:10,480,25,0,,0.2,なし,なし,なし,1139,PJ0022,大阪オフィス,シフトA,金,営業活動
2025-01-24,EMP0038,経理部,係長,09:00,17:55,480,55,0,,0.9,あり,なし,なし,711,PJ0023,工場,夜勤,金,管理
2025-01-24,EMP0043,DX推進部,課長,09:57,17:57,480,0,0,,0.5,なし,なし,あり,1264,PJ0013,福岡オフィス,シフトB,金,事務
2025-01-24,EMP0092,人事部,一般,,,0,0,0,有給,0.5,なし,なし,なし,1875,PJ0001,大阪オフィス,フレックス,金,製造
2025-01-24,EMP0137,マーケ部,一般,08:04,16:04,480,0,0,,0.4,あり,なし,なし,1812,PJ0007,リモート,シフトA,金,製造
2025-01-24,EMP0005,経理部,係長,09:39,17:39,480,0,0,,0.7,なし,なし,なし,1558,PJ0012,名古屋オフィス,夜勤,金,管理
2025-01-24,EMP0192,マーケ部,課長,08:22,16:09,480,47,0,,0.1,なし,あり,なし,1216,PJ0003,福岡オフィス,フレックス,金,管理
2025-01-24,EMP0160,経理部,課長,09:47,17:01,480,14,0,,0.6,あり,なし,なし,946,PJ0018,本社,シフトB,金,営業活動
2025-01-24,EMP0017,経理部,一般,10:13,18:01,480,48,0,,0.4,あり,なし,なし,1087,PJ0016,本社,夜勤,金,事務
2025-01-24,EMP0172,製造1部,一般,09:41,17:52,480,11,0,,0.7,あり,あり,なし,1543,PJ0019,工場,通常,金,サポート
2026-04-14,EMP0125,製造1部,一般,09:16,17:16,480,0,0,,0.8,あり,なし,なし,747,PJ0018,工場,フレックス,火,会議
2026-04-14,EMP0004,営業2部,主任,09:38,17:38,480,0,0,,0.5,あり,なし,なし,1294,PJ0026,リモート,通常,火,営業活動
2026-04-14,EMP0040,マーケ部,一般,10:07,18:23,480,16,0,,0.8,あり,なし,なし,1321,PJ0016,リモート,夜勤,火,開発
2026-04-14,EMP0165,マーケ部,主任,08:37,16:00,480,23,0,,0.0,なし,なし,なし,732,PJ0020,名古屋オフィス,シフトA,火,製造
2026-04-14,EMP0098,マーケ部,一般,09:11,17:35,480,24,0,,0.4,なし,なし,なし,1427,PJ0013,工場,フレックス,火,営業活動
2026-04-14,EMP0048,DX推進部,一般,08:51,16:51,480,0,0,,0.9,なし,なし,なし,1415,PJ0027,福岡オフィス,通常,火,サポート
2026-04-14,EMP0189,DX推進部,一般,08:15,16:32,480,17,0,,0.5,あり,なし,なし,975,PJ0012,リモート,通常,火,製造
2026-04-14,EMP0192,マーケ部,課長,09:55,17:55,480,0,0,,0.4,なし,あり,なし,1817,PJ0026,福岡オフィス,夜勤,火,事務
2026-04-14,EMP0158,人事部,課長,08:34,16:51,480,17,0,,0.2,なし,あり,なし,1755,PJ0028,福岡オフィス,夜勤,火,開発
2026-04-14,EMP0059,製造1部,係長,,,0,0,0,有給,0.5,あり,なし,なし,1374,PJ0010,名古屋オフィス,シフトB,火,製造
2026-04-14,EMP0159,人事部,主任,,,0,0,0,傷病,0.1,あり,なし,なし,917,PJ0002,大阪オフィス,シフトB,火,会議
2026-04-14,EMP0148,製造1部,一般,09:12,17:14,480,2,0,,0.3,なし,あり,なし,1368,PJ0016,リモート,シフトA,火,事務
2025-04-02,EMP0006,情報システム部,主任,09:11,17:51,480,40,0,,0.6,あり,なし,なし,1570,PJ0018,リモート,夜勤,水,製造
2025-04-02,EMP0032,情報システム部,課長,09:13,17:00,480,47,0,,0.8,あり,あり,なし,675,PJ0025,本社,フレックス,水,会議
2025-04-02,EMP0099,総務部,一般,09:28,18:52,480,84,0,,0.4,あり,あり,なし,1022,PJ0018,工場,シフトB,水,会議
2025-04-02,EMP0093,DX推進部,一般,09:08,17:10,480,2,0,,0.0,なし,なし,なし,1527,PJ0013,リモート,夜勤,水,管理
2025-04-02,EMP0180,営業2部,一般,08:52,16:59,480,7,0,,0.3,あり,なし,なし,1180,PJ0027,工場,フレックス,水,営業活動
2025-04-02,EMP0025,総務部,一般,10:40,18:42,480,2,0,,0.9,あり,なし,なし,842,PJ0021,福岡オフィス,シフトB,水,事務
2025-04-02,EMP0015,情報システム部,一般,,,0,0,0,有給,0.6,なし,なし,なし,1780,PJ0010,リモート,夜勤,水,会議
2025-04-02,EMP0177,製造1部,課長,10:43,19:49,480,66,0,,0.1,なし,あり,なし,1492,PJ0025,福岡オフィス,シフトA,水,製造
2025-04-02,EMP0076,製造1部,係長,10:29,18:29,480,0,0,,0.3,なし,なし,なし,1512,PJ0010,本社,シフトB,水,管理
2025-04-02,EMP0176,営業2部,係長,09:04,17:04,480,0,0,,0.8,なし,あり,なし,1737,PJ0029,名古屋オフィス,フレックス,水,サポート
2025-04-02,EMP0001,経理部,主任,09:58,17:22,480,24,0,,0.5,あり,あり,なし,883,PJ0004,リモート,通常,水,会議
2025-04-02,EMP0008,R&D部,係長,08:27,16:33,480,6,0,,0.1,なし,なし,なし,930,PJ0022,福岡オフィス,夜勤,水,開発
2025-09-02,EMP0176,営業2部,係長,09:44,17:44,480,0,0,,0.6,あり,あり,なし,1424,PJ0015,リモート,シフトB,火,管理
2025-09-02,EMP0177,製造1部,課長,08:03,16:32,480,29,0,,0.3,なし,なし,なし,1402,PJ0014,工場,シフトA,火,管理
2025-09-02,EMP0194,営業1部,係長,09:54,17:54,480,0,0,,0.1,なし,なし,なし,744,PJ0010,工場,シフトB,火,管理
2025-09-02,EMP0048,DX推進部,一般,08:40,17:48,480,68,0,,0.2,なし,なし,なし,1614,PJ0009,リモート,フレックス,火,営業活動
2025-09-02,EMP0002,製造1部,一般,,,0,0,0,代休,0.4,なし,なし,なし,1561,PJ0014,工場,シフトA,火,事務
2025-09-02,EMP0091,製造1部,主任,,,0,0,0,特別休暇,0.8,なし,あり,なし,843,PJ0005,工場,通常,火,開発
2025-09-02,EMP0028,情報システム部,課長,09:16,17:22,480,6,0,,0.8,なし,なし,なし,962,PJ0003,名古屋オフィス,シフトB,火,営業活動
2025-09-02,EMP0190,営業1部,主任,09:10,17:41,480,31,0,,0.8,なし,あり,なし,777,PJ0003,リモート,夜勤,火,開発
2025-09-02,EMP0074,DX推進部,一般,09:38,17:22,480,44,0,,0.1,あり,なし,なし,1717,PJ0013,リモート,夜勤,火,サポート
2025-09-02,EMP0109,情報システム部,主任,09:30,17:51,480,21,0,,0.9,なし,あり,なし,1783,PJ0007,工場,フレックス,火,製造
2025-09-02,EMP0029,情報システム部,一般,09:28,17:31,480,3,0,,0.6,なし,なし,あり,698,PJ0018,工場,シフトB,火,製造
2025-09-02,EMP0105,R&D部,主任,09:50,18:54,480,64,0,,0.4,あり,なし,なし,1490,PJ0004,本社,シフトA,火,営業活動
2025-10-15,EMP0192,マーケ部,課長,08:25,16:49,480,24,0,,1.0,なし,なし,なし,1341,PJ0001,本社,夜勤,水,会議
2025-10-15,EMP0128,製造2部,一般,09:37,18:07,480,90,0,,0.2,あり,なし,なし,1361,PJ0027,大阪オフィス,シフトA,水,管理
2025-10-15,EMP0080,営業1部,一般,,,0,0,0,傷病,0.5,なし,あり,なし,1860,PJ0001,工場,フレックス,水,サポート
2025-10-15,EMP0182,DX推進部,主任,09:14,17:14,480,0,0,,0.8,なし,あり,なし,1486,PJ0005,リモート,シフトB,水,管理
2025-10-15,EMP0008,R&D部,係長,08:48,17:58,480,70,0,,0.4,あり,なし,なし,974,PJ0016,工場,シフトA,水,管理
2025-10-15,EMP0198,製造1部,主任,09:50,17:50,480,0,0,,0.2,あり,あり,なし,1203,PJ0013,リモート,夜勤,水,事務
2025-10-15,EMP0189,DX推進部,一般,09:37,17:37,480,0,0,,0.8,なし,あり,なし,1139,PJ0027,本社,通常,水,事務
2025-10-15,EMP0084,マーケ部,一般,,,0,0,0,有給,0.5,なし,あり,なし,1400,PJ0020,福岡オフィス,通常,水,サポート
2025-10-15,EMP0138,DX推進部,主任,09:11,17:51,480,40,0,,0.3,あり,あり,なし,1642,PJ0009,福岡オフィス,夜勤,水,管理
2025-10-15,EMP0007,営業1部,一般,09:39,18:08,480,89,0,,0.0,あり,なし,なし,1007,PJ0019,福岡オフィス,シフトB,水,管理
2025-10-15,EMP0120,製造1部,部長,08:41,17:42,480,61,0,,0.9,なし,あり,なし,1745,PJ0009,大阪オフィス,夜勤,水,営業活動
2025-10-15,EMP0164,情報システム部,一般,08:31,17:15,480,104,0,,0.4,なし,あり,なし,1027,PJ0002,工場,通常,水,開発
2024-05-31,EMP0125,製造1部,一般,09:10,17:10,480,0,0,,0.5,なし,なし,なし,1739,PJ0023,名古屋オフィス,シフトA,金,営業活動
2024-05-31,EMP0045,マーケ部,係長,08:14,16:44,480,30,0,,0.7,なし,なし,なし,1450,PJ0022,本社,フレックス,金,サポート
2024-05-31,EMP0098,マーケ部,一般,08:06,17:45,480,99,0,,0.5,なし,あり,なし,1718,PJ0025,工場,夜勤,金,開発
2024-05-31,EMP0196,マーケ部,主任,09:31,17:31,480,0,0,,0.7,あり,なし,なし,1226,PJ0008,工場,シフトB,金,事務
2024-05-31,EMP0066,人事部,係長,10:33,18:23,480,50,0,,0.9,なし,なし,なし,946,PJ0014,本社,シフトA,金,サポート
2024-05-31,EMP0089,営業1部,課長,09:20,17:31,480,11,0,,0.1,なし,なし,なし,1254,PJ0016,福岡オフィス,シフトA,金,製造
2024-05-31,EMP0193,DX推進部,係長,09:05,17:20,480,15,0,,1.0,なし,なし,なし,1052,PJ0007,本社,通常,金,管理
2024-05-31,EMP0194,営業1部,係長,08:46,16:46,480,0,0,,0.8,あり,なし,なし,1288,PJ0020,リモート,フレックス,金,営業活動
2024-05-31,EMP0083,R&D部,一般,09:32,17:32,480,0,0,,0.7,なし,なし,なし,1430,PJ0007,工場,夜勤,金,製造
2024-05-31,EMP0107,製造2部,一般,09:54,17:54,480,0,0,,0.9,なし,あり,なし,1036,PJ0022,工場,夜勤,金,製造
2024-05-31,EMP0116,営業2部,一般,,,0,0,0,慶弔,0.7,なし,あり,なし,1531,PJ0021,大阪オフィス,通常,金,営業活動
2024-05-31,EMP0033,情報システム部,主任,08:36,16:36,480,0,0,,0.3,あり,あり,なし,930,PJ0016,名古屋オフィス,フレックス,金,サポート
2024-10-14,EMP0183,R&D部,一般,09:37,18:13,480,96,15,,0.5,なし,なし,なし,1742,PJ0018,名古屋オフィス,シフトB,月,管理
2024-10-14,EMP0044,人事部,一般,08:08,16:22,480,14,0,,0.9,なし,あり,なし,838,PJ0007,大阪オフィス,通常,月,会議
2024-10-14,EMP0085,総務部,一般,10:23,19:27,480,64,0,,0.3,なし,なし,なし,979,PJ0022,大阪オフィス,シフトB,月,開発
2024-10-14,EMP0115,R&D部,主任,08:39,16:39,480,0,0,,0.4,あり,あり,なし,883,PJ0027,リモート,シフトB,月,製造
2024-10-14,EMP0147,R&D部,係長,09:44,17:18,480,34,0,,0.7,なし,なし,なし,1191,PJ0013,リモート,夜勤,月,製造
2024-10-14,EMP0171,R&D部,課長,08:25,16:25,480,0,0,,0.9,なし,なし,なし,1686,PJ0029,本社,シフトA,月,開発
2024-10-14,EMP0080,営業1部,一般,08:00,16:43,480,43,0,,0.2,あり,あり,なし,1496,PJ0006,工場,夜勤,月,製造
2024-10-14,EMP0116,営業2部,一般,08:22,17:23,480,61,0,,0.5,なし,なし,なし,738,PJ0007,福岡オフィス,通常,月,営業活動
2024-10-14,EMP0150,総務部,係長,,,0,0,0,傷病,0.5,あり,なし,なし,980,PJ0006,大阪オフィス,シフトA,月,開発
2024-10-14,EMP0061,マーケ部,主任,08:57,17:12,480,75,0,,0.0,なし,なし,なし,803,PJ0017,名古屋オフィス,フレックス,月,事務
2024-10-14,EMP0172,製造1部,一般,08:25,16:06,480,41,0,,0.8,あり,なし,なし,1233,PJ0025,大阪オフィス,フレックス,月,製造
2024-10-14,EMP0193,DX推進部,係長,10:35,18:49,480,14,0,,0.3,なし,あり,なし,1080,PJ0021,工場,フレックス,月,事務
2026-01-07,EMP0013,製造2部,主任,09:38,18:01,480,83,0,,0.4,なし,なし,なし,734,PJ0004,名古屋オフィス,通常,水,事務
2026-01-07,EMP0114,DX推進部,一般,08:09,16:09,480,0,0,,0.6,あり,なし,なし,1395,PJ0010,本社,夜勤,水,開発
2026-01-07,EMP0115,R&D部,主任,08:37,17:41,480,64,0,,0.1,なし,あり,なし,1579,PJ0007,本社,フレックス,水,営業活動
2026-01-07,EMP0009,営業2部,一般,10:51,18:51,480,0,0,,0.2,なし,なし,なし,1418,PJ0019,福岡オフィス,通常,水,製造
2026-01-07,EMP0049,総務部,係長,08:17,16:34,480,17,0,,0.7,なし,なし,なし,1619,PJ0019,リモート,夜勤,水,管理
2026-01-07,EMP0018,営業2部,主任,08:55,17:39,480,104,0,,0.8,なし,なし,なし,904,PJ0029,リモート,フレックス,水,事務
2026-01-07,EMP0117,営業1部,主任,09:40,17:19,480,39,0,,0.3,なし,あり,なし,1019,PJ0011,工場,通常,水,営業活動
2026-01-07,EMP0078,経理部,課長,10:28,18:30,480,2,0,,0.0,あり,あり,なし,1750,PJ0012,リモート,夜勤,水,事務
2026-01-07,EMP0021,マーケ部,課長,09:10,18:12,480,62,0,,0.5,なし,あり,なし,1548,PJ0026,福岡オフィス,フレックス,水,サポート
2026-01-07,EMP0032,情報システム部,課長,08:00,16:47,480,47,0,,0.7,なし,あり,なし,1331,PJ0027,リモート,フレックス,水,営業活動
2026-01-07,EMP0099,総務部,一般,08:22,16:39,480,17,0,,1.0,あり,あり,なし,1162,PJ0003,リモート,通常,水,開発
2026-01-07,EMP0194,営業1部,係長,09:54,17:12,480,18,0,,0.0,あり,なし,なし,1465,PJ0007,名古屋オフィス,シフトA,水,製造
2024-11-18,EMP0061,マーケ部,主任,08:42,16:04,480,22,0,,0.2,あり,なし,なし,1384,PJ0027,工場,シフトA,月,営業活動
2024-11-18,EMP0171,R&D部,課長,09:59,18:08,480,69,0,,0.5,あり,なし,なし,1521,PJ0012,大阪オフィス,シフトA,月,会議
2024-11-18,EMP0176,営業2部,係長,08:58,16:12,480,14,0,,0.1,なし,あり,なし,1214,PJ0025,福岡オフィス,シフトA,月,開発
2024-11-18,EMP0190,営業1部,主任,08:45,16:06,480,21,0,,0.1,あり,あり,なし,1696,PJ0027,名古屋オフィス,夜勤,月,会議
2024-11-18,EMP0169,経理部,課長,10:35,18:29,480,54,0,,1.0,あり,なし,なし,1082,PJ0014,本社,シフトB,月,製造
2024-11-18,EMP0117,営業1部,主任,09:42,17:11,480,29,0,,0.4,なし,なし,なし,811,PJ0028,名古屋オフィス,フレックス,月,会議
2024-11-18,EMP0034,DX推進部,主任,08:54,16:04,480,10,0,,0.3,なし,あり,なし,1541,PJ0008,工場,夜勤,月,事務
2024-11-18,EMP0179,製造2部,一般,09:29,17:33,480,4,0,,0.5,なし,なし,なし,1201,PJ0015,福岡オフィス,通常,月,事務
2024-11-18,EMP0174,R&D部,一般,09:48,17:11,480,23,0,,0.3,あり,あり,なし,1452,PJ0017,本社,夜勤,月,営業活動
2024-11-18,EMP0032,情報システム部,課長,09:26,17:26,480,0,0,,0.3,なし,あり,なし,1602,PJ0008,大阪オフィス,フレックス,月,事務
2024-11-18,EMP0091,製造1部,主任,08:24,16:08,480,44,0,,0.0,あり,なし,なし,1654,PJ0005,名古屋オフィス,通常,月,会議
2024-11-18,EMP0111,情報システム部,一般,09:59,18:24,480,85,0,,1.0,なし,なし,なし,715,PJ0026,工場,シフトA,月,開発
2025-09-19,EMP0106,人事部,一般,09:30,18:47,480,77,0,,0.7,なし,なし,なし,1100,PJ0003,本社,シフトA,金,サポート
2025-09-19,EMP0141,人事部,主任,09:27,17:46,480,19,0,,0.2,あり,あり,なし,843,PJ0016,リモート,通常,金,会議
2025-09-19,EMP0034,DX推進部,主任,08:04,16:20,480,16,0,,0.7,あり,なし,なし,1532,PJ0015,名古屋オフィス,シフトA,金,サポート
2025-09-19,EMP0054,営業2部,係長,,,0,0,0,代休,0.7,あり,なし,なし,1650,PJ0029,本社,シフトA,金,管理
2025-09-19,EMP0049,総務部,係長,09:39,17:06,480,27,0,,0.2,なし,あり,なし,1535,PJ0015,工場,フレックス,金,製造
2025-09-19,EMP0072,人事部,一般,09:14,17:42,480,28,0,,0.7,なし,なし,なし,1624,PJ0015,本社,通常,金,製造
2025-09-19,EMP0137,マーケ部,一般,10:21,18:13,480,52,0,,0.8,なし,なし,なし,1664,PJ0005,大阪オフィス,フレックス,金,会議
2025-09-19,EMP0069,DX推進部,課長,09:32,17:46,480,14,0,,1.0,あり,なし,なし,941,PJ0026,大阪オフィス,シフトB,金,開発
2025-09-19,EMP0062,R&D部,課長,09:04,17:11,480,7,0,,0.8,なし,あり,なし,1754,PJ0001,名古屋オフィス,夜勤,金,営業活動
2025-09-19,EMP0008,R&D部,係長,08:30,17:41,480,71,0,,0.1,あり,あり,なし,1057,PJ0003,リモート,シフトA,金,事務
2025-09-19,EMP0159,人事部,主任,09:48,17:40,480,52,0,,0.4,なし,なし,なし,1734,PJ0017,工場,夜勤,金,サポート
2025-09-19,EMP0150,総務部,係長,09:59,18:02,480,63,0,,0.0,あり,あり,なし,1392,PJ0002,工場,夜勤,金,開発
2025-05-13,EMP0023,営業1部,課長,08:22,16:35,480,13,0,,0.9,あり,なし,なし,1390,PJ0019,福岡オフィス,シフトA,火,会議
2025-05-13,EMP0061,マーケ部,主任,,,0,0,0,有給,0.2,なし,なし,なし,1623,PJ0007,福岡オフィス,シフトA,火,サポート
2025-05-13,EMP0031,営業2部,一般,09:33,17:49,480,16,0,,0.9,あり,なし,なし,1546,PJ0017,リモート,シフトA,火,製造
2025-05-13,EMP0154,営業1部,一般,09:00,17:59,480,59,0,,0.9,あり,なし,なし,964,PJ0006,福岡オフィス,フレックス,火,管理
2025-05-13,EMP0150,総務部,係長,09:18,17:18,480,0,0,,0.2,あり,あり,なし,1736,PJ0006,福岡オフィス,フレックス,火,会議
2025-05-13,EMP0051,DX推進部,一般,08:02,16:02,480,0,0,,0.1,あり,なし,なし,1239,PJ0003,本社,シフトB,火,管理
2025-05-13,EMP0189,DX推進部,一般,09:12,17:28,480,16,0,,0.3,あり,なし,なし,936,PJ0003,福岡オフィス,シフトA,火,開発
2025-05-13,EMP0072,人事部,一般,08:13,16:33,480,20,0,,0.7,あり,あり,なし,1704,PJ0021,本社,フレックス,火,サポート
2025-05-13,EMP0175,営業2部,一般,,,0,0,0,特別休暇,0.4,あり,なし,なし,1169,PJ0025,大阪オフィス,フレックス,火,サポート
2025-05-13,EMP0092,人事部,一般,,,0,0,0,有給,0.4,あり,あり,なし,1786,PJ0029,本社,フレックス,火,営業活動
2025-05-13,EMP0177,製造1部,課長,08:40,16:51,480,11,0,,0.2,あり,なし,なし,868,PJ0016,名古屋オフィス,シフトA,火,開発
2025-05-13,EMP0188,DX推進部,一般,09:52,17:57,480,5,0,,0.4,あり,なし,あり,1636,PJ0007,福岡オフィス,シフトA,火,営業活動
2024-09-11,EMP0002,製造1部,一般,08:03,16:30,480,27,0,,0.3,あり,なし,なし,1097,PJ0024,大阪オフィス,シフトB,水,サポート
2024-09-11,EMP0048,DX推進部,一般,,,0,0,0,特別休暇,0.7,なし,あり,なし,1425,PJ0006,福岡オフィス,シフトA,水,事務
2024-09-11,EMP0179,製造2部,一般,09:01,17:50,480,49,0,,0.4,なし,なし,なし,1300,PJ0002,本社,シフトB,水,営業活動
2024-09-11,EMP0088,営業1部,係長,09:58,18:59,480,61,0,,0.3,なし,なし,なし,801,PJ0015,名古屋オフィス,シフトB,水,サポート
2024-09-11,EMP0196,マーケ部,主任,09:50,19:57,480,127,22,,0.1,なし,なし,なし,1355,PJ0011,工場,シフトB,水,会議
2024-09-11,EMP0098,マーケ部,一般,08:41,16:26,480,45,0,,0.3,あり,なし,なし,898,PJ0015,リモート,通常,水,営業活動
2024-09-11,EMP0119,製造2部,一般,09:59,17:04,480,5,0,,0.6,あり,なし,なし,1059,PJ0027,本社,夜勤,水,開発
2024-09-11,EMP0006,情報システム部,主任,09:39,18:05,480,86,0,,0.5,なし,あり,なし,1620,PJ0027,福岡オフィス,フレックス,水,管理
2024-09-11,EMP0072,人事部,一般,09:51,17:51,480,0,0,,0.5,なし,なし,なし,1111,PJ0028,福岡オフィス,シフトB,水,サポート
2024-09-11,EMP0183,R&D部,一般,,,0,0,0,代休,0.5,なし,あり,なし,1024,PJ0023,名古屋オフィス,夜勤,水,会議
2024-09-11,EMP0118,製造2部,一般,09:54,17:45,480,51,0,,0.8,なし,あり,なし,815,PJ0025,大阪オフィス,フレックス,水,製造
2024-09-11,EMP0074,DX推進部,一般,08:43,16:43,480,0,0,,1.0,あり,なし,なし,1027,PJ0025,福岡オフィス,通常,水,サポート
2026-04-30,EMP0184,人事部,課長,,,0,0,0,慶弔,0.4,あり,なし,なし,1124,PJ0002,本社,通常,木,事務
2026-04-30,EMP0182,DX推進部,主任,10:39,19:50,480,71,0,,0.8,なし,なし,なし,1308,PJ0029,本社,シフトA,木,開発
2026-04-30,EMP0003,経理部,係長,,,0,0,0,傷病,0.7,なし,なし,なし,1275,PJ0023,本社,フレックス,木,製造
2026-04-30,EMP0025,総務部,一般,09:40,17:40,480,0,0,,0.7,なし,あり,なし,1833,PJ0002,名古屋オフィス,夜勤,木,管理
2026-04-30,EMP0155,人事部,一般,09:30,17:30,480,0,0,,0.8,なし,なし,なし,1617,PJ0014,名古屋オフィス,フレックス,木,事務
2026-04-30,EMP0075,マーケ部,課長,09:42,17:02,480,20,0,,0.1,なし,なし,なし,1134,PJ0021,工場,シフトB,木,製造
2026-04-30,EMP0111,情報システム部,一般,08:09,16:11,480,2,0,,0.8,なし,なし,なし,1086,PJ0013,大阪オフィス,通常,木,営業活動
2026-04-30,EMP0130,総務部,係長,09:17,17:47,480,30,0,,0.8,あり,なし,なし,827,PJ0006,工場,シフトA,木,会議
2026-04-30,EMP0117,営業1部,主任,,,0,0,0,有給,0.6,なし,なし,なし,803,PJ0013,福岡オフィス,シフトA,木,サポート
2026-04-30,EMP0030,総務部,一般,09:56,17:14,480,18,0,,0.1,あり,なし,なし,1134,PJ0002,リモート,シフトB,木,管理
2026-04-30,EMP0153,人事部,係長,09:49,17:49,480,0,0,,0.7,なし,なし,なし,893,PJ0003,リモート,フレックス,木,管理
2026-04-30,EMP0083,R&D部,一般,10:15,18:24,480,9,0,,0.5,あり,なし,なし,1798,PJ0017,工場,シフトB,木,事務
2025-05-28,EMP0106,人事部,一般,08:40,16:40,480,0,0,,0.7,あり,なし,なし,1469,PJ0002,大阪オフィス,シフトB,水,会議
2025-05-28,EMP0143,営業1部,一般,08:21,16:21,480,0,0,,0.2,なし,なし,なし,1006,PJ0002,名古屋オフィス,夜勤,水,事務
2025-05-28,EMP0117,営業1部,主任,08:12,16:12,480,0,0,,0.3,あり,なし,なし,1344,PJ0027,工場,フレックス,水,製造
2025-05-28,EMP0086,R&D部,一般,09:41,17:38,480,57,0,,0.2,なし,あり,なし,763,PJ0022,福岡オフィス,フレックス,水,サポート
2025-05-28,EMP0038,経理部,係長,08:11,16:11,480,0,0,,0.4,あり,なし,なし,1241,PJ0008,工場,フレックス,水,会議
2025-05-28,EMP0139,経理部,一般,08:54,16:28,480,34,0,,0.1,あり,あり,なし,1477,PJ0014,工場,シフトB,水,サポート
2025-05-28,EMP0184,人事部,課長,09:32,17:09,480,37,0,,0.3,なし,なし,なし,1845,PJ0014,リモート,夜勤,水,事務
2025-05-28,EMP0083,R&D部,一般,08:03,16:03,480,0,0,,0.6,なし,あり,なし,1262,PJ0021,リモート,シフトB,水,会議
2025-05-28,EMP0001,経理部,主任,10:55,18:55,480,0,0,,0.4,あり,あり,なし,1148,PJ0017,福岡オフィス,フレックス,水,サポート
2025-05-28,EMP0154,営業1部,一般,09:50,17:58,480,8,0,,0.3,なし,あり,なし,1536,PJ0006,工場,通常,水,サポート
2025-05-28,EMP0192,マーケ部,課長,10:51,18:31,480,40,0,,0.6,なし,なし,なし,1078,PJ0010,リモート,夜勤,水,営業活動
2025-05-28,EMP0125,製造1部,一般,09:32,18:39,480,67,0,,0.4,なし,なし,なし,1754,PJ0025,工場,フレックス,水,サポート
2024-05-21,EMP0154,営業1部,一般,08:49,16:03,480,14,0,,0.4,あり,なし,なし,1604,PJ0002,工場,シフトA,火,事務
2024-05-21,EMP0143,営業1部,一般,09:24,18:30,480,66,0,,0.9,なし,なし,なし,1790,PJ0026,工場,夜勤,火,管理
2024-05-21,EMP0039,営業2部,主任,09:59,17:59,480,0,0,,1.0,あり,なし,なし,1099,PJ0020,大阪オフィス,通常,火,開発
2024-05-21,EMP0192,マーケ部,課長,09:52,17:54,480,2,0,,0.7,なし,なし,なし,1199,PJ0019,リモート,シフトB,火,会議
2024-05-21,EMP0070,製造1部,係長,08:06,16:50,480,44,0,,0.8,あり,なし,なし,962,PJ0013,本社,夜勤,火,会議
2024-05-21,EMP0016,製造2部,一般,09:25,17:25,480,0,0,,1.0,なし,なし,なし,1621,PJ0024,大阪オフィス,フレックス,火,営業活動
2024-05-21,EMP0138,DX推進部,主任,09:58,18:49,480,111,29,,0.4,なし,なし,なし,754,PJ0014,大阪オフィス,シフトA,火,営業活動
2024-05-21,EMP0151,営業2部,係長,08:42,16:42,480,0,0,,0.4,あり,あり,なし,1563,PJ0002,大阪オフィス,夜勤,火,会議
2024-05-21,EMP0060,製造1部,課長,10:26,18:26,480,0,0,,0.4,なし,なし,なし,1272,PJ0019,大阪オフィス,通常,火,会議
2024-05-21,EMP0086,R&D部,一般,08:20,16:06,480,46,0,,0.9,あり,なし,なし,1820,PJ0015,工場,シフトB,火,サポート
2024-05-21,EMP0162,情報システム部,一般,10:15,19:22,480,67,0,,0.5,あり,なし,なし,1512,PJ0005,工場,フレックス,火,製造
2024-05-21,EMP0079,経理部,主任,08:25,16:47,480,22,0,,0.9,あり,あり,なし,1396,PJ0018,リモート,シフトA,火,開発
2025-05-06,EMP0027,マーケ部,主任,09:51,17:12,480,21,0,,0.6,あり,なし,なし,1316,PJ0018,名古屋オフィス,フレックス,火,会議
2025-05-06,EMP0189,DX推進部,一般,10:18,18:18,480,0,0,,0.7,なし,なし,なし,1347,PJ0001,リモート,フレックス,火,管理
2025-05-06,EMP0002,製造1部,一般,09:29,17:29,480,0,0,,0.2,あり,なし,なし,1818,PJ0023,名古屋オフィス,シフトB,火,製造
2025-05-06,EMP0127,情報システム部,課長,08:15,16:26,480,11,0,,0.2,なし,なし,なし,1572,PJ0003,本社,夜勤,火,管理
2025-05-06,EMP0089,営業1部,課長,08:25,16:05,480,40,0,,0.5,あり,あり,なし,704,PJ0011,工場,通常,火,会議
2025-05-06,EMP0191,人事部,一般,10:10,18:10,480,0,0,,0.5,あり,なし,なし,1872,PJ0016,リモート,通常,火,会議
2025-05-06,EMP0184,人事部,課長,,,0,0,0,有給,0.5,あり,あり,なし,1827,PJ0006,福岡オフィス,フレックス,火,サポート
2025-05-06,EMP0010,製造2部,一般,09:50,17:29,480,39,0,,0.9,なし,なし,なし,809,PJ0018,大阪オフィス,シフトA,火,会議
2025-05-06,EMP0182,DX推進部,主任,10:33,18:48,480,15,0,,0.1,なし,なし,なし,1409,PJ0018,本社,夜勤,火,会議
2025-05-06,EMP0087,製造1部,一般,08:54,16:54,480,0,0,,0.0,なし,あり,あり,1131,PJ0002,福岡オフィス,通常,火,開発
2025-05-06,EMP0077,DX推進部,課長,09:43,18:22,480,99,23,,0.2,あり,なし,なし,972,PJ0027,本社,通常,火,製造
2025-05-06,EMP0050,マーケ部,部長,09:34,17:36,480,2,0,,0.4,なし,あり,なし,934,PJ0024,名古屋オフィス,シフトA,火,会議
2025-08-28,EMP0155,人事部,一般,08:44,16:44,480,0,0,,0.0,なし,なし,なし,1032,PJ0015,本社,夜勤,木,管理
2025-08-28,EMP0046,R&D部,一般,08:09,16:06,480,57,0,,0.4,あり,なし,なし,1717,PJ0005,大阪オフィス,通常,木,管理
2025-08-28,EMP0189,DX推進部,一般,08:06,16:22,480,16,0,,0.1,なし,なし,なし,1123,PJ0022,工場,シフトA,木,営業活動
2025-08-28,EMP0117,営業1部,主任,,,0,0,0,傷病,0.6,なし,なし,なし,1250,PJ0012,リモート,シフトB,木,事務
2025-08-28,EMP0120,製造1部,部長,08:23,16:36,480,13,0,,0.2,あり,なし,なし,1845,PJ0006,名古屋オフィス,シフトB,木,開発
2025-08-28,EMP0062,R&D部,課長,08:06,16:06,480,0,0,,0.8,なし,あり,なし,875,PJ0014,工場,シフトB,木,事務
2025-08-28,EMP0082,営業2部,一般,09:41,17:41,480,0,0,,0.7,なし,なし,なし,1127,PJ0001,工場,シフトA,木,管理
2025-08-28,EMP0003,経理部,係長,10:08,18:08,480,0,0,,0.4,あり,あり,なし,1848,PJ0029,工場,フレックス,木,製造
2025-08-28,EMP0171,R&D部,課長,09:07,17:24,480,17,0,,0.7,あり,あり,あり,1748,PJ0011,本社,夜勤,木,開発
2025-08-28,EMP0074,DX推進部,一般,08:40,16:14,480,34,0,,0.0,なし,なし,なし,851,PJ0004,本社,フレックス,木,営業活動
2025-08-28,EMP0172,製造1部,一般,09:08,17:54,480,46,0,,0.2,なし,なし,なし,1850,PJ0015,名古屋オフィス,夜勤,木,開発
2025-08-28,EMP0072,人事部,一般,09:04,17:04,480,0,0,,0.8,あり,なし,なし,1489,PJ0023,工場,シフトA,木,サポート
2025-01-28,EMP0116,営業2部,一般,09:44,18:16,480,92,19,,0.5,あり,なし,なし,972,PJ0026,リモート,通常,火,開発
2025-01-28,EMP0128,製造2部,一般,09:18,17:18,480,0,0,,0.6,なし,なし,なし,1513,PJ0021,リモート,シフトA,火,サポート
2025-01-28,EMP0038,経理部,係長,08:48,17:05,480,77,0,,0.3,あり,あり,なし,1661,PJ0008,名古屋オフィス,通常,火,サポート
2025-01-28,EMP0153,人事部,係長,08:14,16:14,480,0,0,,0.6,なし,あり,なし,893,PJ0003,福岡オフィス,シフトB,火,事務
2025-01-28,EMP0079,経理部,主任,09:24,17:24,480,0,0,,0.7,なし,なし,なし,1558,PJ0005,大阪オフィス,フレックス,火,事務
2025-01-28,EMP0015,情報システム部,一般,,,0,0,0,有給,0.8,なし,あり,なし,730,PJ0004,工場,フレックス,火,開発
2025-01-28,EMP0198,製造1部,主任,10:04,18:07,480,3,0,,0.8,あり,あり,なし,917,PJ0012,リモート,フレックス,火,製造
2025-01-28,EMP0138,DX推進部,主任,09:19,18:34,480,75,0,,0.2,なし,なし,なし,817,PJ0026,本社,シフトB,火,製造
2025-01-28,EMP0036,製造2部,一般,10:30,18:37,480,7,0,,0.4,あり,なし,なし,1466,PJ0025,大阪オフィス,通常,火,営業活動
2025-01-28,EMP0066,人事部,係長,08:19,16:19,480,0,0,,0.6,あり,なし,なし,1566,PJ0010,福岡オフィス,シフトB,火,管理
2025-01-28,EMP0049,総務部,係長,09:41,17:41,480,0,0,,0.5,なし,なし,なし,1597,PJ0022,名古屋オフィス,フレックス,火,製造
2025-01-28,EMP0083,R&D部,一般,09:31,17:59,480,28,0,,0.2,なし,なし,なし,1012,PJ0017,本社,夜勤,火,製造
2025-01-29,EMP0056,情報システム部,一般,08:49,16:49,480,0,0,,0.0,なし,あり,なし,1730,PJ0028,大阪オフィス,フレックス,水,営業活動
2025-01-29,EMP0181,営業1部,一般,09:20,18:20,480,60,0,,0.5,あり,なし,なし,1320,PJ0001,リモート,フレックス,水,会議
2025-01-29,EMP0037,人事部,部長,09:57,18:59,480,62,0,,0.8,なし,なし,なし,1145,PJ0029,大阪オフィス,通常,水,サポート
2025-01-29,EMP0104,営業2部,一般,09:59,17:59,480,0,0,,0.3,なし,あり,なし,1530,PJ0028,リモート,シフトB,水,事務
2025-01-29,EMP0152,製造2部,主任,10:25,18:58,480,33,0,,0.9,なし,あり,なし,761,PJ0006,本社,シフトB,水,開発
2025-01-29,EMP0121,製造1部,一般,08:12,17:23,480,71,0,,0.7,なし,なし,なし,833,PJ0009,本社,通常,水,サポート
2025-01-29,EMP0116,営業2部,一般,09:20,17:20,480,0,0,,0.1,なし,なし,なし,1032,PJ0018,福岡オフィス,シフトA,水,管理
2025-01-29,EMP0160,経理部,課長,10:02,18:02,480,0,0,,0.5,あり,なし,なし,1182,PJ0027,福岡オフィス,フレックス,水,サポート
2025-01-29,EMP0102,経理部,一般,,,0,0,0,有給,0.6,なし,あり,なし,1284,PJ0002,大阪オフィス,通常,水,管理
2025-01-29,EMP0170,営業2部,課長,09:30,17:56,480,26,0,,0.3,なし,あり,なし,1118,PJ0015,大阪オフィス,夜勤,水,事務
2025-01-29,EMP0143,営業1部,一般,09:13,17:16,480,3,0,,0.5,なし,あり,なし,1633,PJ0027,工場,フレックス,水,営業活動
2025-01-29,EMP0032,情報システム部,課長,09:49,17:05,480,16,0,,0.0,なし,なし,なし,832,PJ0019,福岡オフィス,フレックス,水,開発
2026-01-06,EMP0151,営業2部,係長,10:44,19:54,480,70,0,,0.8,なし,なし,なし,1406,PJ0017,工場,通常,火,管理
2026-01-06,EMP0109,情報システム部,主任,08:15,16:38,480,23,0,,0.4,あり,なし,なし,1649,PJ0010,福岡オフィス,フレックス,火,事務
2026-01-06,EMP0057,DX推進部,主任,09:04,17:16,480,12,0,,0.2,なし,なし,なし,878,PJ0003,工場,シフトA,火,開発
2026-01-06,EMP0110,総務部,課長,08:59,16:59,480,0,0,,0.9,なし,あり,なし,1673,PJ0019,福岡オフィス,フレックス,火,製造
2026-01-06,EMP0196,マーケ部,主任,09:29,18:56,480,87,0,,0.2,あり,なし,なし,802,PJ0012,名古屋オフィス,夜勤,火,事務
2026-01-06,EMP0033,情報システム部,主任,08:03,16:24,480,21,0,,0.7,なし,なし,なし,1596,PJ0022,本社,通常,火,開発
2026-01-06,EMP0046,R&D部,一般,,,0,0,0,代休,1.0,なし,あり,なし,1820,PJ0005,大阪オフィス,フレックス,火,サポート
2026-01-06,EMP0014,営業1部,一般,09:18,17:09,480,51,0,,0.5,あり,あり,なし,1073,PJ0001,名古屋オフィス,通常,火,会議
2026-01-06,EMP0154,営業1部,一般,09:25,18:23,480,118,0,,0.6,なし,なし,なし,1400,PJ0014,本社,夜勤,火,営業活動
2026-01-06,EMP0070,製造1部,係長,09:06,17:52,480,46,0,,0.4,なし,なし,なし,1137,PJ0005,工場,シフトB,火,営業活動
2026-01-06,EMP0199,製造1部,一般,09:19,17:09,480,50,0,,0.2,なし,なし,なし,1838,PJ0019,大阪オフィス,シフトB,火,事務
2026-01-06,EMP0141,人事部,主任,09:47,17:54,480,7,0,,0.8,あり,なし,なし,774,PJ0029,大阪オフィス,シフトB,火,管理
2024-12-25,EMP0040,マーケ部,一般,09:36,17:56,480,20,0,,0.2,なし,なし,なし,807,PJ0004,リモート,通常,水,会議
2024-12-25,EMP0077,DX推進部,課長,08:32,16:15,480,43,0,,0.1,あり,なし,なし,1712,PJ0019,本社,夜勤,水,サポート
2024-12-25,EMP0068,営業2部,一般,08:16,17:16,480,60,0,,0.0,あり,なし,なし,1785,PJ0023,工場,夜勤,水,製造
2024-12-25,EMP0154,営業1部,一般,08:46,16:29,480,43,0,,0.5,あり,あり,なし,1603,PJ0007,本社,通常,水,会議
2024-12-25,EMP0039,営業2部,主任,08:47,16:02,480,15,0,,0.8,あり,あり,なし,730,PJ0018,工場,シフトA,水,事務
2024-12-25,EMP0134,経理部,部長,10:17,18:17,480,0,0,,0.8,あり,なし,なし,1847,PJ0004,名古屋オフィス,フレックス,水,製造
2024-12-25,EMP0192,マーケ部,課長,08:48,16:48,480,0,0,,0.2,なし,なし,なし,1656,PJ0008,本社,シフトA,水,会議
2024-12-25,EMP0091,製造1部,主任,10:57,18:57,480,0,0,,0.3,なし,なし,なし,1473,PJ0002,本社,シフトA,水,開発
2024-12-25,EMP0189,DX推進部,一般,10:23,18:23,480,0,0,,0.2,あり,あり,なし,1895,PJ0012,名古屋オフィス,夜勤,水,事務
2024-12-25,EMP0103,マーケ部,一般,09:18,17:27,480,9,0,,0.7,なし,あり,あり,1570,PJ0012,大阪オフィス,シフトB,水,サポート
2024-12-25,EMP0004,営業2部,主任,09:29,17:27,480,58,0,,0.2,あり,なし,なし,1684,PJ0015,福岡オフィス,フレックス,水,管理
2024-12-25,EMP0188,DX推進部,一般,,,0,0,0,慶弔,0.0,なし,なし,なし,1758,PJ0020,福岡オフィス,シフトA,水,管理
2026-02-12,EMP0128,製造2部,一般,09:06,17:47,480,41,0,,0.7,なし,なし,なし,1131,PJ0027,本社,通常,木,会議
2026-02-12,EMP0024,R&D部,一般,09:56,17:35,480,39,0,,0.3,なし,なし,なし,1728,PJ0012,工場,シフトB,木,会議
2026-02-12,EMP0032,情報システム部,課長,,,0,0,0,特別休暇,0.3,なし,なし,あり,885,PJ0011,大阪オフィス,通常,木,管理
2026-02-12,EMP0090,DX推進部,主任,10:33,18:33,480,0,0,,0.0,あり,あり,なし,894,PJ0020,リモート,フレックス,木,開発
2026-02-12,EMP0052,営業2部,部長,09:08,17:08,480,0,0,,0.6,あり,なし,なし,1873,PJ0005,工場,シフトB,木,事務
2026-02-12,EMP0189,DX推進部,一般,08:28,16:45,480,17,0,,0.9,なし,あり,あり,1424,PJ0007,本社,シフトA,木,営業活動
2026-02-12,EMP0187,総務部,一般,09:49,17:49,480,0,0,,0.1,なし,なし,なし,1340,PJ0025,名古屋オフィス,シフトA,木,事務
2026-02-12,EMP0177,製造1部,課長,09:02,17:38,480,36,0,,0.6,なし,あり,なし,959,PJ0019,工場,シフトB,木,開発
2026-02-12,EMP0099,総務部,一般,09:15,17:00,480,45,0,,0.4,なし,あり,なし,849,PJ0027,大阪オフィス,シフトA,木,製造
2026-02-12,EMP0108,R&D部,一般,09:02,17:03,480,1,0,,0.8,なし,なし,なし,1407,PJ0003,大阪オフィス,フレックス,木,事務
2026-02-12,EMP0113,マーケ部,部長,09:40,17:40,480,0,0,,0.0,なし,なし,なし,780,PJ0011,工場,フレックス,木,サポート
2026-02-12,EMP0107,製造2部,一般,09:50,17:53,480,3,0,,0.7,なし,なし,なし,1041,PJ0021,本社,通常,木,事務
2024-01-19,EMP0043,DX推進部,課長,,,0,0,0,有給,0.4,あり,なし,なし,938,PJ0016,リモート,夜勤,金,営業活動
2024-01-19,EMP0023,営業1部,課長,09:33,17:43,480,10,0,,0.3,なし,なし,なし,1056,PJ0022,大阪オフィス,シフトA,金,製造
2024-01-19,EMP0028,情報システム部,課長,,,0,0,0,特別休暇,0.3,あり,あり,なし,1271,PJ0008,名古屋オフィス,夜勤,金,営業活動
2024-01-19,EMP0152,製造2部,主任,09:56,18:58,480,62,0,,0.7,あり,なし,なし,841,PJ0011,名古屋オフィス,フレックス,金,製造
2024-01-19,EMP0065,情報システム部,課長,10:39,18:26,480,47,0,,0.1,なし,あり,なし,1683,PJ0009,本社,フレックス,金,管理
2024-01-19,EMP0162,情報システム部,一般,08:46,16:16,480,30,0,,0.2,なし,あり,なし,1370,PJ0020,名古屋オフィス,フレックス,金,営業活動
2024-01-19,EMP0168,製造2部,主任,09:04,18:58,480,114,25,,0.7,なし,なし,あり,613,PJ0010,大阪オフィス,シフトA,金,開発
2024-01-19,EMP0022,DX推進部,一般,09:53,17:45,480,52,0,,0.3,あり,なし,なし,851,PJ0021,工場,シフトA,金,管理
2024-01-19,EMP0049,総務部,係長,08:13,16:40,480,27,0,,0.3,あり,なし,なし,1626,PJ0028,工場,シフトA,金,開発
2024-01-19,EMP0134,経理部,部長,09:55,17:55,480,0,0,,0.2,なし,なし,なし,1282,PJ0010,名古屋オフィス,通常,金,開発
2024-01-19,EMP0101,DX推進部,課長,10:44,19:57,480,73,0,,0.3,なし,あり,なし,1234,PJ0018,リモート,通常,金,製造
2024-01-19,EMP0175,営業2部,一般,08:30,16:20,480,50,0,,0.7,なし,あり,なし,662,PJ0027,大阪オフィス,通常,金,営業活動
2024-09-27,EMP0033,情報システム部,主任,08:20,16:20,480,0,0,,0.9,あり,あり,なし,744,PJ0001,リモート,通常,金,サポート
2024-09-27,EMP0161,R&D部,部長,09:22,18:33,480,71,0,,0.8,なし,なし,なし,1036,PJ0002,本社,通常,金,会議
2024-09-27,EMP0078,経理部,課長,,,0,0,0,傷病,0.3,なし,なし,なし,1308,PJ0012,リモート,フレックス,金,製造
2024-09-27,EMP0029,情報システム部,一般,09:13,17:07,480,54,0,,0.6,なし,なし,なし,1288,PJ0019,名古屋オフィス,シフトB,金,会議
2024-09-27,EMP0171,R&D部,課長,08:44,16:42,480,58,0,,0.8,あり,なし,なし,1625,PJ0007,大阪オフィス,シフトA,金,会議
2024-09-27,EMP0163,マーケ部,係長,10:09,18:38,480,29,0,,0.3,あり,なし,なし,1840,PJ0004,工場,夜勤,金,会議
2024-09-27,EMP0130,総務部,係長,08:32,16:34,480,2,0,,0.7,なし,あり,なし,1114,PJ0007,本社,フレックス,金,サポート
2024-09-27,EMP0060,製造1部,課長,09:13,17:17,480,4,0,,0.1,あり,なし,なし,1628,PJ0028,本社,夜勤,金,サポート
2024-09-27,EMP0110,総務部,課長,09:14,17:55,480,41,0,,0.6,なし,なし,なし,1559,PJ0015,本社,シフトA,金,製造
2024-09-27,EMP0159,人事部,主任,09:25,17:55,480,30,0,,0.3,なし,なし,なし,1157,PJ0005,名古屋オフィス,フレックス,金,事務
2024-09-27,EMP0117,営業1部,主任,09:48,18:30,480,102,0,,0.4,あり,あり,なし,1347,PJ0004,名古屋オフィス,フレックス,金,事務
2024-09-27,EMP0102,経理部,一般,08:58,16:58,480,0,0,,0.1,あり,なし,なし,1072,PJ0022,本社,シフトA,金,事務
2024-07-08,EMP0107,製造2部,一般,,,0,0,0,有給,0.9,なし,あり,なし,1089,PJ0023,本社,通常,月,製造
2024-07-08,EMP0074,DX推進部,一般,10:33,18:35,480,2,0,,0.3,なし,なし,なし,1266,PJ0004,本社,シフトB,月,製造
2024-07-08,EMP0155,人事部,一般,08:50,16:34,480,44,0,,0.8,なし,なし,なし,1188,PJ0019,名古屋オフィス,シフトA,月,会議
2024-07-08,EMP0136,製造1部,主任,09:56,17:18,480,22,0,,0.7,あり,なし,なし,955,PJ0019,名古屋オフィス,シフトB,月,製造
2024-07-08,EMP0133,経理部,主任,10:40,18:09,480,29,0,,0.9,あり,なし,なし,1199,PJ0008,大阪オフィス,シフトB,月,会議
2024-07-08,EMP0179,製造2部,一般,08:32,17:00,480,88,0,,0.4,あり,なし,なし,796,PJ0006,工場,フレックス,月,事務
2024-07-08,EMP0057,DX推進部,主任,08:38,16:25,480,47,0,,0.6,なし,なし,なし,930,PJ0021,工場,フレックス,月,事務
2024-07-08,EMP0134,経理部,部長,10:44,18:44,480,0,0,,0.4,あり,あり,なし,850,PJ0016,リモート,夜勤,月,開発
2024-07-08,EMP0063,人事部,主任,08:20,16:15,480,55,0,,0.2,あり,なし,なし,1037,PJ0015,福岡オフィス,フレックス,月,開発
2024-07-08,EMP0149,DX推進部,課長,09:22,17:11,480,49,0,,0.1,なし,なし,なし,1038,PJ0006,名古屋オフィス,夜勤,月,営業活動
2024-07-08,EMP0131,営業2部,一般,10:17,18:17,480,0,0,,0.3,なし,あり,なし,1446,PJ0007,名古屋オフィス,フレックス,月,製造
2024-07-08,EMP0105,R&D部,主任,09:44,19:44,480,120,0,,0.4,あり,なし,なし,813,PJ0023,福岡オフィス,フレックス,月,開発
2024-04-02,EMP0040,マーケ部,一般,09:35,17:40,480,5,0,,0.7,なし,なし,なし,1156,PJ0003,名古屋オフィス,夜勤,火,会議
2024-04-02,EMP0190,営業1部,主任,08:52,16:52,480,0,0,,0.4,あり,なし,なし,1079,PJ0023,大阪オフィス,夜勤,火,営業活動
2024-04-02,EMP0155,人事部,一般,,,0,0,0,有給,0.3,なし,あり,なし,926,PJ0013,工場,シフトA,火,サポート
2024-04-02,EMP0001,経理部,主任,08:53,16:53,480,0,0,,0.9,あり,なし,なし,1068,PJ0017,本社,シフトB,火,管理
2024-04-02,EMP0181,営業1部,一般,08:03,16:25,480,22,0,,0.5,あり,あり,なし,1282,PJ0013,福岡オフィス,シフトA,火,会議
2024-04-02,EMP0115,R&D部,主任,09:40,18:43,480,63,0,,0.4,あり,なし,なし,643,PJ0017,本社,シフトA,火,サポート
2024-04-02,EMP0028,情報システム部,課長,09:48,17:53,480,5,0,,0.9,あり,なし,なし,945,PJ0007,福岡オフィス,フレックス,火,事務
2024-04-02,EMP0071,R&D部,係長,08:22,16:22,480,0,0,,0.8,なし,なし,なし,1228,PJ0018,大阪オフィス,フレックス,火,管理
2024-04-02,EMP0017,経理部,一般,09:49,17:47,480,58,0,,0.8,あり,あり,なし,1666,PJ0016,名古屋オフィス,通常,火,製造
2024-04-02,EMP0129,マーケ部,一般,09:27,17:40,480,13,0,,0.3,なし,あり,なし,1702,PJ0022,名古屋オフィス,シフトA,火,開発
2024-04-02,EMP0127,情報システム部,課長,08:19,17:18,480,119,7,,0.9,なし,なし,なし,1545,PJ0005,工場,フレックス,火,会議
2024-04-02,EMP0024,R&D部,一般,08:09,16:09,480,0,0,,0.5,なし,なし,なし,1000,PJ0023,本社,フレックス,火,サポート
2025-02-18,EMP0125,製造1部,一般,09:00,17:37,480,37,0,,0.0,なし,あり,なし,1550,PJ0026,工場,シフトA,火,サポート
2025-02-18,EMP0137,マーケ部,一般,10:14,18:14,480,0,0,,0.0,なし,なし,なし,1741,PJ0029,本社,通常,火,会議
2025-02-18,EMP0093,DX推進部,一般,09:48,18:54,480,66,0,,0.0,あり,あり,なし,1113,PJ0014,工場,シフトA,火,製造
2025-02-18,EMP0050,マーケ部,部長,09:20,17:48,480,28,0,,0.8,あり,なし,なし,707,PJ0029,リモート,夜勤,火,会議
2025-02-18,EMP0110,総務部,課長,10:29,19:29,480,60,0,,0.5,あり,あり,なし,1293,PJ0018,名古屋オフィス,夜勤,火,サポート
2025-02-18,EMP0131,営業2部,一般,09:38,17:38,480,0,0,,0.6,なし,なし,なし,1714,PJ0028,本社,通常,火,開発
2025-02-18,EMP0169,経理部,課長,09:38,18:12,480,94,31,,0.3,なし,あり,なし,1156,PJ0022,名古屋オフィス,夜勤,火,サポート
2025-02-18,EMP0149,DX推進部,課長,09:44,17:03,480,19,0,,0.5,あり,あり,なし,722,PJ0002,工場,シフトA,火,営業活動
2025-02-18,EMP0140,DX推進部,課長,08:33,17:55,480,82,0,,1.0,あり,なし,なし,1219,PJ0023,福岡オフィス,フレックス,火,事務
2025-02-18,EMP0086,R&D部,一般,08:34,17:07,480,93,22,,0.4,なし,なし,なし,1362,PJ0020,福岡オフィス,シフトA,火,管理
2025-02-18,EMP0115,R&D部,主任,09:02,17:20,480,18,0,,0.1,なし,なし,なし,1616,PJ0016,本社,シフトA,火,会議
2025-02-18,EMP0130,総務部,係長,08:12,16:12,480,0,0,,0.2,あり,なし,なし,1261,PJ0013,名古屋オフィス,フレックス,火,営業活動
2024-02-09,EMP0136,製造1部,主任,08:49,16:49,480,0,0,,0.7,あり,なし,なし,1258,PJ0026,大阪オフィス,フレックス,金,サポート
2024-02-09,EMP0055,経理部,主任,09:16,18:07,480,111,0,,0.4,なし,あり,なし,1137,PJ0017,大阪オフィス,フレックス,金,サポート
2024-02-09,EMP0180,営業2部,一般,09:59,17:45,480,46,0,,0.6,なし,なし,なし,1041,PJ0019,名古屋オフィス,シフトB,金,開発
2024-02-09,EMP0165,マーケ部,主任,08:21,17:33,480,72,0,,0.5,あり,なし,なし,1302,PJ0020,本社,シフトB,金,サポート
2024-02-09,EMP0127,情報システム部,課長,09:20,17:41,480,21,0,,0.7,あり,あり,なし,1126,PJ0007,名古屋オフィス,フレックス,金,開発
2024-02-09,EMP0054,営業2部,係長,,,0,0,0,有給,0.7,あり,あり,なし,1729,PJ0019,工場,通常,金,製造
2024-02-09,EMP0150,総務部,係長,09:43,17:58,480,15,0,,0.9,なし,なし,なし,1143,PJ0025,大阪オフィス,夜勤,金,事務
2024-02-09,EMP0082,営業2部,一般,10:09,18:33,480,24,0,,0.7,なし,なし,なし,700,PJ0005,福岡オフィス,通常,金,サポート
2024-02-09,EMP0061,マーケ部,主任,09:27,17:27,480,0,0,,0.7,あり,あり,なし,1516,PJ0021,大阪オフィス,フレックス,金,営業活動
2024-02-09,EMP0163,マーケ部,係長,09:00,17:00,480,0,0,,0.9,なし,なし,なし,788,PJ0015,本社,通常,金,製造
2024-02-09,EMP0109,情報システム部,主任,10:16,19:39,480,83,0,,0.4,なし,なし,なし,1732,PJ0023,リモート,夜勤,金,開発
2024-02-09,EMP0015,情報システム部,一般,10:55,19:02,480,67,0,,1.0,なし,あり,なし,1487,PJ0024,名古屋オフィス,シフトA,金,会議
2024-10-23,EMP0024,R&D部,一般,09:16,17:16,480,0,0,,1.0,なし,なし,なし,1122,PJ0016,本社,フレックス,水,事務
2024-10-23,EMP0126,経理部,一般,08:54,16:54,480,0,0,,0.5,なし,あり,なし,913,PJ0023,名古屋オフィス,フレックス,水,営業活動
2024-10-23,EMP0083,R&D部,一般,,,0,0,0,有給,0.4,なし,なし,なし,1210,PJ0016,名古屋オフィス,通常,水,営業活動
2024-10-23,EMP0018,営業2部,主任,09:16,17:16,480,0,0,,0.1,なし,なし,なし,750,PJ0008,本社,夜勤,水,事務
2024-10-23,EMP0104,営業2部,一般,09:26,17:36,480,10,0,,0.9,あり,なし,なし,910,PJ0003,本社,シフトB,水,会議
2024-10-23,EMP0165,マーケ部,主任,09:40,17:40,480,0,0,,0.0,あり,なし,なし,1592,PJ0004,名古屋オフィス,通常,水,サポート
2024-10-23,EMP0088,営業1部,係長,08:54,16:10,480,16,0,,0.9,あり,なし,なし,1236,PJ0021,本社,シフトA,水,営業活動
2024-10-23,EMP0029,情報システム部,一般,09:50,18:06,480,76,0,,0.7,あり,あり,なし,1327,PJ0028,大阪オフィス,シフトB,水,事務
2024-10-23,EMP0011,営業2部,一般,09:18,17:24,480,6,0,,0.5,あり,あり,なし,1319,PJ0025,工場,シフトB,水,開発
2024-10-23,EMP0161,R&D部,部長,09:43,17:00,480,17,0,,0.2,あり,なし,あり,1039,PJ0023,リモート,シフトB,水,管理
2024-10-23,EMP0045,マーケ部,係長,09:06,17:27,480,21,0,,0.4,あり,なし,なし,1486,PJ0022,大阪オフィス,シフトB,水,サポート
2024-10-23,EMP0146,情報システム部,主任,10:05,20:16,480,131,0,,0.6,あり,あり,なし,584,PJ0003,本社,夜勤,水,営業活動
2024-10-08,EMP0180,営業2部,一般,,,0,0,0,傷病,0.4,なし,なし,なし,1222,PJ0026,本社,シフトA,火,サポート
2024-10-08,EMP0103,マーケ部,一般,09:43,17:43,480,0,0,,0.8,なし,なし,なし,1653,PJ0006,大阪オフィス,シフトB,火,管理
2024-10-08,EMP0182,DX推進部,主任,09:13,17:13,480,0,0,,0.7,あり,なし,なし,1780,PJ0023,リモート,フレックス,火,開発
2024-10-08,EMP0007,営業1部,一般,,,0,0,0,有給,0.2,なし,なし,なし,852,PJ0003,名古屋オフィス,フレックス,火,営業活動
2024-10-08,EMP0141,人事部,主任,09:26,18:46,480,80,0,,0.4,なし,なし,なし,1500,PJ0008,大阪オフィス,シフトB,火,営業活動
2024-10-08,EMP0186,製造2部,一般,,,0,0,0,傷病,0.8,あり,なし,なし,971,PJ0001,本社,夜勤,火,営業活動
2024-10-08,EMP0050,マーケ部,部長,10:38,18:45,480,7,0,,0.7,なし,あり,なし,999,PJ0018,福岡オフィス,シフトB,火,会議
2024-10-08,EMP0191,人事部,一般,08:04,16:22,480,18,0,,0.7,なし,なし,なし,828,PJ0017,福岡オフィス,通常,火,開発
2024-10-08,EMP0112,人事部,課長,09:04,17:04,480,0,0,,0.3,なし,なし,なし,1359,PJ0021,福岡オフィス,夜勤,火,管理
2024-10-08,EMP0144,営業2部,部長,08:58,16:17,480,19,0,,1.0,なし,なし,なし,897,PJ0010,リモート,フレックス,火,会議
2024-10-08,EMP0139,経理部,一般,09:58,17:33,480,35,0,,0.3,あり,なし,なし,1378,PJ0008,名古屋オフィス,シフトB,火,管理
2024-10-08,EMP0035,R&D部,係長,09:51,17:51,480,0,0,,0.7,あり,あり,なし,787,PJ0027,大阪オフィス,通常,火,開発
2026-02-27,EMP0150,総務部,係長,08:37,16:37,480,0,0,,0.8,なし,あり,なし,1186,PJ0018,工場,シフトB,金,事務
2026-02-27,EMP0119,製造2部,一般,08:17,16:37,480,20,0,,0.2,あり,なし,なし,1054,PJ0016,リモート,夜勤,金,製造
2026-02-27,EMP0131,営業2部,一般,09:02,18:25,480,83,0,,0.7,なし,なし,なし,963,PJ0014,大阪オフィス,シフトA,金,事務
2026-02-27,EMP0045,マーケ部,係長,08:08,16:26,480,18,0,,0.7,あり,なし,なし,970,PJ0013,福岡オフィス,夜勤,金,サポート
2026-02-27,EMP0019,人事部,課長,08:48,16:48,480,0,0,,0.8,なし,なし,あり,900,PJ0002,工場,夜勤,金,サポート
2026-02-27,EMP0101,DX推進部,課長,,,0,0,0,特別休暇,0.4,あり,なし,なし,910,PJ0016,大阪オフィス,通常,金,サポート
2026-02-27,EMP0129,マーケ部,一般,09:57,17:38,480,41,0,,0.9,あり,なし,なし,734,PJ0022,工場,通常,金,サポート
2026-02-27,EMP0175,営業2部,一般,09:39,17:29,480,50,0,,0.6,あり,あり,なし,1440,PJ0002,リモート,シフトB,金,管理
2026-02-27,EMP0027,マーケ部,主任,09:41,17:04,480,23,0,,0.4,あり,なし,なし,1167,PJ0014,名古屋オフィス,通常,金,サポート
2026-02-27,EMP0014,営業1部,一般,09:14,17:14,480,0,0,,0.9,なし,あり,なし,1852,PJ0010,名古屋オフィス,通常,金,管理
2026-02-27,EMP0156,総務部,主任,09:38,18:01,480,83,0,,0.2,あり,なし,なし,1056,PJ0028,本社,シフトA,金,管理
2026-02-27,EMP0052,営業2部,部長,09:05,18:07,480,62,0,,0.5,なし,なし,なし,1816,PJ0002,名古屋オフィス,通常,金,会議
2024-05-13,EMP0018,営業2部,主任,09:18,18:31,480,73,0,,0.2,あり,なし,なし,1027,PJ0022,工場,夜勤,月,会議
2024-05-13,EMP0054,営業2部,係長,08:36,16:36,480,0,0,,0.3,あり,あり,なし,780,PJ0020,工場,フレックス,月,会議
2024-05-13,EMP0043,DX推進部,課長,08:52,16:33,480,41,0,,0.3,なし,なし,なし,1628,PJ0010,名古屋オフィス,通常,月,開発
2024-05-13,EMP0124,経理部,課長,09:47,18:00,480,73,0,,0.4,あり,なし,なし,1245,PJ0026,リモート,夜勤,月,営業活動
2024-05-13,EMP0104,営業2部,一般,09:27,17:55,480,28,0,,0.8,なし,あり,なし,1236,PJ0007,工場,通常,月,会議
2024-05-13,EMP0170,営業2部,課長,,,0,0,0,有給,0.5,なし,あり,なし,1385,PJ0007,本社,通常,月,サポート
2024-05-13,EMP0008,R&D部,係長,09:09,17:57,480,48,0,,0.7,あり,なし,なし,1161,PJ0011,名古屋オフィス,通常,月,営業活動
2024-05-13,EMP0079,経理部,主任,09:46,17:42,480,56,0,,0.3,なし,あり,なし,1307,PJ0021,本社,夜勤,月,製造
2024-05-13,EMP0096,R&D部,課長,09:50,17:59,480,9,0,,0.1,あり,なし,なし,1825,PJ0014,リモート,通常,月,開発
2024-05-13,EMP0046,R&D部,一般,09:16,17:03,480,47,0,,0.3,あり,なし,なし,708,PJ0010,福岡オフィス,通常,月,営業活動
2024-05-13,EMP0069,DX推進部,課長,09:36,17:51,480,15,0,,0.2,なし,あり,なし,1570,PJ0019,工場,シフトA,月,サポート
2024-05-13,EMP0026,経理部,一般,10:28,19:43,480,75,0,,0.0,なし,あり,なし,1413,PJ0004,名古屋オフィス,シフトB,月,会議
2026-02-13,EMP0164,情報システム部,一般,,,0,0,0,有給,0.4,あり,あり,あり,1257,PJ0021,福岡オフィス,夜勤,金,開発
2026-02-13,EMP0175,営業2部,一般,09:46,17:25,480,39,0,,0.8,あり,あり,なし,1671,PJ0009,本社,通常,金,管理
2026-02-13,EMP0065,情報システム部,課長,09:29,17:23,480,54,0,,0.9,なし,なし,なし,1486,PJ0021,リモート,フレックス,金,管理
2026-02-13,EMP0195,DX推進部,主任,09:00,17:20,480,20,0,,1.0,あり,なし,あり,1745,PJ0004,大阪オフィス,シフトA,金,営業活動
2026-02-13,EMP0038,経理部,係長,09:20,17:52,480,32,0,,0.9,なし,なし,なし,1608,PJ0014,本社,フレックス,金,会議
2026-02-13,EMP0159,人事部,主任,08:20,16:36,480,16,0,,0.2,なし,あり,なし,1327,PJ0026,大阪オフィス,フレックス,金,事務
2026-02-13,EMP0162,情報システム部,一般,09:33,17:55,480,22,0,,0.6,なし,あり,なし,984,PJ0026,リモート,シフトA,金,事務
2026-02-13,EMP0071,R&D部,係長,09:43,17:13,480,30,0,,0.9,なし,なし,なし,923,PJ0024,福岡オフィス,シフトA,金,サポート
2026-02-13,EMP0157,製造1部,主任,10:59,18:28,480,29,0,,0.6,あり,あり,なし,1487,PJ0009,福岡オフィス,シフトA,金,事務
2026-02-13,EMP0020,製造2部,係長,10:46,19:16,480,90,0,,0.3,なし,なし,なし,945,PJ0012,本社,夜勤,金,営業活動
2026-02-13,EMP0101,DX推進部,課長,09:36,17:43,480,7,0,,0.5,なし,なし,なし,1530,PJ0025,工場,シフトA,金,サポート
2026-02-13,EMP0169,経理部,課長,09:04,17:00,480,56,0,,0.1,なし,なし,なし,1787,PJ0019,大阪オフィス,シフトB,金,営業活動
2025-04-11,EMP0110,総務部,課長,10:18,18:18,480,0,0,,0.9,あり,なし,なし,791,PJ0022,本社,シフトB,金,開発
2025-04-11,EMP0183,R&D部,一般,09:12,19:24,480,132,23,,0.6,なし,なし,なし,1602,PJ0010,本社,フレックス,金,サポート
2025-04-11,EMP0038,経理部,係長,09:45,18:50,480,65,0,,0.4,あり,なし,なし,641,PJ0029,工場,シフトB,金,営業活動
2025-04-11,EMP0047,R&D部,主任,08:01,16:02,480,1,0,,0.8,あり,なし,なし,769,PJ0017,大阪オフィス,シフトB,金,開発
2025-04-11,EMP0195,DX推進部,主任,09:32,17:50,480,18,0,,0.4,なし,あり,なし,1133,PJ0008,福岡オフィス,フレックス,金,サポート
2025-04-11,EMP0100,営業1部,主任,10:27,18:35,480,8,0,,0.5,なし,なし,なし,1415,PJ0016,大阪オフィス,フレックス,金,会議
2025-04-11,EMP0064,営業2部,課長,10:44,18:44,480,0,0,,0.6,あり,なし,なし,1062,PJ0010,名古屋オフィス,シフトB,金,事務
2025-04-11,EMP0142,総務部,一般,09:09,17:09,480,0,0,,0.5,あり,なし,なし,1286,PJ0015,大阪オフィス,夜勤,金,サポート
2025-04-11,EMP0196,マーケ部,主任,09:16,17:35,480,19,0,,1.0,あり,なし,なし,1640,PJ0004,大阪オフィス,夜勤,金,会議
2025-04-11,EMP0108,R&D部,一般,09:47,17:58,480,11,0,,0.5,なし,あり,なし,1198,PJ0008,工場,シフトA,金,営業活動
2025-04-11,EMP0175,営業2部,一般,09:41,17:44,480,3,0,,0.3,あり,なし,なし,1235,PJ0005,リモート,通常,金,サポート
2025-04-11,EMP0078,経理部,課長,09:01,17:01,480,0,0,,0.0,あり,なし,なし,1391,PJ0013,福岡オフィス,フレックス,金,サポート
2025-10-29,EMP0144,営業2部,部長,10:45,18:56,480,11,0,,0.3,あり,なし,なし,835,PJ0018,工場,通常,水,サポート
2025-10-29,EMP0082,営業2部,一般,08:21,18:24,480,123,0,,0.8,なし,なし,なし,1427,PJ0009,名古屋オフィス,通常,水,会議
2025-10-29,EMP0116,営業2部,一般,09:37,17:43,480,6,0,,0.9,あり,なし,なし,1417,PJ0022,本社,シフトB,水,開発
2025-10-29,EMP0011,営業2部,一般,09:47,18:08,480,81,0,,0.6,あり,なし,なし,756,PJ0005,工場,通常,水,製造
2025-10-29,EMP0027,マーケ部,主任,09:23,17:09,480,46,0,,0.4,なし,なし,なし,1728,PJ0003,リモート,シフトB,水,開発
2025-10-29,EMP0047,R&D部,主任,09:36,17:39,480,3,0,,0.7,あり,なし,なし,960,PJ0004,大阪オフィス,通常,水,営業活動
2025-10-29,EMP0088,営業1部,係長,,,0,0,0,傷病,0.8,なし,なし,あり,820,PJ0001,本社,夜勤,水,製造
2025-10-29,EMP0016,製造2部,一般,09:57,17:38,480,41,0,,0.8,あり,あり,あり,1537,PJ0005,名古屋オフィス,シフトB,水,サポート
2025-10-29,EMP0057,DX推進部,主任,08:30,16:18,480,48,0,,0.5,なし,なし,なし,1116,PJ0022,リモート,通常,水,サポート
2025-10-29,EMP0159,人事部,主任,09:12,17:21,480,9,0,,0.8,あり,あり,なし,701,PJ0028,本社,シフトA,水,製造
2025-10-29,EMP0013,製造2部,主任,09:56,18:06,480,70,0,,0.6,なし,あり,なし,699,PJ0013,工場,シフトA,水,会議
2025-10-29,EMP0074,DX推進部,一般,10:31,18:38,480,7,0,,0.7,なし,なし,なし,1880,PJ0018,工場,通常,水,開発
2025-07-02,EMP0078,経理部,課長,10:34,18:13,480,39,0,,0.8,なし,なし,なし,788,PJ0026,リモート,シフトB,水,営業活動
2025-07-02,EMP0085,総務部,一般,09:01,17:01,480,0,0,,0.2,なし,なし,なし,1458,PJ0008,本社,シフトB,水,事務
2025-07-02,EMP0185,営業2部,主任,,,0,0,0,有給,0.7,あり,なし,なし,1666,PJ0025,リモート,フレックス,水,事務
2025-07-02,EMP0004,営業2部,主任,08:17,16:47,480,30,0,,0.8,なし,なし,なし,1358,PJ0007,工場,シフトA,水,会議
2025-07-02,EMP0092,人事部,一般,10:24,18:31,480,7,0,,0.6,なし,なし,なし,897,PJ0025,大阪オフィス,フレックス,水,サポート
2025-07-02,EMP0131,営業2部,一般,09:01,17:03,480,2,0,,0.7,あり,あり,なし,1150,PJ0002,福岡オフィス,通常,水,製造
2025-07-02,EMP0162,情報システム部,一般,09:20,17:31,480,11,0,,0.7,あり,なし,なし,1764,PJ0014,名古屋オフィス,通常,水,会議
2025-07-02,EMP0144,営業2部,部長,09:17,17:17,480,0,0,,0.5,なし,なし,なし,1495,PJ0021,工場,夜勤,水,管理
2025-07-02,EMP0011,営業2部,一般,09:55,17:01,480,6,0,,0.3,あり,なし,なし,1619,PJ0024,本社,シフトA,水,開発
2025-07-02,EMP0141,人事部,主任,10:28,18:40,480,12,0,,1.0,なし,あり,なし,1192,PJ0018,リモート,通常,水,事務
2025-07-02,EMP0065,情報システム部,課長,09:34,17:41,480,7,0,,0.5,あり,なし,なし,1526,PJ0013,大阪オフィス,シフトA,水,製造
2025-07-02,EMP0171,R&D部,課長,10:24,18:24,480,0,0,,0.0,なし,なし,なし,1620,PJ0014,本社,シフトA,水,サポート
2024-10-10,EMP0171,R&D部,課長,09:08,17:08,480,0,0,,0.2,なし,なし,なし,1223,PJ0012,本社,通常,木,管理
2024-10-10,EMP0038,経理部,係長,10:45,18:14,480,29,0,,0.5,なし,あり,なし,1798,PJ0027,名古屋オフィス,夜勤,木,営業活動
2024-10-10,EMP0131,営業2部,一般,09:24,17:24,480,0,0,,0.7,なし,なし,なし,1472,PJ0022,大阪オフィス,シフトB,木,営業活動
2024-10-10,EMP0113,マーケ部,部長,08:14,16:21,480,7,0,,0.9,なし,あり,なし,1520,PJ0011,大阪オフィス,シフトB,木,会議
2024-10-10,EMP0069,DX推進部,課長,09:59,17:59,480,0,0,,0.4,なし,なし,なし,764,PJ0008,大阪オフィス,シフトA,木,営業活動
2024-10-10,EMP0011,営業2部,一般,08:34,16:22,480,48,0,,0.5,なし,なし,なし,1257,PJ0021,大阪オフィス,シフトB,木,事務
2024-10-10,EMP0185,営業2部,主任,09:14,17:14,480,0,0,,1.0,なし,あり,なし,1784,PJ0027,リモート,夜勤,木,管理
2024-10-10,EMP0009,営業2部,一般,09:40,18:17,480,97,12,,0.1,あり,なし,なし,1550,PJ0009,リモート,シフトB,木,事務
2024-10-10,EMP0014,営業1部,一般,09:32,17:32,480,0,0,,0.9,あり,あり,なし,1737,PJ0021,福岡オフィス,シフトB,木,開発
2024-10-10,EMP0106,人事部,一般,09:29,17:11,480,42,0,,0.4,あり,あり,なし,729,PJ0007,工場,通常,木,会議
2024-10-10,EMP0076,製造1部,係長,09:09,17:33,480,24,0,,0.2,なし,なし,なし,1871,PJ0021,工場,夜勤,木,事務
2024-10-10,EMP0077,DX推進部,課長,09:25,17:32,480,7,0,,0.1,あり,なし,なし,1191,PJ0022,福岡オフィス,フレックス,木,製造
2025-12-08,EMP0032,情報システム部,課長,09:30,17:14,480,44,0,,0.8,なし,なし,なし,810,PJ0012,大阪オフィス,夜勤,月,サポート
2025-12-08,EMP0155,人事部,一般,09:57,17:37,480,40,0,,0.2,あり,なし,なし,1776,PJ0026,福岡オフィス,通常,月,会議
2025-12-08,EMP0059,製造1部,係長,10:55,18:28,480,33,0,,0.9,あり,あり,なし,1010,PJ0014,工場,シフトA,月,サポート
2025-12-08,EMP0110,総務部,課長,09:38,19:41,480,123,0,,0.3,あり,あり,なし,1300,PJ0022,名古屋オフィス,シフトA,月,開発
2025-12-08,EMP0163,マーケ部,係長,09:33,17:17,480,44,0,,0.1,あり,あり,なし,1716,PJ0007,名古屋オフィス,夜勤,月,製造
2025-12-08,EMP0099,総務部,一般,09:27,17:27,480,0,0,,0.9,なし,なし,なし,1105,PJ0009,福岡オフィス,通常,月,営業活動
2025-12-08,EMP0175,営業2部,一般,08:42,16:51,480,9,0,,0.7,あり,あり,なし,1100,PJ0005,名古屋オフィス,シフトA,月,サポート
2025-12-08,EMP0139,経理部,一般,09:41,17:48,480,7,0,,0.4,あり,あり,なし,1536,PJ0017,大阪オフィス,シフトA,月,サポート
2025-12-08,EMP0116,営業2部,一般,10:10,18:13,480,3,0,,0.8,なし,なし,なし,1362,PJ0023,大阪オフィス,シフトB,月,サポート
2025-12-08,EMP0004,営業2部,主任,10:44,18:45,480,1,0,,1.0,あり,なし,なし,1014,PJ0013,本社,夜勤,月,事務
2025-12-08,EMP0144,営業2部,部長,09:43,18:57,480,74,0,,0.6,あり,なし,なし,1055,PJ0029,リモート,フレックス,月,営業活動
2025-12-08,EMP0062,R&D部,課長,09:25,17:34,480,9,0,,0.7,なし,なし,なし,1870,PJ0015,工場,夜勤,月,営業活動
2025-02-11,EMP0026,経理部,一般,09:10,17:42,480,32,0,,0.0,なし,なし,なし,1001,PJ0028,リモート,通常,火,開発
2025-02-11,EMP0024,R&D部,一般,09:48,17:48,480,0,0,,0.9,なし,あり,なし,1569,PJ0008,福岡オフィス,通常,火,事務
2025-02-11,EMP0146,情報システム部,主任,09:48,17:48,480,0,0,,0.1,あり,なし,なし,1839,PJ0002,名古屋オフィス,シフトA,火,会議
2025-02-11,EMP0005,経理部,係長,09:48,18:03,480,75,0,,0.0,なし,あり,なし,1248,PJ0014,リモート,通常,火,会議
2025-02-11,EMP0037,人事部,部長,09:33,17:53,480,20,0,,0.9,なし,なし,なし,1625,PJ0009,名古屋オフィス,シフトA,火,管理
2025-02-11,EMP0186,製造2部,一般,09:18,18:23,480,65,0,,0.6,なし,なし,なし,1499,PJ0008,名古屋オフィス,シフトA,火,製造
2025-02-11,EMP0079,経理部,主任,09:17,17:18,480,1,0,,0.9,なし,なし,なし,1259,PJ0008,工場,シフトA,火,営業活動
2025-02-11,EMP0065,情報システム部,課長,10:38,18:09,480,31,0,,0.5,なし,なし,なし,1159,PJ0026,工場,シフトA,火,開発
2025-02-11,EMP0131,営業2部,一般,08:12,16:12,480,0,0,,0.5,あり,なし,あり,1702,PJ0015,リモート,夜勤,火,営業活動
2025-02-11,EMP0015,情報システム部,一般,10:26,18:09,480,43,0,,0.1,あり,なし,なし,665,PJ0018,名古屋オフィス,フレックス,火,管理
2025-02-11,EMP0160,経理部,課長,08:29,17:50,480,81,0,,0.3,なし,なし,なし,1197,PJ0014,大阪オフィス,フレックス,火,管理
2025-02-11,EMP0058,製造1部,一般,,,0,0,0,有給,0.5,なし,なし,なし,1862,PJ0018,リモート,シフトA,火,会議
2025-03-25,EMP0155,人事部,一般,09:39,17:12,480,33,0,,0.3,なし,なし,なし,1064,PJ0009,リモート,シフトA,火,製造
2025-03-25,EMP0139,経理部,一般,,,0,0,0,代休,0.8,あり,なし,なし,1073,PJ0029,リモート,通常,火,会議
2025-03-25,EMP0045,マーケ部,係長,10:57,18:55,480,58,0,,0.1,なし,あり,なし,793,PJ0006,名古屋オフィス,シフトA,火,管理
2025-03-25,EMP0016,製造2部,一般,09:05,17:16,480,11,0,,0.3,なし,なし,なし,1825,PJ0011,リモート,シフトB,火,製造
2025-03-25,EMP0159,人事部,主任,09:31,17:49,480,18,0,,0.6,なし,なし,なし,920,PJ0013,工場,通常,火,製造
2025-03-25,EMP0128,製造2部,一般,08:23,16:19,480,56,0,,0.2,なし,なし,なし,1493,PJ0002,リモート,夜勤,火,管理
2025-03-25,EMP0021,マーケ部,課長,09:19,17:19,480,0,0,,0.0,あり,あり,なし,947,PJ0009,リモート,通常,火,営業活動
2025-03-25,EMP0153,人事部,係長,08:13,17:18,480,65,0,,0.9,あり,なし,なし,1760,PJ0023,大阪オフィス,シフトA,火,会議
2025-03-25,EMP0071,R&D部,係長,09:11,17:11,480,0,0,,0.9,あり,なし,なし,1375,PJ0016,本社,フレックス,火,製造
2025-03-25,EMP0189,DX推進部,一般,09:26,17:26,480,0,0,,1.0,なし,あり,なし,849,PJ0023,福岡オフィス,フレックス,火,製造
2025-03-25,EMP0054,営業2部,係長,08:59,16:17,480,18,0,,0.2,なし,なし,なし,1709,PJ0022,工場,フレックス,火,開発
2025-03-25,EMP0180,営業2部,一般,09:47,17:13,480,26,0,,0.0,あり,なし,なし,1188,PJ0009,工場,フレックス,火,開発
2026-04-10,EMP0091,製造1部,主任,,,0,0,0,特別休暇,0.9,あり,あり,なし,1746,PJ0006,工場,シフトB,金,サポート
2026-04-10,EMP0137,マーケ部,一般,08:12,17:43,480,91,11,,0.2,あり,なし,なし,1424,PJ0010,大阪オフィス,シフトA,金,会議
2026-04-10,EMP0168,製造2部,主任,08:53,16:53,480,0,0,,0.3,なし,あり,なし,965,PJ0025,本社,夜勤,金,営業活動
2026-04-10,EMP0154,営業1部,一般,09:54,17:39,480,45,0,,0.3,なし,なし,なし,1831,PJ0027,本社,シフトB,金,製造
2026-04-10,EMP0073,DX推進部,一般,08:15,17:40,480,85,0,,0.7,あり,なし,なし,913,PJ0015,名古屋オフィス,シフトB,金,製造
2026-04-10,EMP0178,営業1部,一般,09:42,17:15,480,33,0,,0.6,あり,なし,なし,1610,PJ0023,リモート,シフトA,金,営業活動
2026-04-10,EMP0112,人事部,課長,09:27,17:27,480,0,0,,0.1,なし,なし,なし,1223,PJ0007,工場,シフトA,金,営業活動
2026-04-10,EMP0121,製造1部,一般,10:09,18:09,480,0,0,,0.0,あり,あり,なし,711,PJ0009,福岡オフィス,夜勤,金,営業活動
2026-04-10,EMP0120,製造1部,部長,08:04,16:56,480,52,0,,0.1,なし,なし,なし,1666,PJ0016,大阪オフィス,夜勤,金,営業活動
2026-04-10,EMP0011,営業2部,一般,09:51,17:40,480,49,0,,0.2,なし,あり,なし,1135,PJ0004,本社,シフトA,金,事務
2026-04-10,EMP0111,情報システム部,一般,09:52,18:36,480,104,0,,0.7,なし,なし,なし,1773,PJ0027,工場,通常,金,製造
2026-04-10,EMP0109,情報システム部,主任,08:20,16:27,480,7,0,,0.1,なし,なし,あり,922,PJ0027,リモート,シフトB,金,事務
2025-09-10,EMP0155,人事部,一般,,,0,0,0,有給,0.0,なし,なし,なし,1680,PJ0019,大阪オフィス,通常,水,管理
2025-09-10,EMP0141,人事部,主任,09:20,17:20,480,0,0,,0.6,なし,なし,なし,1536,PJ0002,福岡オフィス,夜勤,水,製造
2025-09-10,EMP0130,総務部,係長,10:36,19:02,480,86,0,,0.6,なし,なし,なし,1162,PJ0007,リモート,フレックス,水,管理
2025-09-10,EMP0089,営業1部,課長,08:37,16:53,480,16,0,,0.7,なし,なし,なし,684,PJ0023,名古屋オフィス,シフトA,水,営業活動
2025-09-10,EMP0132,マーケ部,係長,10:34,19:45,480,71,0,,0.8,あり,なし,なし,1055,PJ0029,工場,夜勤,水,開発
2025-09-10,EMP0121,製造1部,一般,,,0,0,0,有給,0.5,なし,なし,なし,1611,PJ0013,大阪オフィス,シフトB,水,管理
2025-09-10,EMP0119,製造2部,一般,08:55,17:28,480,93,3,,0.4,あり,なし,なし,1409,PJ0011,名古屋オフィス,夜勤,水,管理
2025-09-10,EMP0037,人事部,部長,08:02,16:02,480,0,0,,0.6,なし,なし,なし,1802,PJ0019,本社,夜勤,水,営業活動
2025-09-10,EMP0088,営業1部,係長,08:25,16:25,480,0,0,,0.2,あり,なし,なし,724,PJ0025,福岡オフィス,夜勤,水,サポート
2025-09-10,EMP0013,製造2部,主任,09:27,17:37,480,10,0,,0.1,なし,あり,なし,1517,PJ0013,名古屋オフィス,フレックス,水,サポート
2025-09-10,EMP0169,経理部,課長,09:49,17:11,480,22,0,,0.4,あり,なし,なし,1269,PJ0012,本社,シフトA,水,開発
2025-09-10,EMP0016,製造2部,一般,10:00,18:50,480,50,0,,1.0,なし,あり,なし,840,PJ0003,本社,シフトB,水,営業活動
2024-10-01,EMP0123,マーケ部,主任,08:16,16:24,480,8,0,,0.2,なし,あり,なし,882,PJ0006,大阪オフィス,フレックス,火,事務
2024-10-01,EMP0048,DX推進部,一般,08:42,16:01,480,19,0,,0.7,あり,なし,なし,1696,PJ0014,大阪オフィス,シフトB,火,サポート
2024-10-01,EMP0155,人事部,一般,09:02,18:13,480,71,0,,0.7,あり,なし,あり,882,PJ0005,工場,シフトA,火,営業活動
2024-10-01,EMP0192,マーケ部,課長,09:41,17:23,480,42,0,,0.6,あり,なし,なし,1712,PJ0028,福岡オフィス,通常,火,会議
2024-10-01,EMP0029,情報システム部,一般,10:39,18:43,480,4,0,,0.5,なし,なし,なし,1752,PJ0028,名古屋オフィス,シフトB,火,会議
2024-10-01,EMP0042,マーケ部,主任,09:27,17:27,480,0,0,,0.7,なし,なし,なし,1395,PJ0017,大阪オフィス,通常,火,開発
2024-10-01,EMP0046,R&D部,一般,09:55,17:49,480,54,0,,0.9,あり,あり,なし,1636,PJ0029,リモート,夜勤,火,事務
2024-10-01,EMP0143,営業1部,一般,10:11,18:31,480,20,0,,1.0,なし,なし,なし,1766,PJ0023,リモート,シフトB,火,サポート
2024-10-01,EMP0116,営業2部,一般,09:15,17:39,480,24,0,,0.7,あり,なし,なし,1683,PJ0024,本社,シフトB,火,会議
2024-10-01,EMP0159,人事部,主任,09:58,17:24,480,26,0,,0.5,なし,なし,なし,1080,PJ0017,工場,夜勤,火,会議
2024-10-01,EMP0194,営業1部,係長,08:48,16:00,480,12,0,,0.3,なし,あり,なし,1148,PJ0002,本社,通常,火,事務
2024-10-01,EMP0028,情報システム部,課長,09:46,17:34,480,48,0,,0.5,あり,なし,なし,902,PJ0023,工場,通常,火,開発
2024-12-03,EMP0132,マーケ部,係長,09:24,17:42,480,18,0,,0.5,なし,なし,なし,1854,PJ0024,大阪オフィス,フレックス,火,事務
2024-12-03,EMP0079,経理部,主任,08:19,16:59,480,40,0,,0.5,なし,なし,なし,1218,PJ0010,工場,フレックス,火,サポート
2024-12-03,EMP0058,製造1部,一般,08:47,17:52,480,65,0,,0.7,あり,あり,なし,974,PJ0005,福岡オフィス,シフトA,火,製造
2024-12-03,EMP0055,経理部,主任,09:42,17:42,480,0,0,,0.1,なし,なし,なし,1104,PJ0008,工場,フレックス,火,事務
2024-12-03,EMP0076,製造1部,係長,08:26,18:16,480,170,25,,0.0,なし,なし,なし,1085,PJ0017,リモート,フレックス,火,事務
2024-12-03,EMP0034,DX推進部,主任,09:22,17:16,480,54,0,,0.3,なし,なし,なし,1372,PJ0023,大阪オフィス,夜勤,火,管理
2024-12-03,EMP0176,営業2部,係長,09:59,18:12,480,73,0,,0.4,あり,あり,なし,1266,PJ0007,名古屋オフィス,シフトA,火,管理
2024-12-03,EMP0059,製造1部,係長,09:25,18:37,480,72,0,,0.1,あり,なし,なし,1245,PJ0006,リモート,シフトB,火,事務
2024-12-03,EMP0193,DX推進部,係長,09:24,17:29,480,5,0,,0.3,あり,あり,なし,1131,PJ0007,本社,シフトA,火,営業活動
2024-12-03,EMP0068,営業2部,一般,09:04,17:00,480,56,0,,0.6,あり,あり,なし,1368,PJ0006,リモート,夜勤,火,営業活動
2024-12-03,EMP0138,DX推進部,主任,09:24,17:24,480,0,0,,0.9,なし,あり,なし,1220,PJ0002,リモート,シフトB,火,サポート
2024-12-03,EMP0087,製造1部,一般,08:47,16:47,480,0,0,,0.1,なし,あり,なし,1542,PJ0015,本社,フレックス,火,事務
2026-05-22,EMP0125,製造1部,一般,10:23,18:43,480,20,0,,0.9,なし,なし,なし,1162,PJ0017,リモート,通常,金,営業活動
2026-05-22,EMP0159,人事部,主任,09:10,18:27,480,77,0,,0.8,なし,なし,なし,1046,PJ0006,福岡オフィス,フレックス,金,管理
2026-05-22,EMP0070,製造1部,係長,08:20,16:14,480,54,0,,0.9,なし,あり,なし,1696,PJ0023,福岡オフィス,通常,金,会議
2026-05-22,EMP0124,経理部,課長,09:12,17:10,480,58,0,,0.3,なし,あり,なし,1620,PJ0021,工場,通常,金,管理
2026-05-22,EMP0007,営業1部,一般,09:49,17:59,480,10,0,,0.8,なし,なし,あり,1415,PJ0029,大阪オフィス,シフトA,金,製造
2026-05-22,EMP0180,営業2部,一般,08:48,16:48,480,0,0,,0.2,なし,あり,なし,1329,PJ0025,福岡オフィス,通常,金,管理
2026-05-22,EMP0095,総務部,一般,09:44,17:44,480,0,0,,0.8,なし,なし,なし,764,PJ0019,リモート,通常,金,営業活動
2026-05-22,EMP0155,人事部,一般,09:26,17:56,480,30,0,,0.0,あり,なし,なし,1778,PJ0028,リモート,夜勤,金,営業活動
2026-05-22,EMP0010,製造2部,一般,10:04,18:17,480,13,0,,0.3,あり,なし,なし,944,PJ0004,福岡オフィス,フレックス,金,サポート
2026-05-22,EMP0113,マーケ部,部長,08:29,16:29,480,0,0,,1.0,なし,なし,なし,1171,PJ0022,本社,通常,金,開発
2026-05-22,EMP0004,営業2部,主任,,,0,0,0,有給,0.4,なし,あり,なし,1551,PJ0010,名古屋オフィス,シフトA,金,製造
2026-05-22,EMP0044,人事部,一般,08:50,16:27,480,37,0,,0.7,あり,なし,なし,1303,PJ0023,大阪オフィス,夜勤,金,事務
2024-11-08,EMP0196,マーケ部,主任,10:23,18:23,480,0,0,,0.4,あり,なし,なし,1628,PJ0010,名古屋オフィス,夜勤,金,開発
2024-11-08,EMP0163,マーケ部,係長,08:24,16:24,480,0,0,,0.8,あり,あり,なし,1349,PJ0022,名古屋オフィス,シフトA,金,開発
2024-11-08,EMP0041,R&D部,係長,09:38,17:18,480,40,0,,0.4,なし,あり,なし,1567,PJ0009,大阪オフィス,シフトB,金,営業活動
2024-11-08,EMP0056,情報システム部,一般,09:30,17:52,480,22,0,,0.1,あり,なし,なし,1311,PJ0003,大阪オフィス,フレックス,金,製造
2024-11-08,EMP0170,営業2部,課長,08:31,16:33,480,2,0,,1.0,あり,なし,あり,846,PJ0007,名古屋オフィス,シフトA,金,営業活動
2024-11-08,EMP0085,総務部,一般,08:28,16:30,480,2,0,,0.3,なし,なし,なし,1368,PJ0008,本社,通常,金,会議
2024-11-08,EMP0198,製造1部,主任,09:51,17:47,480,56,0,,0.1,なし,あり,なし,1166,PJ0005,本社,フレックス,金,製造
2024-11-08,EMP0012,製造2部,一般,09:02,17:02,480,0,0,,0.8,なし,なし,なし,1742,PJ0010,リモート,シフトB,金,管理
2024-11-08,EMP0176,営業2部,係長,08:46,17:49,480,63,0,,0.3,あり,なし,なし,1065,PJ0012,大阪オフィス,フレックス,金,営業活動
2024-11-08,EMP0042,マーケ部,主任,09:51,17:51,480,0,0,,0.6,あり,あり,なし,1883,PJ0023,大阪オフィス,夜勤,金,事務
2024-11-08,EMP0100,営業1部,主任,10:03,18:24,480,21,0,,0.2,あり,あり,なし,1652,PJ0002,工場,シフトB,金,製造
2024-11-08,EMP0159,人事部,主任,09:25,17:41,480,16,0,,0.3,なし,なし,なし,1837,PJ0025,福岡オフィス,シフトA,金,管理
2026-03-24,EMP0076,製造1部,係長,09:05,17:36,480,31,0,,0.6,あり,なし,なし,1868,PJ0022,本社,通常,火,サポート
2026-03-24,EMP0131,営業2部,一般,09:56,17:56,480,0,0,,0.2,なし,なし,なし,1630,PJ0022,名古屋オフィス,フレックス,火,会議
2026-03-24,EMP0070,製造1部,係長,10:59,18:17,480,18,0,,1.0,あり,なし,なし,1370,PJ0017,大阪オフィス,シフトA,火,事務
2026-03-24,EMP0133,経理部,主任,09:40,17:06,480,26,0,,0.5,なし,なし,なし,800,PJ0003,大阪オフィス,フレックス,火,製造
2026-03-24,EMP0181,営業1部,一般,08:31,16:00,480,29,0,,0.5,なし,あり,なし,893,PJ0010,名古屋オフィス,夜勤,火,会議
2026-03-24,EMP0072,人事部,一般,10:28,18:52,480,24,0,,0.5,なし,なし,なし,1478,PJ0010,福岡オフィス,シフトB,火,サポート
2026-03-24,EMP0053,R&D部,主任,09:20,17:53,480,33,0,,0.5,あり,なし,なし,1482,PJ0015,名古屋オフィス,シフトA,火,営業活動
2026-03-24,EMP0174,R&D部,一般,10:18,18:09,480,51,0,,0.2,なし,なし,なし,1402,PJ0022,リモート,フレックス,火,管理
2026-03-24,EMP0180,営業2部,一般,09:35,17:35,480,0,0,,0.4,あり,なし,なし,1079,PJ0017,工場,フレックス,火,管理
2026-03-24,EMP0159,人事部,主任,09:23,17:57,480,34,0,,0.1,なし,なし,なし,1311,PJ0027,本社,シフトA,火,管理
2026-03-24,EMP0033,情報システム部,主任,08:43,16:47,480,4,0,,0.8,なし,なし,なし,1059,PJ0022,リモート,シフトB,火,事務
2026-03-24,EMP0151,営業2部,係長,08:53,17:52,480,119,35,,0.9,なし,あり,なし,938,PJ0024,福岡オフィス,夜勤,火,開発
2024-09-16,EMP0121,製造1部,一般,09:33,17:22,480,49,0,,0.9,あり,なし,なし,669,PJ0005,工場,フレックス,月,開発
2024-09-16,EMP0087,製造1部,一般,09:55,17:14,480,19,0,,0.8,あり,なし,なし,1683,PJ0024,工場,夜勤,月,事務
2024-09-16,EMP0103,マーケ部,一般,09:18,17:18,480,0,0,,0.1,あり,なし,なし,1419,PJ0018,名古屋オフィス,夜勤,月,会議
2024-09-16,EMP0038,経理部,係長,09:32,18:32,480,60,0,,0.6,なし,あり,なし,1627,PJ0019,リモート,夜勤,月,サポート
2024-09-16,EMP0181,営業1部,一般,09:17,17:37,480,20,0,,0.1,なし,あり,なし,809,PJ0007,リモート,シフトA,月,会議
2024-09-16,EMP0169,経理部,課長,09:18,17:49,480,31,0,,0.8,なし,なし,なし,1515,PJ0020,工場,フレックス,月,会議
2024-09-16,EMP0173,経理部,一般,09:32,17:21,480,49,0,,0.9,あり,なし,なし,1764,PJ0009,名古屋オフィス,シフトA,月,サポート
2024-09-16,EMP0019,人事部,課長,09:22,17:22,480,0,0,,0.7,なし,なし,なし,1237,PJ0024,本社,フレックス,月,事務
2024-09-16,EMP0080,営業1部,一般,09:12,17:15,480,3,0,,0.6,あり,なし,なし,1852,PJ0029,名古屋オフィス,フレックス,月,会議
2024-09-16,EMP0143,営業1部,一般,08:35,16:14,480,39,0,,0.3,あり,なし,なし,1296,PJ0010,リモート,通常,月,サポート
2024-09-16,EMP0021,マーケ部,課長,10:22,18:22,480,0,0,,0.7,あり,なし,なし,1497,PJ0012,名古屋オフィス,通常,月,サポート
2024-09-16,EMP0140,DX推進部,課長,08:29,17:02,480,93,0,,0.5,あり,なし,なし,1254,PJ0018,大阪オフィス,シフトB,月,製造
2024-09-04,EMP0182,DX推進部,主任,09:48,17:46,480,58,0,,0.7,なし,あり,なし,1656,PJ0010,福岡オフィス,フレックス,水,開発
2024-09-04,EMP0032,情報システム部,課長,09:06,18:20,480,74,0,,0.2,なし,なし,なし,1760,PJ0005,工場,フレックス,水,サポート
2024-09-04,EMP0171,R&D部,課長,,,0,0,0,有給,0.6,あり,なし,なし,1194,PJ0010,福岡オフィス,シフトB,水,サポート
2024-09-04,EMP0047,R&D部,主任,,,0,0,0,慶弔,0.5,なし,なし,なし,1665,PJ0003,福岡オフィス,通常,水,開発
2024-09-04,EMP0150,総務部,係長,08:19,17:22,480,63,0,,0.7,あり,あり,なし,956,PJ0002,大阪オフィス,夜勤,水,開発
2024-09-04,EMP0083,R&D部,一般,09:54,17:25,480,31,0,,0.2,あり,なし,なし,1696,PJ0004,大阪オフィス,シフトB,水,サポート
2024-09-04,EMP0116,営業2部,一般,08:35,16:35,480,0,0,,0.5,あり,あり,なし,1388,PJ0019,工場,通常,水,製造
2024-09-04,EMP0107,製造2部,一般,09:19,17:38,480,19,0,,0.0,なし,あり,なし,1420,PJ0025,福岡オフィス,シフトB,水,管理
2024-09-04,EMP0014,営業1部,一般,09:29,17:35,480,6,0,,0.7,なし,なし,なし,1227,PJ0007,工場,シフトB,水,管理
2024-09-04,EMP0198,製造1部,主任,09:21,18:11,480,110,0,,0.6,あり,なし,なし,1402,PJ0015,本社,通常,水,開発
2024-09-04,EMP0056,情報システム部,一般,09:27,17:27,480,0,0,,0.9,なし,なし,なし,1739,PJ0009,福岡オフィス,夜勤,水,サポート
2024-09-04,EMP0167,営業1部,一般,10:54,18:02,480,8,0,,0.6,なし,なし,なし,1847,PJ0004,本社,シフトB,水,営業活動
2026-03-27,EMP0184,人事部,課長,,,0,0,0,有給,0.2,なし,なし,なし,1476,PJ0013,大阪オフィス,シフトA,金,開発
2026-03-27,EMP0089,営業1部,課長,09:57,18:18,480,81,0,,0.8,あり,なし,なし,1106,PJ0022,福岡オフィス,通常,金,会議
2026-03-27,EMP0097,R&D部,係長,09:50,17:50,480,0,0,,0.3,なし,なし,なし,824,PJ0026,名古屋オフィス,フレックス,金,会議
2026-03-27,EMP0162,情報システム部,一般,10:09,18:51,480,42,0,,0.8,あり,あり,なし,1637,PJ0013,本社,夜勤,金,サポート
2026-03-27,EMP0045,マーケ部,係長,09:56,17:51,480,55,0,,0.6,あり,なし,なし,665,PJ0016,福岡オフィス,シフトA,金,営業活動
2026-03-27,EMP0036,製造2部,一般,08:41,16:41,480,0,0,,1.0,あり,なし,なし,1297,PJ0016,本社,シフトB,金,事務
2026-03-27,EMP0047,R&D部,主任,09:38,17:38,480,0,0,,0.7,あり,あり,なし,989,PJ0008,工場,シフトB,金,製造
2026-03-27,EMP0014,営業1部,一般,09:38,18:27,480,109,0,,0.4,なし,あり,なし,1174,PJ0003,福岡オフィス,シフトA,金,開発
2026-03-27,EMP0176,営業2部,係長,08:26,16:56,480,30,0,,0.8,あり,なし,なし,1158,PJ0010,工場,通常,金,会議
2026-03-27,EMP0092,人事部,一般,09:07,17:40,480,33,0,,0.1,あり,あり,なし,1578,PJ0025,名古屋オフィス,夜勤,金,会議
2026-03-27,EMP0034,DX推進部,主任,09:56,17:36,480,40,0,,0.4,あり,なし,なし,871,PJ0008,工場,シフトA,金,製造
2026-03-27,EMP0171,R&D部,課長,08:41,16:11,480,30,0,,0.5,あり,あり,なし,1396,PJ0005,大阪オフィス,通常,金,営業活動
2026-03-03,EMP0011,営業2部,一般,10:56,18:54,480,58,0,,0.1,あり,なし,なし,1781,PJ0003,工場,夜勤,火,開発
2026-03-03,EMP0023,営業1部,課長,09:49,17:32,480,43,0,,0.2,なし,なし,なし,1799,PJ0027,本社,シフトA,火,管理
2026-03-03,EMP0038,経理部,係長,08:44,16:46,480,2,0,,0.6,なし,なし,なし,1063,PJ0009,リモート,シフトA,火,サポート
2026-03-03,EMP0016,製造2部,一般,08:54,16:54,480,0,0,,0.0,あり,なし,なし,1576,PJ0002,名古屋オフィス,シフトB,火,会議
2026-03-03,EMP0028,情報システム部,課長,10:14,19:15,480,61,0,,0.1,なし,なし,なし,1618,PJ0012,リモート,フレックス,火,営業活動
2026-03-03,EMP0131,営業2部,一般,08:33,16:21,480,48,0,,0.8,なし,なし,なし,1520,PJ0015,リモート,通常,火,開発
2026-03-03,EMP0147,R&D部,係長,08:31,16:31,480,0,0,,0.9,なし,なし,なし,1273,PJ0020,大阪オフィス,夜勤,火,管理
2026-03-03,EMP0112,人事部,課長,10:55,18:55,480,0,0,,0.8,なし,あり,なし,1408,PJ0017,名古屋オフィス,フレックス,火,開発
2026-03-03,EMP0068,営業2部,一般,08:42,17:57,480,75,0,,0.9,なし,あり,あり,1093,PJ0008,大阪オフィス,通常,火,事務
2026-03-03,EMP0153,人事部,係長,,,0,0,0,慶弔,0.1,あり,なし,なし,1104,PJ0007,リモート,フレックス,火,サポート
2026-03-03,EMP0120,製造1部,部長,09:53,17:57,480,4,0,,0.8,なし,なし,なし,1894,PJ0001,大阪オフィス,通常,火,開発
2026-03-03,EMP0012,製造2部,一般,10:22,18:01,480,39,0,,0.6,なし,あり,なし,807,PJ0001,工場,シフトA,火,サポート
2025-12-15,EMP0033,情報システム部,主任,09:34,17:34,480,0,0,,0.2,なし,なし,なし,1371,PJ0021,本社,シフトA,月,開発
2025-12-15,EMP0121,製造1部,一般,,,0,0,0,傷病,0.6,あり,なし,なし,1523,PJ0012,大阪オフィス,通常,月,会議
2025-12-15,EMP0090,DX推進部,主任,08:30,16:30,480,0,0,,0.8,なし,なし,なし,1888,PJ0029,大阪オフィス,フレックス,月,営業活動
2025-12-15,EMP0166,営業2部,主任,09:29,17:42,480,13,0,,0.3,あり,なし,なし,1136,PJ0001,大阪オフィス,通常,月,製造
2025-12-15,EMP0149,DX推進部,課長,09:27,18:15,480,108,0,,0.8,あり,あり,あり,1263,PJ0027,本社,シフトA,月,営業活動
2025-12-15,EMP0016,製造2部,一般,08:56,17:10,480,74,0,,1.0,なし,なし,なし,749,PJ0004,本社,通常,月,事務
2025-12-15,EMP0174,R&D部,一般,09:46,17:18,480,32,0,,0.6,あり,なし,なし,1586,PJ0008,名古屋オフィス,通常,月,サポート
2025-12-15,EMP0069,DX推進部,課長,09:44,17:14,480,30,0,,0.8,あり,なし,なし,1030,PJ0025,大阪オフィス,夜勤,月,製造
2025-12-15,EMP0066,人事部,係長,09:25,17:54,480,29,0,,0.5,なし,なし,あり,1789,PJ0020,リモート,シフトA,月,営業活動
2025-12-15,EMP0129,マーケ部,一般,09:04,17:04,480,0,0,,0.6,あり,なし,なし,1145,PJ0009,リモート,通常,月,事務
2025-12-15,EMP0073,DX推進部,一般,08:52,16:52,480,0,0,,0.8,なし,なし,なし,1851,PJ0022,福岡オフィス,シフトA,月,事務
2025-12-15,EMP0102,経理部,一般,09:22,17:46,480,24,0,,0.6,なし,なし,なし,960,PJ0024,大阪オフィス,通常,月,営業活動
2025-10-24,EMP0008,R&D部,係長,08:18,16:09,480,51,0,,0.7,あり,なし,なし,691,PJ0012,本社,夜勤,金,管理
2025-10-24,EMP0153,人事部,係長,09:39,17:25,480,46,0,,0.1,なし,なし,なし,1635,PJ0023,名古屋オフィス,フレックス,金,開発
2025-10-24,EMP0032,情報システム部,課長,09:02,17:10,480,8,0,,0.7,なし,あり,なし,1713,PJ0025,リモート,シフトB,金,製造
2025-10-24,EMP0040,マーケ部,一般,09:35,18:38,480,63,0,,0.7,なし,あり,なし,1250,PJ0002,リモート,通常,金,会議
2025-10-24,EMP0167,営業1部,一般,08:29,16:59,480,30,0,,0.1,なし,あり,なし,788,PJ0002,リモート,通常,金,会議
2025-10-24,EMP0080,営業1部,一般,10:31,19:42,480,71,0,,0.4,なし,なし,なし,1706,PJ0022,本社,通常,金,会議
2025-10-24,EMP0191,人事部,一般,08:40,16:40,480,0,0,,0.7,あり,なし,なし,980,PJ0009,福岡オフィス,シフトA,金,管理
2025-10-24,EMP0189,DX推進部,一般,09:22,18:45,480,83,0,,0.9,なし,なし,なし,1388,PJ0003,大阪オフィス,通常,金,開発
2025-10-24,EMP0014,営業1部,一般,10:58,18:58,480,0,0,,0.8,なし,なし,なし,958,PJ0006,リモート,夜勤,金,製造
2025-10-24,EMP0062,R&D部,課長,09:36,18:59,480,83,0,,0.4,あり,なし,なし,993,PJ0026,福岡オフィス,通常,金,開発
2025-10-24,EMP0148,製造1部,一般,09:59,17:59,480,0,0,,0.9,あり,なし,なし,1314,PJ0004,リモート,夜勤,金,営業活動
2025-10-24,EMP0078,経理部,課長,08:29,17:09,480,100,37,,0.5,なし,なし,あり,1339,PJ0006,リモート,シフトB,金,製造
2024-07-05,EMP0196,マーケ部,主任,09:46,17:57,480,11,0,,0.2,あり,あり,なし,887,PJ0010,福岡オフィス,シフトA,金,会議
2024-07-05,EMP0071,R&D部,係長,09:10,18:21,480,71,0,,0.8,あり,なし,なし,1416,PJ0013,名古屋オフィス,通常,金,営業活動
2024-07-05,EMP0005,経理部,係長,08:51,16:51,480,0,0,,0.8,なし,なし,なし,1531,PJ0014,リモート,通常,金,管理
2024-07-05,EMP0072,人事部,一般,10:45,19:59,480,74,0,,0.6,なし,あり,なし,1722,PJ0001,本社,通常,金,事務
2024-07-05,EMP0188,DX推進部,一般,08:05,16:05,480,0,0,,0.4,なし,あり,なし,992,PJ0020,名古屋オフィス,シフトB,金,営業活動
2024-07-05,EMP0133,経理部,主任,09:27,17:19,480,52,0,,0.8,あり,あり,なし,1406,PJ0010,工場,夜勤,金,管理
2024-07-05,EMP0130,総務部,係長,10:29,18:04,480,35,0,,0.4,なし,なし,なし,1497,PJ0010,工場,フレックス,金,事務
2024-07-05,EMP0064,営業2部,課長,09:11,17:32,480,21,0,,0.8,あり,あり,なし,731,PJ0013,名古屋オフィス,通常,金,開発
2024-07-05,EMP0002,製造1部,一般,09:24,17:05,480,41,0,,0.1,あり,なし,なし,1827,PJ0018,本社,シフトA,金,製造
2024-07-05,EMP0144,営業2部,部長,09:44,17:44,480,0,0,,0.8,なし,なし,なし,1213,PJ0006,福岡オフィス,夜勤,金,管理
2024-07-05,EMP0118,製造2部,一般,10:01,18:34,480,33,0,,0.4,あり,あり,なし,1054,PJ0014,名古屋オフィス,シフトB,金,管理
2024-07-05,EMP0110,総務部,課長,,,0,0,0,有給,0.5,なし,なし,なし,1461,PJ0022,本社,通常,金,管理
2025-04-16,EMP0054,営業2部,係長,09:07,17:47,480,40,0,,0.8,なし,なし,なし,1831,PJ0018,工場,夜勤,水,事務
2025-04-16,EMP0073,DX推進部,一般,08:49,17:17,480,88,0,,0.8,なし,なし,なし,1091,PJ0010,本社,通常,水,製造
2025-04-16,EMP0078,経理部,課長,09:30,17:56,480,26,0,,0.7,あり,なし,なし,1640,PJ0026,大阪オフィス,シフトA,水,製造
2025-04-16,EMP0172,製造1部,一般,08:28,16:30,480,2,0,,0.7,なし,あり,なし,842,PJ0028,福岡オフィス,通常,水,開発
2025-04-16,EMP0066,人事部,係長,,,0,0,0,代休,0.3,なし,なし,なし,970,PJ0021,リモート,シフトA,水,製造
2025-04-16,EMP0087,製造1部,一般,,,0,0,0,有給,0.1,なし,なし,なし,809,PJ0025,工場,フレックス,水,サポート
2025-04-16,EMP0053,R&D部,主任,09:47,17:47,480,0,0,,0.8,あり,あり,なし,1624,PJ0009,リモート,シフトB,水,製造
2025-04-16,EMP0057,DX推進部,主任,09:45,17:45,480,0,0,,0.2,あり,なし,なし,959,PJ0015,福岡オフィス,シフトA,水,開発
2025-04-16,EMP0103,マーケ部,一般,09:18,17:30,480,12,0,,0.7,あり,なし,なし,1159,PJ0016,福岡オフィス,シフトA,水,開発
2025-04-16,EMP0194,営業1部,係長,09:50,17:50,480,0,0,,0.1,なし,なし,なし,1491,PJ0028,リモート,シフトA,水,管理
2025-04-16,EMP0097,R&D部,係長,08:07,16:07,480,0,0,,0.3,なし,あり,なし,1123,PJ0016,福岡オフィス,夜勤,水,開発
2025-04-16,EMP0158,人事部,課長,08:59,16:30,480,31,0,,1.0,あり,なし,なし,1242,PJ0015,リモート,フレックス,水,会議
2024-03-06,EMP0044,人事部,一般,09:40,17:49,480,9,0,,0.7,なし,なし,なし,1868,PJ0029,大阪オフィス,シフトA,水,管理
2024-03-06,EMP0113,マーケ部,部長,10:19,20:26,480,127,0,,0.1,なし,なし,なし,832,PJ0005,本社,シフトB,水,開発
2024-03-06,EMP0011,営業2部,一般,,,0,0,0,有給,0.1,あり,あり,なし,924,PJ0002,リモート,シフトA,水,営業活動
2024-03-06,EMP0073,DX推進部,一般,09:11,17:59,480,48,0,,0.1,あり,なし,なし,838,PJ0013,名古屋オフィス,通常,水,営業活動
2024-03-06,EMP0105,R&D部,主任,10:22,18:11,480,49,0,,0.2,なし,なし,なし,941,PJ0005,本社,シフトA,水,営業活動
2024-03-06,EMP0013,製造2部,主任,10:47,18:35,480,48,0,,0.8,あり,あり,なし,870,PJ0017,本社,夜勤,水,管理
2024-03-06,EMP0148,製造1部,一般,10:16,18:35,480,19,0,,0.8,なし,なし,なし,1343,PJ0027,リモート,シフトB,水,製造
2024-03-06,EMP0098,マーケ部,一般,09:45,17:53,480,8,0,,0.5,あり,なし,なし,1850,PJ0001,大阪オフィス,通常,水,サポート
2024-03-06,EMP0120,製造1部,部長,09:19,17:27,480,8,0,,0.1,なし,あり,なし,1222,PJ0017,名古屋オフィス,フレックス,水,会議
2024-03-06,EMP0076,製造1部,係長,08:23,16:52,480,29,0,,0.0,なし,あり,なし,1055,PJ0015,名古屋オフィス,通常,水,会議
2024-03-06,EMP0047,R&D部,主任,,,0,0,0,有給,0.6,あり,あり,なし,734,PJ0021,福岡オフィス,通常,水,会議
2024-03-06,EMP0172,製造1部,一般,09:57,18:02,480,65,0,,0.7,あり,なし,なし,755,PJ0024,福岡オフィス,シフトB,水,開発
2025-04-23,EMP0178,営業1部,一般,09:30,17:23,480,53,0,,0.6,なし,なし,あり,1244,PJ0028,福岡オフィス,フレックス,水,事務
2025-04-23,EMP0072,人事部,一般,09:47,17:02,480,15,0,,1.0,あり,なし,なし,758,PJ0021,名古屋オフィス,通常,水,製造
2025-04-23,EMP0011,営業2部,一般,08:54,16:03,480,9,0,,0.1,あり,なし,なし,1512,PJ0027,リモート,夜勤,水,サポート
2025-04-23,EMP0171,R&D部,課長,08:46,16:00,480,14,0,,0.8,あり,なし,なし,840,PJ0018,本社,シフトA,水,管理
2025-04-23,EMP0086,R&D部,一般,09:19,17:19,480,0,0,,1.0,あり,あり,なし,1222,PJ0012,大阪オフィス,フレックス,水,会議
2025-04-23,EMP0109,情報システム部,主任,08:00,16:25,480,25,0,,0.5,あり,なし,なし,1500,PJ0018,名古屋オフィス,フレックス,水,事務
2025-04-23,EMP0033,情報システム部,主任,09:48,19:54,480,126,51,,0.2,あり,なし,なし,1696,PJ0014,本社,フレックス,水,開発
2025-04-23,EMP0100,営業1部,主任,08:14,16:14,480,0,0,,0.1,あり,なし,なし,1630,PJ0027,名古屋オフィス,フレックス,水,サポート
2025-04-23,EMP0037,人事部,部長,09:10,17:26,480,16,0,,0.1,なし,なし,なし,1046,PJ0002,大阪オフィス,シフトB,水,事務
2025-04-23,EMP0115,R&D部,主任,09:42,18:09,480,87,0,,0.0,なし,なし,なし,1668,PJ0022,福岡オフィス,シフトB,水,開発
2025-04-23,EMP0030,総務部,一般,09:11,17:31,480,20,0,,0.7,なし,なし,なし,1311,PJ0021,大阪オフィス,通常,水,管理
2025-04-23,EMP0083,R&D部,一般,,,0,0,0,有給,0.3,なし,あり,なし,1440,PJ0029,大阪オフィス,夜勤,水,会議
2025-01-30,EMP0146,情報システム部,主任,09:45,17:45,480,0,0,,0.9,なし,あり,あり,787,PJ0020,名古屋オフィス,シフトA,木,開発
2025-01-30,EMP0137,マーケ部,一般,08:18,17:28,480,70,0,,0.0,なし,あり,なし,724,PJ0004,リモート,フレックス,木,会議
2025-01-30,EMP0013,製造2部,主任,10:53,18:53,480,0,0,,0.3,なし,なし,なし,1777,PJ0021,名古屋オフィス,フレックス,木,営業活動
2025-01-30,EMP0085,総務部,一般,09:12,17:12,480,0,0,,0.6,あり,なし,なし,899,PJ0027,リモート,通常,木,会議
2025-01-30,EMP0036,製造2部,一般,08:39,16:48,480,9,0,,0.8,なし,なし,なし,710,PJ0013,リモート,シフトA,木,サポート
2025-01-30,EMP0082,営業2部,一般,09:59,17:59,480,0,0,,0.4,あり,あり,なし,1755,PJ0008,本社,フレックス,木,サポート
2025-01-30,EMP0011,営業2部,一般,09:03,17:03,480,0,0,,0.7,あり,あり,なし,750,PJ0028,本社,シフトB,木,営業活動
2025-01-30,EMP0012,製造2部,一般,10:41,18:41,480,0,0,,0.6,なし,あり,なし,1257,PJ0024,大阪オフィス,夜勤,木,サポート
2025-01-30,EMP0052,営業2部,部長,09:40,17:40,480,0,0,,0.3,なし,あり,なし,1791,PJ0022,本社,シフトA,木,サポート
2025-01-30,EMP0155,人事部,一般,,,0,0,0,傷病,0.6,なし,なし,なし,1575,PJ0008,工場,通常,木,サポート
2025-01-30,EMP0087,製造1部,一般,09:58,17:21,480,23,0,,0.8,なし,なし,なし,752,PJ0002,リモート,フレックス,木,開発
2025-01-30,EMP0162,情報システム部,一般,10:21,20:25,480,124,0,,0.6,あり,なし,なし,771,PJ0003,工場,シフトB,木,開発
2024-04-26,EMP0159,人事部,主任,09:06,17:06,480,0,0,,0.8,なし,あり,なし,858,PJ0019,工場,フレックス,金,製造
2024-04-26,EMP0171,R&D部,課長,09:06,17:29,480,23,0,,0.0,なし,なし,なし,1745,PJ0006,リモート,シフトA,金,管理
2024-04-26,EMP0033,情報システム部,主任,,,0,0,0,有給,0.6,あり,なし,なし,1734,PJ0029,本社,シフトA,金,営業活動
2024-04-26,EMP0100,営業1部,主任,08:00,17:01,480,61,0,,0.8,なし,なし,なし,1607,PJ0016,大阪オフィス,通常,金,製造
2024-04-26,EMP0079,経理部,主任,09:41,18:46,480,65,0,,0.6,なし,あり,なし,1613,PJ0021,大阪オフィス,通常,金,製造
2024-04-26,EMP0090,DX推進部,主任,09:43,17:43,480,0,0,,0.2,あり,なし,なし,876,PJ0005,工場,シフトA,金,管理
2024-04-26,EMP0123,マーケ部,主任,09:16,17:59,480,43,0,,0.4,なし,あり,なし,1282,PJ0003,リモート,フレックス,金,会議
2024-04-26,EMP0134,経理部,部長,09:39,17:22,480,43,0,,0.0,なし,なし,なし,899,PJ0024,福岡オフィス,シフトB,金,営業活動
2024-04-26,EMP0177,製造1部,課長,09:52,17:52,480,0,0,,0.4,なし,あり,なし,1217,PJ0021,名古屋オフィス,シフトA,金,営業活動
2024-04-26,EMP0076,製造1部,係長,08:26,17:48,480,82,0,,0.7,あり,なし,なし,1568,PJ0004,工場,フレックス,金,製造
2024-04-26,EMP0007,営業1部,一般,09:04,17:45,480,41,0,,0.9,あり,なし,なし,1207,PJ0015,本社,シフトB,金,サポート
2024-04-26,EMP0027,マーケ部,主任,09:24,18:47,480,83,0,,0.4,なし,なし,なし,1625,PJ0011,リモート,夜勤,金,製造
2025-04-09,EMP0128,製造2部,一般,09:10,17:45,480,35,0,,0.7,なし,なし,なし,779,PJ0007,福岡オフィス,シフトB,水,開発
2025-04-09,EMP0087,製造1部,一般,08:31,17:49,480,78,0,,0.9,なし,なし,なし,1302,PJ0011,大阪オフィス,シフトA,水,管理
2025-04-09,EMP0152,製造2部,主任,09:23,17:23,480,0,0,,0.2,なし,なし,なし,1688,PJ0004,本社,シフトA,水,会議
2025-04-09,EMP0080,営業1部,一般,09:00,18:23,480,83,0,,0.7,なし,なし,なし,1738,PJ0015,福岡オフィス,シフトB,水,サポート
2025-04-09,EMP0005,経理部,係長,08:14,16:41,480,27,0,,1.0,あり,なし,なし,1085,PJ0006,リモート,シフトB,水,会議
2025-04-09,EMP0188,DX推進部,一般,09:57,17:57,480,0,0,,0.3,あり,なし,なし,1250,PJ0017,リモート,夜勤,水,開発
2025-04-09,EMP0063,人事部,主任,09:25,18:58,480,93,0,,0.2,あり,あり,あり,1677,PJ0008,大阪オフィス,夜勤,水,開発
2025-04-09,EMP0093,DX推進部,一般,09:51,17:23,480,32,0,,0.1,なし,なし,なし,1862,PJ0027,福岡オフィス,フレックス,水,会議
2025-04-09,EMP0018,営業2部,主任,08:03,16:20,480,17,0,,1.0,あり,なし,なし,899,PJ0005,本社,通常,水,サポート
2025-04-09,EMP0031,営業2部,一般,08:45,16:45,480,0,0,,0.2,なし,なし,なし,913,PJ0001,リモート,夜勤,水,製造
2025-04-09,EMP0044,人事部,一般,09:02,17:03,480,1,0,,0.9,あり,あり,なし,1718,PJ0006,名古屋オフィス,通常,水,製造
2025-04-09,EMP0117,営業1部,主任,10:59,19:19,480,80,0,,0.2,あり,なし,なし,1281,PJ0022,福岡オフィス,シフトB,水,製造
2024-06-12,EMP0092,人事部,一般,08:41,17:21,480,100,5,,0.4,なし,なし,なし,879,PJ0027,工場,フレックス,水,サポート
2024-06-12,EMP0142,総務部,一般,08:54,16:24,480,30,0,,0.2,あり,なし,なし,1041,PJ0027,名古屋オフィス,シフトB,水,事務
2024-06-12,EMP0063,人事部,主任,09:14,17:14,480,0,0,,0.8,あり,なし,なし,810,PJ0002,福岡オフィス,シフトB,水,開発
2024-06-12,EMP0022,DX推進部,一般,09:59,17:53,480,54,0,,0.9,なし,なし,なし,649,PJ0023,大阪オフィス,通常,水,サポート
2024-06-12,EMP0137,マーケ部,一般,,,0,0,0,特別休暇,0.5,あり,あり,なし,1452,PJ0027,大阪オフィス,通常,水,サポート
2024-06-12,EMP0010,製造2部,一般,09:28,17:28,480,0,0,,1.0,あり,あり,なし,1025,PJ0020,リモート,フレックス,水,管理
2024-06-12,EMP0071,R&D部,係長,09:20,17:37,480,17,0,,0.3,なし,あり,なし,1355,PJ0010,福岡オフィス,通常,水,管理
2024-06-12,EMP0067,DX推進部,係長,10:03,18:38,480,35,0,,0.1,なし,あり,なし,1041,PJ0027,工場,通常,水,製造
2024-06-12,EMP0167,営業1部,一般,09:05,17:17,480,12,0,,0.6,なし,なし,なし,1562,PJ0018,大阪オフィス,通常,水,事務
2024-06-12,EMP0005,経理部,係長,10:18,18:37,480,19,0,,0.3,あり,なし,なし,761,PJ0018,本社,通常,水,製造
2024-06-12,EMP0151,営業2部,係長,09:20,17:20,480,0,0,,0.9,なし,なし,なし,1493,PJ0010,工場,シフトB,水,事務
2024-06-12,EMP0119,製造2部,一般,10:12,19:14,480,62,0,,0.1,なし,なし,なし,941,PJ0007,本社,シフトB,水,管理
2025-11-10,EMP0060,製造1部,課長,08:05,16:34,480,29,0,,0.9,なし,なし,なし,1164,PJ0015,福岡オフィス,シフトA,月,会議
2025-11-10,EMP0037,人事部,部長,08:33,16:32,480,59,0,,0.5,あり,なし,なし,1782,PJ0008,本社,シフトA,月,製造
2025-11-10,EMP0165,マーケ部,主任,09:47,17:47,480,0,0,,0.1,あり,なし,なし,1787,PJ0008,名古屋オフィス,シフトA,月,製造
2025-11-10,EMP0186,製造2部,一般,08:15,17:29,480,74,0,,0.7,あり,なし,なし,1044,PJ0017,リモート,通常,月,事務
2025-11-10,EMP0010,製造2部,一般,09:37,17:37,480,0,0,,0.7,あり,なし,なし,1032,PJ0007,工場,シフトA,月,製造
2025-11-10,EMP0196,マーケ部,主任,10:52,18:04,480,12,0,,0.6,なし,なし,なし,1678,PJ0025,工場,通常,月,事務
2025-11-10,EMP0160,経理部,課長,09:39,17:19,480,40,0,,1.0,なし,なし,なし,1787,PJ0008,本社,シフトA,月,管理
2025-11-10,EMP0169,経理部,課長,,,0,0,0,有給,0.6,あり,あり,なし,1745,PJ0011,福岡オフィス,シフトA,月,管理
2025-11-10,EMP0178,営業1部,一般,08:13,16:13,480,0,0,,0.9,なし,なし,なし,1195,PJ0004,福岡オフィス,フレックス,月,サポート
2025-11-10,EMP0022,DX推進部,一般,09:16,17:16,480,0,0,,0.4,なし,あり,なし,1838,PJ0005,福岡オフィス,フレックス,月,営業活動
2025-11-10,EMP0069,DX推進部,課長,08:33,16:33,480,0,0,,0.3,なし,なし,なし,1630,PJ0019,リモート,シフトA,月,サポート
2025-11-10,EMP0028,情報システム部,課長,09:59,17:59,480,0,0,,0.4,あり,なし,なし,1369,PJ0019,本社,夜勤,月,管理
2025-04-03,EMP0107,製造2部,一般,09:58,17:36,480,38,0,,0.5,あり,あり,あり,1860,PJ0008,本社,シフトB,木,サポート
2025-04-03,EMP0003,経理部,係長,09:13,17:57,480,44,0,,0.8,なし,なし,なし,1160,PJ0001,工場,シフトA,木,会議
2025-04-03,EMP0058,製造1部,一般,08:18,16:45,480,27,0,,0.2,あり,あり,なし,1732,PJ0015,工場,通常,木,製造
2025-04-03,EMP0172,製造1部,一般,09:03,17:45,480,42,0,,0.5,あり,あり,なし,894,PJ0002,リモート,通常,木,開発
2025-04-03,EMP0012,製造2部,一般,09:40,17:40,480,0,0,,0.9,あり,なし,なし,1074,PJ0012,リモート,シフトB,木,開発
2025-04-03,EMP0002,製造1部,一般,09:14,17:32,480,18,0,,0.6,なし,なし,なし,987,PJ0026,名古屋オフィス,シフトA,木,事務
2025-04-03,EMP0153,人事部,係長,08:17,16:12,480,55,0,,0.7,あり,なし,なし,1721,PJ0007,福岡オフィス,シフトB,木,会議
2025-04-03,EMP0141,人事部,主任,,,0,0,0,代休,1.0,あり,あり,なし,1681,PJ0028,福岡オフィス,シフトB,木,製造
2025-04-03,EMP0034,DX推進部,主任,10:16,18:16,480,0,0,,0.3,なし,なし,なし,1424,PJ0016,福岡オフィス,シフトB,木,開発
2025-04-03,EMP0171,R&D部,課長,09:22,17:22,480,0,0,,0.1,あり,なし,なし,1869,PJ0029,工場,シフトA,木,事務
2025-04-03,EMP0016,製造2部,一般,10:13,18:38,480,25,0,,1.0,あり,あり,なし,1393,PJ0011,名古屋オフィス,シフトA,木,開発
2025-04-03,EMP0032,情報システム部,課長,09:01,17:20,480,19,0,,0.6,なし,あり,なし,1298,PJ0013,本社,シフトA,木,製造
2025-04-29,EMP0008,R&D部,係長,09:54,18:08,480,74,0,,0.2,なし,なし,なし,1360,PJ0006,工場,フレックス,火,開発
2025-04-29,EMP0006,情報システム部,主任,09:40,17:40,480,0,0,,0.3,なし,なし,あり,1821,PJ0010,本社,シフトA,火,製造
2025-04-29,EMP0040,マーケ部,一般,10:54,18:54,480,0,0,,0.5,あり,あり,なし,1637,PJ0014,名古屋オフィス,通常,火,管理
2025-04-29,EMP0177,製造1部,課長,09:35,17:35,480,0,0,,0.5,なし,なし,なし,1644,PJ0029,リモート,フレックス,火,サポート
2025-04-29,EMP0034,DX推進部,主任,09:04,17:04,480,0,0,,0.1,あり,なし,なし,1062,PJ0016,大阪オフィス,シフトA,火,製造
2025-04-29,EMP0103,マーケ部,一般,09:02,17:02,480,0,0,,0.7,なし,なし,なし,1349,PJ0024,リモート,シフトA,火,営業活動
2025-04-29,EMP0074,DX推進部,一般,10:37,18:37,480,0,0,,0.6,なし,あり,なし,1448,PJ0009,福岡オフィス,通常,火,営業活動
2025-04-29,EMP0085,総務部,一般,08:15,16:16,480,1,0,,0.3,あり,なし,なし,860,PJ0011,本社,夜勤,火,開発
2025-04-29,EMP0031,営業2部,一般,08:31,17:07,480,96,6,,0.1,なし,なし,なし,901,PJ0021,大阪オフィス,シフトA,火,開発
2025-04-29,EMP0139,経理部,一般,10:40,18:20,480,40,0,,1.0,なし,なし,なし,1798,PJ0004,リモート,夜勤,火,事務
2025-04-29,EMP0075,マーケ部,課長,09:55,17:32,480,37,0,,0.8,なし,なし,なし,1604,PJ0024,名古屋オフィス,フレックス,火,会議
2025-04-29,EMP0003,経理部,係長,08:16,16:01,480,45,0,,0.7,なし,なし,なし,1591,PJ0025,工場,フレックス,火,サポート
2026-03-05,EMP0036,製造2部,一般,09:33,18:39,480,66,0,,0.3,なし,あり,なし,1288,PJ0016,福岡オフィス,通常,木,管理
2026-03-05,EMP0123,マーケ部,主任,09:24,17:34,480,10,0,,0.9,なし,なし,なし,1257,PJ0021,リモート,通常,木,営業活動
2026-03-05,EMP0030,総務部,一般,10:27,18:51,480,24,0,,0.5,なし,あり,なし,842,PJ0027,名古屋オフィス,通常,木,開発
2026-03-05,EMP0029,情報システム部,一般,,,0,0,0,有給,0.6,なし,なし,なし,1507,PJ0015,リモート,通常,木,営業活動
2026-03-05,EMP0176,営業2部,係長,09:22,17:22,480,0,0,,0.4,あり,なし,なし,1230,PJ0003,工場,シフトB,木,営業活動
2026-03-05,EMP0091,製造1部,主任,09:34,17:03,480,29,0,,0.7,あり,なし,なし,1430,PJ0003,リモート,シフトA,木,営業活動
2026-03-05,EMP0169,経理部,課長,08:09,16:38,480,29,0,,0.3,あり,なし,なし,731,PJ0016,工場,フレックス,木,製造
2026-03-05,EMP0054,営業2部,係長,09:28,17:50,480,22,0,,0.1,なし,あり,なし,1857,PJ0010,名古屋オフィス,シフトA,木,事務
2026-03-05,EMP0095,総務部,一般,08:09,16:09,480,0,0,,0.9,なし,なし,なし,879,PJ0007,大阪オフィス,シフトB,木,会議
2026-03-05,EMP0017,経理部,一般,09:47,18:11,480,84,0,,0.3,あり,なし,なし,1082,PJ0005,本社,シフトA,木,会議
2026-03-05,EMP0018,営業2部,主任,08:39,16:58,480,19,0,,0.1,なし,なし,なし,1416,PJ0006,工場,シフトA,木,開発
2026-03-05,EMP0160,経理部,課長,08:14,16:01,480,47,0,,0.1,なし,なし,なし,707,PJ0003,大阪オフィス,シフトA,木,製造
2024-02-22,EMP0006,情報システム部,主任,09:55,17:07,480,12,0,,0.7,なし,なし,なし,961,PJ0003,本社,夜勤,木,管理
2024-02-22,EMP0135,営業1部,主任,09:38,17:38,480,0,0,,0.2,なし,なし,なし,1802,PJ0011,工場,夜勤,木,管理
2024-02-22,EMP0072,人事部,一般,10:13,18:13,480,0,0,,0.1,あり,なし,なし,1252,PJ0007,名古屋オフィス,シフトB,木,管理
2024-02-22,EMP0120,製造1部,部長,08:12,16:12,480,0,0,,0.2,あり,なし,なし,1320,PJ0023,リモート,フレックス,木,管理
2024-02-22,EMP0174,R&D部,一般,08:28,16:25,480,57,0,,0.6,なし,なし,なし,901,PJ0013,本社,フレックス,木,会議
2024-02-22,EMP0100,営業1部,主任,09:44,17:37,480,53,0,,0.4,なし,あり,なし,1586,PJ0007,本社,通常,木,管理
2024-02-22,EMP0014,営業1部,一般,09:51,17:14,480,23,0,,0.4,なし,なし,なし,1752,PJ0023,本社,シフトA,木,事務
2024-02-22,EMP0054,営業2部,係長,,,0,0,0,特別休暇,0.1,あり,あり,なし,1701,PJ0011,本社,通常,木,管理
2024-02-22,EMP0089,営業1部,課長,10:43,18:22,480,39,0,,0.1,なし,あり,なし,1256,PJ0026,名古屋オフィス,シフトB,木,サポート
2024-02-22,EMP0168,製造2部,主任,08:49,16:02,480,13,0,,0.7,あり,なし,なし,1548,PJ0016,名古屋オフィス,通常,木,製造
2024-02-22,EMP0013,製造2部,主任,08:27,16:27,480,0,0,,0.4,あり,なし,なし,1158,PJ0002,名古屋オフィス,通常,木,事務
2024-02-22,EMP0075,マーケ部,課長,09:14,17:47,480,33,0,,0.7,なし,あり,なし,1547,PJ0014,本社,フレックス,木,会議
2026-05-19,EMP0046,R&D部,一般,09:59,17:59,480,0,0,,0.7,あり,なし,なし,1706,PJ0025,工場,フレックス,火,製造
2026-05-19,EMP0047,R&D部,主任,09:44,17:44,480,0,0,,0.8,あり,あり,なし,1436,PJ0021,工場,シフトB,火,事務
2026-05-19,EMP0043,DX推進部,課長,10:26,18:24,480,58,0,,0.5,なし,あり,なし,1470,PJ0007,福岡オフィス,シフトA,火,営業活動
2026-05-19,EMP0105,R&D部,主任,09:19,17:19,480,0,0,,0.6,あり,なし,なし,761,PJ0016,本社,シフトA,火,管理
2026-05-19,EMP0169,経理部,課長,09:34,17:34,480,0,0,,0.6,あり,なし,なし,1284,PJ0010,大阪オフィス,フレックス,火,サポート
2026-05-19,EMP0070,製造1部,係長,10:02,18:22,480,20,0,,0.6,なし,あり,なし,852,PJ0027,福岡オフィス,フレックス,火,サポート
2026-05-19,EMP0121,製造1部,一般,08:42,16:42,480,0,0,,0.5,あり,あり,なし,1112,PJ0003,工場,フレックス,火,営業活動
2026-05-19,EMP0033,情報システム部,主任,,,0,0,0,特別休暇,0.4,なし,なし,なし,1016,PJ0016,工場,シフトB,火,事務
2026-05-19,EMP0171,R&D部,課長,08:02,16:02,480,0,0,,0.8,なし,あり,なし,1433,PJ0008,名古屋オフィス,フレックス,火,サポート
2026-05-19,EMP0057,DX推進部,主任,,,0,0,0,有給,0.1,なし,なし,なし,1282,PJ0018,福岡オフィス,通常,火,営業活動
2026-05-19,EMP0125,製造1部,一般,08:52,17:19,480,87,0,,1.0,なし,なし,なし,908,PJ0012,大阪オフィス,シフトB,火,営業活動
2026-05-19,EMP0110,総務部,課長,09:28,17:28,480,0,0,,0.8,なし,なし,なし,1827,PJ0006,福岡オフィス,シフトA,火,サポート
2025-10-03,EMP0118,製造2部,一般,09:14,18:14,480,60,0,,0.3,あり,なし,なし,856,PJ0023,本社,シフトB,金,管理
2025-10-03,EMP0019,人事部,課長,10:30,18:30,480,0,0,,0.3,なし,なし,なし,705,PJ0010,リモート,シフトA,金,事務
2025-10-03,EMP0100,営業1部,主任,10:47,18:23,480,36,0,,1.0,あり,なし,なし,1362,PJ0025,工場,シフトA,金,開発
2025-10-03,EMP0048,DX推進部,一般,09:30,17:49,480,19,0,,0.9,あり,なし,なし,1217,PJ0026,リモート,夜勤,金,開発
2025-10-03,EMP0174,R&D部,一般,09:58,18:08,480,70,0,,0.7,なし,なし,なし,1767,PJ0001,リモート,フレックス,金,開発
2025-10-03,EMP0053,R&D部,主任,09:42,17:32,480,50,0,,0.3,なし,なし,なし,1626,PJ0011,工場,シフトA,金,事務
2025-10-03,EMP0172,製造1部,一般,09:02,17:53,480,51,0,,1.0,あり,なし,なし,1326,PJ0004,福岡オフィス,通常,金,開発
2025-10-03,EMP0027,マーケ部,主任,10:05,18:24,480,19,0,,0.5,なし,あり,なし,1681,PJ0023,福岡オフィス,フレックス,金,事務
2025-10-03,EMP0011,営業2部,一般,10:20,18:20,480,0,0,,0.9,あり,なし,なし,818,PJ0020,福岡オフィス,シフトB,金,開発
2025-10-03,EMP0112,人事部,課長,08:23,16:22,480,59,0,,0.3,なし,あり,なし,1219,PJ0017,大阪オフィス,通常,金,営業活動
2025-10-03,EMP0083,R&D部,一般,10:03,18:03,480,0,0,,0.1,あり,あり,なし,889,PJ0017,リモート,シフトA,金,サポート
2025-10-03,EMP0044,人事部,一般,09:44,17:06,480,22,0,,0.6,なし,あり,あり,992,PJ0019,名古屋オフィス,フレックス,金,開発
2024-10-31,EMP0164,情報システム部,一般,09:27,17:27,480,0,0,,0.4,なし,あり,なし,703,PJ0029,本社,シフトB,木,事務
2024-10-31,EMP0159,人事部,主任,08:28,16:23,480,55,0,,0.0,あり,あり,なし,892,PJ0025,工場,通常,木,会議
2024-10-31,EMP0163,マーケ部,係長,08:16,16:23,480,7,0,,0.4,なし,あり,なし,1766,PJ0008,大阪オフィス,夜勤,木,事務
2024-10-31,EMP0184,人事部,課長,08:13,16:05,480,52,0,,0.2,なし,なし,なし,1444,PJ0020,リモート,シフトA,木,事務
2024-10-31,EMP0107,製造2部,一般,09:35,17:15,480,40,0,,0.9,あり,なし,なし,1405,PJ0009,本社,夜勤,木,営業活動
2024-10-31,EMP0040,マーケ部,一般,09:07,17:33,480,26,0,,0.2,あり,あり,なし,777,PJ0018,福岡オフィス,夜勤,木,開発
2024-10-31,EMP0075,マーケ部,課長,09:20,17:55,480,35,0,,0.8,なし,なし,なし,880,PJ0013,本社,夜勤,木,会議
2024-10-31,EMP0067,DX推進部,係長,10:56,19:29,480,93,0,,0.7,あり,なし,なし,904,PJ0015,本社,夜勤,木,サポート
2024-10-31,EMP0095,総務部,一般,09:10,18:18,480,68,0,,0.8,なし,あり,なし,1022,PJ0019,本社,シフトA,木,製造
2024-10-31,EMP0111,情報システム部,一般,10:33,18:36,480,3,0,,0.1,なし,なし,なし,1093,PJ0021,福岡オフィス,フレックス,木,事務
2024-10-31,EMP0032,情報システム部,課長,08:49,17:21,480,92,39,,0.5,なし,なし,なし,1682,PJ0028,福岡オフィス,シフトB,木,サポート
2024-10-31,EMP0045,マーケ部,係長,08:32,17:32,480,60,0,,0.2,なし,なし,なし,1802,PJ0012,工場,通常,木,製造
2025-04-28,EMP0030,総務部,一般,08:10,16:10,480,0,0,,0.1,なし,なし,なし,1153,PJ0008,リモート,夜勤,月,事務
2025-04-28,EMP0094,人事部,課長,09:26,17:26,480,0,0,,0.2,あり,なし,なし,770,PJ0019,工場,シフトA,月,事務
2025-04-28,EMP0112,人事部,課長,09:23,17:49,480,26,0,,0.5,なし,あり,なし,1583,PJ0024,工場,シフトA,月,会議
2025-04-28,EMP0019,人事部,課長,09:02,17:02,480,0,0,,0.2,なし,なし,なし,1535,PJ0019,工場,夜勤,月,管理
2025-04-28,EMP0162,情報システム部,一般,09:55,19:05,480,130,0,,0.8,なし,なし,なし,785,PJ0020,工場,夜勤,月,営業活動
2025-04-28,EMP0031,営業2部,一般,08:01,16:33,480,32,0,,0.4,なし,なし,なし,1581,PJ0023,リモート,夜勤,月,営業活動
2025-04-28,EMP0053,R&D部,主任,,,0,0,0,有給,0.3,なし,なし,なし,1149,PJ0028,大阪オフィス,夜勤,月,会議
2025-04-28,EMP0034,DX推進部,主任,08:34,16:47,480,13,0,,0.9,なし,なし,なし,1728,PJ0025,名古屋オフィス,夜勤,月,会議
2025-04-28,EMP0172,製造1部,一般,08:16,16:16,480,0,0,,0.3,なし,あり,なし,1549,PJ0027,大阪オフィス,シフトA,月,開発
2025-04-28,EMP0111,情報システム部,一般,09:03,17:03,480,0,0,,0.5,あり,なし,なし,996,PJ0022,工場,シフトA,月,開発
2025-04-28,EMP0175,営業2部,一般,08:35,16:42,480,7,0,,0.3,なし,なし,なし,1086,PJ0002,福岡オフィス,通常,月,会議
2025-04-28,EMP0106,人事部,一般,08:39,16:39,480,0,0,,0.3,なし,なし,なし,1001,PJ0015,リモート,夜勤,月,管理
2024-04-19,EMP0093,DX推進部,一般,09:07,17:26,480,19,0,,0.7,あり,あり,なし,951,PJ0001,名古屋オフィス,通常,金,サポート
2024-04-19,EMP0196,マーケ部,主任,08:17,16:24,480,7,0,,0.8,なし,あり,なし,1428,PJ0020,大阪オフィス,シフトB,金,管理
2024-04-19,EMP0176,営業2部,係長,08:06,16:06,480,0,0,,0.1,なし,あり,なし,826,PJ0002,名古屋オフィス,フレックス,金,管理
2024-04-19,EMP0191,人事部,一般,09:06,17:06,480,0,0,,0.0,なし,あり,なし,1375,PJ0022,本社,夜勤,金,事務
2024-04-19,EMP0188,DX推進部,一般,09:06,17:06,480,0,0,,0.9,なし,なし,なし,1606,PJ0022,大阪オフィス,シフトA,金,開発
2024-04-19,EMP0033,情報システム部,主任,09:43,17:05,480,22,0,,0.4,なし,あり,なし,1158,PJ0023,名古屋オフィス,シフトB,金,営業活動
2024-04-19,EMP0088,営業1部,係長,10:55,19:00,480,65,0,,0.0,なし,なし,なし,1376,PJ0008,名古屋オフィス,フレックス,金,製造
2024-04-19,EMP0133,経理部,主任,09:09,17:09,480,0,0,,0.9,なし,なし,なし,1321,PJ0024,本社,シフトA,金,管理
2024-04-19,EMP0083,R&D部,一般,08:31,17:37,480,66,0,,0.9,あり,なし,なし,1722,PJ0025,本社,シフトA,金,営業活動
2024-04-19,EMP0172,製造1部,一般,09:56,17:03,480,7,0,,0.3,なし,なし,なし,1405,PJ0010,リモート,夜勤,金,会議
2024-04-19,EMP0154,営業1部,一般,09:54,18:06,480,72,0,,0.6,なし,あり,なし,908,PJ0029,名古屋オフィス,シフトA,金,会議
2024-04-19,EMP0139,経理部,一般,09:56,17:01,480,5,0,,0.2,あり,なし,あり,893,PJ0022,名古屋オフィス,夜勤,金,営業活動
2026-03-04,EMP0034,DX推進部,主任,08:08,17:04,480,116,0,,0.0,なし,なし,なし,1028,PJ0005,リモート,夜勤,水,営業活動
2026-03-04,EMP0187,総務部,一般,09:57,17:11,480,14,0,,1.0,なし,なし,なし,946,PJ0002,工場,フレックス,水,サポート
2026-03-04,EMP0066,人事部,係長,09:30,17:46,480,16,0,,0.3,なし,なし,なし,1397,PJ0016,福岡オフィス,シフトB,水,製造
2026-03-04,EMP0174,R&D部,一般,08:27,17:35,480,68,0,,0.5,あり,なし,なし,784,PJ0016,リモート,フレックス,水,営業活動
2026-03-04,EMP0007,営業1部,一般,09:44,17:48,480,4,0,,0.3,あり,なし,なし,1677,PJ0022,リモート,シフトA,水,サポート
2026-03-04,EMP0144,営業2部,部長,09:15,17:42,480,27,0,,0.7,なし,あり,なし,1532,PJ0006,リモート,シフトB,水,事務
2026-03-04,EMP0152,製造2部,主任,08:28,16:59,480,31,0,,0.1,なし,なし,なし,1503,PJ0010,大阪オフィス,フレックス,水,管理
2026-03-04,EMP0061,マーケ部,主任,09:04,18:12,480,68,0,,0.3,あり,なし,なし,1347,PJ0027,工場,シフトA,水,管理
2026-03-04,EMP0098,マーケ部,一般,09:57,17:11,480,14,0,,0.7,なし,あり,なし,1534,PJ0020,大阪オフィス,シフトA,水,管理
2026-03-04,EMP0149,DX推進部,課長,09:55,17:55,480,0,0,,0.9,あり,なし,なし,849,PJ0011,名古屋オフィス,通常,水,開発
2026-03-04,EMP0104,営業2部,一般,09:32,17:32,480,0,0,,0.6,なし,あり,なし,820,PJ0023,リモート,シフトA,水,製造
2026-03-04,EMP0087,製造1部,一般,09:23,17:20,480,57,0,,0.9,あり,あり,なし,824,PJ0028,リモート,シフトB,水,営業活動
2024-08-13,EMP0056,情報システム部,一般,09:53,17:56,480,3,0,,0.3,あり,なし,なし,978,PJ0026,工場,フレックス,火,事務
2024-08-13,EMP0075,マーケ部,課長,09:40,17:40,480,0,0,,0.3,あり,あり,なし,863,PJ0002,本社,シフトB,火,製造
2024-08-13,EMP0067,DX推進部,係長,09:29,17:22,480,53,0,,0.1,なし,なし,なし,791,PJ0029,本社,フレックス,火,管理
2024-08-13,EMP0137,マーケ部,一般,08:11,16:11,480,0,0,,0.3,なし,あり,なし,1607,PJ0007,名古屋オフィス,シフトA,火,会議
2024-08-13,EMP0007,営業1部,一般,10:08,18:08,480,0,0,,0.9,なし,なし,なし,1136,PJ0026,名古屋オフィス,シフトA,火,管理
2024-08-13,EMP0048,DX推進部,一般,08:22,16:20,480,58,0,,0.3,なし,なし,なし,1394,PJ0028,大阪オフィス,通常,火,製造
2024-08-13,EMP0021,マーケ部,課長,,,0,0,0,代休,0.1,あり,あり,なし,1298,PJ0014,本社,シフトB,火,営業活動
2024-08-13,EMP0101,DX推進部,課長,09:56,17:56,480,0,0,,0.6,なし,あり,なし,1346,PJ0020,本社,シフトB,火,管理
2024-08-13,EMP0071,R&D部,係長,10:50,18:11,480,21,0,,0.3,あり,なし,なし,1522,PJ0026,本社,フレックス,火,事務
2024-08-13,EMP0065,情報システム部,課長,09:06,18:34,480,88,0,,0.6,なし,あり,なし,1103,PJ0020,大阪オフィス,通常,火,事務
2024-08-13,EMP0091,製造1部,主任,09:59,17:51,480,52,0,,0.7,なし,なし,なし,897,PJ0013,リモート,フレックス,火,管理
2024-08-13,EMP0095,総務部,一般,10:45,18:45,480,0,0,,0.3,なし,なし,なし,1110,PJ0026,福岡オフィス,通常,火,製造
2025-03-26,EMP0059,製造1部,係長,10:53,18:59,480,6,0,,0.3,なし,なし,なし,699,PJ0022,大阪オフィス,シフトA,水,会議
2025-03-26,EMP0084,マーケ部,一般,08:15,16:53,480,38,0,,0.1,あり,あり,なし,1762,PJ0020,大阪オフィス,シフトB,水,開発
2025-03-26,EMP0177,製造1部,課長,08:22,16:59,480,37,0,,0.3,なし,なし,なし,1025,PJ0017,本社,通常,水,会議
2025-03-26,EMP0109,情報システム部,主任,09:23,17:57,480,34,0,,0.7,なし,あり,なし,1284,PJ0005,本社,夜勤,水,製造
2025-03-26,EMP0022,DX推進部,一般,09:01,18:13,480,72,0,,0.8,なし,なし,なし,1393,PJ0005,リモート,通常,水,サポート
2025-03-26,EMP0063,人事部,主任,10:48,18:43,480,55,0,,0.4,なし,あり,なし,893,PJ0002,名古屋オフィス,夜勤,水,営業活動
2025-03-26,EMP0146,情報システム部,主任,,,0,0,0,有給,0.1,あり,なし,なし,1793,PJ0016,工場,シフトB,水,管理
2025-03-26,EMP0195,DX推進部,主任,10:36,18:55,480,19,0,,0.5,なし,あり,なし,933,PJ0010,工場,シフトB,水,会議
2025-03-26,EMP0111,情報システム部,一般,08:41,17:58,480,77,0,,0.7,あり,なし,なし,1014,PJ0022,工場,夜勤,水,サポート
2025-03-26,EMP0174,R&D部,一般,10:49,18:21,480,32,0,,0.3,あり,なし,なし,1250,PJ0018,工場,通常,水,管理
2025-03-26,EMP0042,マーケ部,主任,10:33,18:33,480,0,0,,0.2,なし,なし,なし,1046,PJ0004,工場,シフトA,水,製造
2025-03-26,EMP0070,製造1部,係長,09:54,17:19,480,25,0,,0.5,なし,なし,なし,1696,PJ0014,本社,通常,水,事務
2025-10-21,EMP0116,営業2部,一般,09:15,17:43,480,28,0,,0.6,なし,なし,なし,1298,PJ0025,大阪オフィス,通常,火,事務
2025-10-21,EMP0132,マーケ部,係長,08:30,16:46,480,16,0,,0.3,あり,なし,なし,1508,PJ0016,リモート,シフトB,火,サポート
2025-10-21,EMP0153,人事部,係長,09:39,18:33,480,114,19,,0.0,なし,なし,なし,1083,PJ0003,リモート,シフトB,火,製造
2025-10-21,EMP0190,営業1部,主任,,,0,0,0,傷病,0.1,なし,あり,なし,1392,PJ0026,大阪オフィス,フレックス,火,開発
2025-10-21,EMP0129,マーケ部,一般,10:37,18:37,480,0,0,,0.2,なし,あり,なし,904,PJ0016,リモート,通常,火,事務
2025-10-21,EMP0145,製造1部,部長,09:23,18:50,480,87,0,,0.4,なし,あり,なし,1104,PJ0021,福岡オフィス,シフトA,火,製造
2025-10-21,EMP0164,情報システム部,一般,08:29,16:47,480,18,0,,0.3,なし,あり,なし,947,PJ0013,名古屋オフィス,シフトB,火,サポート
2025-10-21,EMP0096,R&D部,課長,09:53,17:53,480,0,0,,0.3,なし,あり,なし,781,PJ0020,大阪オフィス,フレックス,火,製造
2025-10-21,EMP0061,マーケ部,主任,10:27,18:27,480,0,0,,0.7,なし,あり,なし,1568,PJ0027,リモート,通常,火,サポート
2025-10-21,EMP0118,製造2部,一般,08:52,16:52,480,0,0,,0.7,なし,あり,あり,1475,PJ0003,工場,シフトA,火,製造
2025-10-21,EMP0169,経理部,課長,09:07,17:39,480,32,0,,0.3,あり,あり,なし,1852,PJ0007,大阪オフィス,通常,火,製造
2025-10-21,EMP0140,DX推進部,課長,09:12,17:12,480,0,0,,0.6,なし,なし,なし,1059,PJ0020,大阪オフィス,シフトA,火,会議
2025-07-07,EMP0017,経理部,一般,08:09,16:25,480,16,0,,0.5,なし,なし,なし,989,PJ0017,リモート,シフトB,月,開発
2025-07-07,EMP0074,DX推進部,一般,10:12,18:12,480,0,0,,0.8,あり,なし,なし,1358,PJ0026,本社,フレックス,月,営業活動
2025-07-07,EMP0063,人事部,主任,09:31,17:31,480,0,0,,0.2,なし,なし,なし,946,PJ0016,名古屋オフィス,夜勤,月,開発
2025-07-07,EMP0055,経理部,主任,10:16,18:07,480,51,0,,0.6,なし,なし,なし,1285,PJ0011,大阪オフィス,通常,月,管理
2025-07-07,EMP0181,営業1部,一般,10:45,18:45,480,0,0,,0.6,なし,なし,なし,1559,PJ0014,福岡オフィス,シフトA,月,サポート
2025-07-07,EMP0187,総務部,一般,09:38,17:10,480,32,0,,0.5,あり,あり,なし,940,PJ0007,福岡オフィス,シフトA,月,開発
2025-07-07,EMP0125,製造1部,一般,09:38,17:38,480,0,0,,0.9,なし,なし,なし,790,PJ0022,リモート,シフトB,月,サポート
2025-07-07,EMP0115,R&D部,主任,08:35,16:31,480,56,0,,0.4,あり,なし,なし,1824,PJ0028,福岡オフィス,シフトA,月,会議
2025-07-07,EMP0140,DX推進部,課長,08:14,16:14,480,0,0,,0.6,あり,なし,あり,769,PJ0015,福岡オフィス,通常,月,事務
2025-07-07,EMP0081,営業2部,部長,09:00,18:17,480,77,0,,0.9,あり,なし,なし,1765,PJ0025,本社,夜勤,月,営業活動
2025-07-07,EMP0149,DX推進部,課長,,,0,0,0,有給,0.3,あり,なし,なし,1594,PJ0021,名古屋オフィス,シフトB,月,会議
2025-07-07,EMP0068,営業2部,一般,10:20,19:41,480,81,0,,0.4,なし,あり,なし,1776,PJ0029,工場,シフトB,月,サポート
2024-08-16,EMP0121,製造1部,一般,10:49,18:01,480,12,0,,0.4,なし,なし,なし,1150,PJ0023,福岡オフィス,通常,金,製造
2024-08-16,EMP0155,人事部,一般,09:03,17:15,480,12,0,,0.6,なし,あり,なし,1045,PJ0011,工場,フレックス,金,会議
2024-08-16,EMP0174,R&D部,一般,10:00,18:07,480,7,0,,0.7,あり,あり,なし,1268,PJ0028,工場,フレックス,金,製造
2024-08-16,EMP0023,営業1部,課長,08:22,17:25,480,63,0,,0.2,あり,なし,なし,1468,PJ0012,リモート,通常,金,製造
2024-08-16,EMP0191,人事部,一般,08:58,16:58,480,0,0,,0.8,なし,なし,なし,1669,PJ0003,本社,シフトB,金,会議
2024-08-16,EMP0057,DX推進部,主任,09:40,17:40,480,0,0,,0.6,あり,なし,なし,1238,PJ0008,本社,シフトA,金,サポート
2024-08-16,EMP0087,製造1部,一般,08:22,16:53,480,31,0,,0.2,なし,あり,なし,866,PJ0024,リモート,夜勤,金,開発
2024-08-16,EMP0079,経理部,主任,10:55,18:55,480,0,0,,0.6,なし,なし,なし,1604,PJ0022,福岡オフィス,夜勤,金,製造
2024-08-16,EMP0163,マーケ部,係長,08:52,16:37,480,45,0,,0.8,あり,なし,なし,1020,PJ0028,リモート,フレックス,金,会議
2024-08-16,EMP0013,製造2部,主任,09:19,17:54,480,35,0,,0.8,なし,あり,なし,1431,PJ0006,リモート,夜勤,金,製造
2024-08-16,EMP0045,マーケ部,係長,09:18,17:22,480,4,0,,0.7,あり,なし,なし,1242,PJ0023,リモート,シフトA,金,管理
2024-08-16,EMP0142,総務部,一般,09:31,17:49,480,18,0,,0.1,なし,あり,なし,1337,PJ0008,名古屋オフィス,通常,金,会議
2024-06-04,EMP0179,製造2部,一般,08:21,16:21,480,0,0,,0.7,なし,なし,なし,1763,PJ0004,福岡オフィス,夜勤,火,会議
2024-06-04,EMP0110,総務部,課長,09:33,17:33,480,0,0,,0.1,あり,なし,なし,774,PJ0025,工場,通常,火,営業活動
2024-06-04,EMP0046,R&D部,一般,10:43,18:53,480,10,0,,0.9,なし,あり,なし,1191,PJ0020,リモート,夜勤,火,管理
2024-06-04,EMP0065,情報システム部,課長,09:41,17:56,480,15,0,,0.3,あり,なし,あり,1275,PJ0009,リモート,シフトB,火,開発
2024-06-04,EMP0062,R&D部,課長,09:14,19:31,480,137,20,,0.7,あり,あり,なし,572,PJ0005,本社,シフトA,火,会議
2024-06-04,EMP0055,経理部,主任,08:45,17:00,480,75,0,,1.0,なし,なし,なし,1105,PJ0013,リモート,フレックス,火,製造
2024-06-04,EMP0102,経理部,一般,08:29,16:29,480,0,0,,0.8,なし,あり,なし,1606,PJ0024,名古屋オフィス,シフトA,火,事務
2024-06-04,EMP0144,営業2部,部長,10:10,18:10,480,0,0,,1.0,あり,あり,なし,850,PJ0007,大阪オフィス,通常,火,営業活動
2024-06-04,EMP0012,製造2部,一般,08:53,16:53,480,0,0,,0.1,なし,なし,なし,969,PJ0001,リモート,フレックス,火,開発
2024-06-04,EMP0190,営業1部,主任,09:27,17:39,480,12,0,,0.9,あり,あり,なし,1711,PJ0009,リモート,夜勤,火,事務
2024-06-04,EMP0064,営業2部,課長,08:49,16:49,480,0,0,,0.2,なし,なし,なし,744,PJ0008,リモート,フレックス,火,営業活動
2024-06-04,EMP0168,製造2部,主任,10:20,18:29,480,9,0,,0.2,なし,あり,なし,1757,PJ0009,リモート,シフトA,火,開発
2026-01-29,EMP0174,R&D部,一般,09:38,17:18,480,40,0,,0.3,なし,なし,なし,1421,PJ0024,本社,シフトB,木,会議
2026-01-29,EMP0067,DX推進部,係長,08:20,16:09,480,49,0,,0.8,なし,あり,なし,1307,PJ0006,工場,シフトA,木,事務
2026-01-29,EMP0093,DX推進部,一般,09:05,17:05,480,0,0,,0.7,なし,あり,なし,1223,PJ0014,リモート,シフトB,木,管理
2026-01-29,EMP0157,製造1部,主任,08:48,16:48,480,0,0,,1.0,あり,あり,なし,1283,PJ0003,本社,シフトB,木,サポート
2026-01-29,EMP0177,製造1部,課長,,,0,0,0,有給,0.5,あり,なし,なし,799,PJ0006,リモート,シフトA,木,管理
2026-01-29,EMP0001,経理部,主任,10:14,18:43,480,29,0,,0.1,なし,あり,なし,1159,PJ0025,本社,夜勤,木,会議
2026-01-29,EMP0026,経理部,一般,09:45,17:13,480,28,0,,0.7,あり,なし,なし,1629,PJ0023,大阪オフィス,夜勤,木,製造
2026-01-29,EMP0088,営業1部,係長,10:59,18:45,480,46,0,,0.8,なし,なし,なし,1378,PJ0029,福岡オフィス,フレックス,木,営業活動
2026-01-29,EMP0012,製造2部,一般,08:18,16:18,480,0,0,,0.5,なし,なし,なし,1488,PJ0023,工場,シフトB,木,事務
2026-01-29,EMP0165,マーケ部,主任,09:08,17:34,480,26,0,,0.8,あり,あり,なし,916,PJ0029,本社,シフトA,木,サポート
2026-01-29,EMP0065,情報システム部,課長,,,0,0,0,有給,0.9,なし,なし,なし,940,PJ0007,工場,シフトB,木,営業活動
2026-01-29,EMP0075,マーケ部,課長,08:27,17:49,480,82,0,,0.2,あり,なし,なし,1541,PJ0008,大阪オフィス,シフトB,木,事務
2025-11-12,EMP0139,経理部,一般,09:37,17:37,480,0,0,,0.1,なし,あり,なし,1097,PJ0026,大阪オフィス,通常,水,開発
2025-11-12,EMP0086,R&D部,一般,09:25,18:31,480,66,0,,0.6,あり,なし,なし,1610,PJ0013,本社,フレックス,水,サポート
2025-11-12,EMP0094,人事部,課長,10:52,19:01,480,69,0,,0.1,なし,なし,なし,1496,PJ0012,大阪オフィス,フレックス,水,事務
2025-11-12,EMP0079,経理部,主任,08:33,16:11,480,38,0,,0.7,なし,あり,なし,1134,PJ0006,名古屋オフィス,シフトA,水,事務
2025-11-12,EMP0007,営業1部,一般,09:48,17:39,480,51,0,,1.0,あり,なし,なし,1058,PJ0020,工場,シフトA,水,管理
2025-11-12,EMP0081,営業2部,部長,10:08,18:55,480,47,0,,0.8,なし,なし,なし,995,PJ0028,福岡オフィス,フレックス,水,製造
2025-11-12,EMP0032,情報システム部,課長,09:05,17:56,480,51,0,,0.4,あり,あり,なし,1006,PJ0010,大阪オフィス,シフトA,水,営業活動
2025-11-12,EMP0063,人事部,主任,,,0,0,0,慶弔,0.2,あり,あり,なし,1814,PJ0022,大阪オフィス,フレックス,水,サポート
2025-11-12,EMP0127,情報システム部,課長,10:03,18:03,480,0,0,,0.5,あり,なし,なし,1406,PJ0017,工場,通常,水,会議
2025-11-12,EMP0092,人事部,一般,09:10,17:05,480,55,0,,0.3,あり,なし,なし,1788,PJ0027,リモート,通常,水,営業活動
2025-11-12,EMP0132,マーケ部,係長,,,0,0,0,有給,0.1,なし,なし,なし,1014,PJ0008,名古屋オフィス,フレックス,水,開発
2025-11-12,EMP0101,DX推進部,課長,10:43,18:57,480,14,0,,0.5,なし,なし,なし,1506,PJ0024,名古屋オフィス,シフトA,水,サポート
2026-04-29,EMP0043,DX推進部,課長,09:16,18:45,480,89,0,,0.9,なし,あり,なし,615,PJ0021,福岡オフィス,通常,水,営業活動
2026-04-29,EMP0009,営業2部,一般,10:55,18:16,480,21,0,,0.6,なし,なし,なし,1390,PJ0004,本社,シフトB,水,管理
2026-04-29,EMP0005,経理部,係長,08:29,16:56,480,27,0,,0.0,あり,なし,なし,786,PJ0024,名古屋オフィス,フレックス,水,事務
2026-04-29,EMP0135,営業1部,主任,09:39,18:09,480,90,0,,0.4,あり,あり,なし,1743,PJ0024,工場,フレックス,水,営業活動
2026-04-29,EMP0087,製造1部,一般,09:32,17:32,480,0,0,,0.3,あり,なし,なし,1527,PJ0023,本社,シフトA,水,製造
2026-04-29,EMP0079,経理部,主任,09:27,17:27,480,0,0,,1.0,なし,なし,なし,1279,PJ0023,福岡オフィス,フレックス,水,営業活動
2026-04-29,EMP0198,製造1部,主任,08:24,16:24,480,0,0,,0.5,なし,なし,なし,1167,PJ0007,工場,シフトB,水,会議
2026-04-29,EMP0055,経理部,主任,09:52,18:41,480,109,0,,0.3,なし,あり,なし,1351,PJ0029,名古屋オフィス,シフトA,水,事務
2026-04-29,EMP0166,営業2部,主任,,,0,0,0,有給,0.9,あり,なし,なし,1154,PJ0001,リモート,フレックス,水,会議
2026-04-29,EMP0158,人事部,課長,,,0,0,0,傷病,0.8,なし,あり,あり,847,PJ0011,名古屋オフィス,通常,水,製造
2026-04-29,EMP0072,人事部,一般,,,0,0,0,有給,0.4,なし,なし,なし,917,PJ0009,リモート,シフトB,水,製造
2026-04-29,EMP0108,R&D部,一般,09:25,18:43,480,78,0,,0.6,あり,なし,なし,1530,PJ0002,大阪オフィス,シフトA,水,営業活動
2024-10-17,EMP0195,DX推進部,主任,08:41,16:41,480,0,0,,0.7,なし,あり,なし,1260,PJ0019,本社,フレックス,木,製造
2024-10-17,EMP0127,情報システム部,課長,09:52,17:58,480,6,0,,0.1,なし,あり,なし,1505,PJ0008,リモート,通常,木,サポート
2024-10-17,EMP0158,人事部,課長,09:27,17:51,480,24,0,,0.9,なし,なし,なし,1037,PJ0027,リモート,シフトA,木,管理
2024-10-17,EMP0025,総務部,一般,09:11,18:57,480,106,3,,0.9,なし,あり,あり,611,PJ0023,リモート,シフトB,木,営業活動
2024-10-17,EMP0193,DX推進部,係長,08:48,16:48,480,0,0,,0.8,あり,なし,なし,918,PJ0011,名古屋オフィス,シフトA,木,会議
2024-10-17,EMP0006,情報システム部,主任,09:34,17:44,480,10,0,,0.0,あり,なし,なし,1836,PJ0023,大阪オフィス,通常,木,製造
2024-10-17,EMP0190,営業1部,主任,09:51,17:51,480,0,0,,0.0,なし,なし,なし,748,PJ0006,リモート,夜勤,木,営業活動
2024-10-17,EMP0165,マーケ部,主任,09:06,17:15,480,9,0,,0.2,なし,なし,なし,1367,PJ0007,工場,通常,木,開発
2024-10-17,EMP0161,R&D部,部長,09:23,17:37,480,14,0,,0.9,あり,なし,なし,1558,PJ0022,本社,シフトA,木,営業活動
2024-10-17,EMP0072,人事部,一般,08:23,18:41,480,138,33,,0.7,なし,なし,なし,964,PJ0002,工場,シフトA,木,製造
2024-10-17,EMP0021,マーケ部,課長,,,0,0,0,傷病,0.9,あり,あり,なし,1868,PJ0015,名古屋オフィス,シフトB,木,製造
2024-10-17,EMP0175,営業2部,一般,09:58,17:58,480,0,0,,0.3,なし,なし,なし,1664,PJ0003,工場,通常,木,管理
2025-02-27,EMP0191,人事部,一般,09:25,17:03,480,38,0,,0.4,なし,なし,なし,1041,PJ0025,福岡オフィス,フレックス,木,開発
2025-02-27,EMP0013,製造2部,主任,10:52,18:55,480,3,0,,0.4,あり,なし,なし,1366,PJ0016,名古屋オフィス,シフトA,木,事務
2025-02-27,EMP0133,経理部,主任,08:48,16:24,480,36,0,,0.3,なし,あり,なし,1439,PJ0014,大阪オフィス,フレックス,木,事務
2025-02-27,EMP0032,情報システム部,課長,09:28,17:11,480,43,0,,0.3,なし,あり,なし,1051,PJ0019,大阪オフィス,フレックス,木,開発
2025-02-27,EMP0068,営業2部,一般,09:53,17:22,480,29,0,,0.6,なし,なし,なし,896,PJ0015,福岡オフィス,通常,木,管理
2025-02-27,EMP0139,経理部,一般,08:01,16:36,480,35,0,,0.6,なし,なし,なし,1545,PJ0020,本社,シフトA,木,サポート
2025-02-27,EMP0163,マーケ部,係長,09:49,17:25,480,36,0,,0.5,なし,なし,なし,1740,PJ0024,リモート,シフトB,木,サポート
2025-02-27,EMP0135,営業1部,主任,08:22,16:14,480,52,0,,0.7,あり,なし,なし,1014,PJ0003,本社,夜勤,木,会議
2025-02-27,EMP0089,営業1部,課長,09:57,17:57,480,0,0,,0.8,あり,なし,なし,903,PJ0012,工場,通常,木,サポート
2025-02-27,EMP0149,DX推進部,課長,08:31,16:22,480,51,0,,1.0,あり,なし,なし,839,PJ0016,工場,通常,木,製造
2025-02-27,EMP0131,営業2部,一般,10:15,18:37,480,22,0,,0.2,なし,あり,なし,803,PJ0004,リモート,シフトB,木,管理
2025-02-27,EMP0073,DX推進部,一般,09:05,17:05,480,0,0,,0.9,あり,あり,なし,863,PJ0015,福岡オフィス,シフトB,木,管理
2025-10-22,EMP0019,人事部,課長,08:37,16:37,480,0,0,,0.8,なし,あり,なし,1479,PJ0025,工場,フレックス,水,開発
2025-10-22,EMP0063,人事部,主任,09:47,17:29,480,42,0,,0.1,あり,あり,なし,1472,PJ0014,福岡オフィス,通常,水,管理
2025-10-22,EMP0093,DX推進部,一般,10:27,19:57,480,90,0,,0.7,あり,なし,なし,803,PJ0025,大阪オフィス,フレックス,水,会議
2025-10-22,EMP0046,R&D部,一般,08:35,17:43,480,68,0,,0.3,あり,なし,なし,1261,PJ0001,大阪オフィス,フレックス,水,製造
2025-10-22,EMP0085,総務部,一般,08:21,16:36,480,15,0,,0.2,あり,なし,あり,1074,PJ0019,大阪オフィス,夜勤,水,営業活動
2025-10-22,EMP0131,営業2部,一般,09:01,17:01,480,0,0,,0.8,あり,あり,なし,1275,PJ0012,名古屋オフィス,シフトA,水,製造
2025-10-22,EMP0165,マーケ部,主任,08:36,16:36,480,0,0,,0.0,なし,なし,なし,1851,PJ0019,リモート,シフトB,水,事務
2025-10-22,EMP0174,R&D部,一般,09:30,17:30,480,0,0,,0.3,あり,なし,なし,1146,PJ0018,リモート,シフトA,水,開発
2025-10-22,EMP0051,DX推進部,一般,,,0,0,0,慶弔,0.5,あり,なし,なし,1600,PJ0018,本社,シフトB,水,開発
2025-10-22,EMP0187,総務部,一般,09:04,17:56,480,52,0,,0.4,なし,なし,なし,1696,PJ0017,リモート,夜勤,水,会議
2025-10-22,EMP0056,情報システム部,一般,09:42,17:38,480,56,0,,0.2,なし,なし,なし,1750,PJ0025,工場,通常,水,営業活動
2025-10-22,EMP0058,製造1部,一般,10:29,18:25,480,56,0,,0.4,なし,なし,なし,686,PJ0005,名古屋オフィス,シフトA,水,製造
2026-01-21,EMP0073,DX推進部,一般,09:24,17:24,480,0,0,,0.0,なし,あり,なし,1231,PJ0014,本社,フレックス,水,事務
2026-01-21,EMP0191,人事部,一般,10:14,18:23,480,9,0,,0.1,あり,なし,なし,1474,PJ0020,本社,シフトB,水,会議
2026-01-21,EMP0103,マーケ部,一般,09:46,18:21,480,95,3,,0.5,なし,なし,なし,1538,PJ0026,大阪オフィス,フレックス,水,営業活動
2026-01-21,EMP0124,経理部,課長,10:17,18:01,480,44,0,,0.6,なし,なし,なし,961,PJ0022,リモート,通常,水,管理
2026-01-21,EMP0024,R&D部,一般,10:19,20:32,480,133,11,,0.4,なし,なし,なし,774,PJ0003,大阪オフィス,シフトB,水,営業活動
2026-01-21,EMP0057,DX推進部,主任,09:42,17:42,480,0,0,,0.6,なし,あり,なし,1429,PJ0003,名古屋オフィス,フレックス,水,開発
2026-01-21,EMP0060,製造1部,課長,08:31,16:31,480,0,0,,0.0,なし,なし,なし,1361,PJ0007,名古屋オフィス,シフトA,水,製造
2026-01-21,EMP0087,製造1部,一般,09:21,17:21,480,0,0,,0.2,あり,なし,なし,1330,PJ0001,福岡オフィス,シフトA,水,サポート
2026-01-21,EMP0059,製造1部,係長,08:49,17:18,480,89,0,,0.6,なし,なし,なし,1181,PJ0024,本社,通常,水,サポート
2026-01-21,EMP0118,製造2部,一般,09:13,17:50,480,37,0,,0.3,なし,あり,なし,1258,PJ0012,リモート,シフトB,水,営業活動
2026-01-21,EMP0125,製造1部,一般,09:27,17:27,480,0,0,,1.0,なし,なし,なし,857,PJ0014,大阪オフィス,シフトB,水,事務
2026-01-21,EMP0137,マーケ部,一般,08:30,16:30,480,0,0,,0.6,あり,なし,なし,976,PJ0025,福岡オフィス,シフトA,水,事務
2024-04-04,EMP0042,マーケ部,主任,,,0,0,0,有給,0.1,なし,なし,なし,1608,PJ0012,工場,シフトB,木,開発
2024-04-04,EMP0054,営業2部,係長,09:35,17:37,480,2,0,,0.7,なし,なし,なし,703,PJ0010,リモート,シフトB,木,営業活動
2024-04-04,EMP0014,営業1部,一般,10:37,19:44,480,67,0,,0.0,あり,なし,なし,1109,PJ0004,福岡オフィス,シフトA,木,製造
2024-04-04,EMP0183,R&D部,一般,08:20,16:10,480,50,0,,0.9,あり,なし,なし,1592,PJ0018,大阪オフィス,夜勤,木,開発
2024-04-04,EMP0187,総務部,一般,08:52,16:25,480,33,0,,0.7,なし,なし,なし,1695,PJ0006,名古屋オフィス,シフトB,木,営業活動
2024-04-04,EMP0001,経理部,主任,08:10,16:10,480,0,0,,0.2,あり,なし,なし,1878,PJ0026,名古屋オフィス,シフトA,木,事務
2024-04-04,EMP0009,営業2部,一般,09:52,18:23,480,91,32,,0.4,なし,なし,あり,626,PJ0015,福岡オフィス,フレックス,木,会議
2024-04-04,EMP0185,営業2部,主任,08:23,16:23,480,0,0,,0.2,あり,なし,なし,1391,PJ0029,工場,シフトB,木,開発
2024-04-04,EMP0138,DX推進部,主任,09:03,17:24,480,21,0,,0.5,なし,なし,なし,710,PJ0028,名古屋オフィス,通常,木,事務
2024-04-04,EMP0006,情報システム部,主任,10:44,18:11,480,27,0,,0.2,なし,あり,なし,1136,PJ0015,本社,通常,木,製造
2024-04-04,EMP0106,人事部,一般,09:40,18:08,480,88,0,,0.8,あり,あり,なし,1773,PJ0028,リモート,フレックス,木,営業活動
2024-04-04,EMP0090,DX推進部,主任,09:19,17:19,480,0,0,,0.5,なし,なし,なし,722,PJ0011,大阪オフィス,夜勤,木,会議
2025-06-02,EMP0058,製造1部,一般,09:11,17:35,480,24,0,,0.4,なし,なし,なし,1031,PJ0009,福岡オフィス,シフトA,月,事務
2025-06-02,EMP0154,営業1部,一般,09:52,17:52,480,0,0,,0.5,あり,あり,なし,956,PJ0013,工場,フレックス,月,製造
2025-06-02,EMP0132,マーケ部,係長,08:15,16:44,480,29,0,,0.6,なし,なし,なし,1793,PJ0006,福岡オフィス,シフトA,月,サポート
2025-06-02,EMP0057,DX推進部,主任,09:36,17:24,480,48,0,,0.8,なし,なし,なし,1517,PJ0008,大阪オフィス,通常,月,サポート
2025-06-02,EMP0144,営業2部,部長,,,0,0,0,有給,0.8,なし,なし,なし,861,PJ0011,リモート,フレックス,月,管理
2025-06-02,EMP0120,製造1部,部長,,,0,0,0,有給,0.1,なし,なし,なし,803,PJ0008,福岡オフィス,フレックス,月,会議
2025-06-02,EMP0164,情報システム部,一般,10:46,18:46,480,0,0,,0.1,なし,なし,なし,834,PJ0011,工場,シフトA,月,製造
2025-06-02,EMP0130,総務部,係長,09:51,18:04,480,73,0,,0.8,あり,なし,なし,1823,PJ0014,大阪オフィス,通常,月,サポート
2025-06-02,EMP0147,R&D部,係長,,,0,0,0,有給,0.0,あり,なし,なし,1082,PJ0027,本社,通常,月,会議
2025-06-02,EMP0051,DX推進部,一般,08:23,16:04,480,41,0,,0.3,なし,なし,なし,1229,PJ0028,リモート,シフトA,月,事務
2025-06-02,EMP0174,R&D部,一般,08:08,16:08,480,0,0,,0.5,あり,なし,なし,1360,PJ0023,リモート,フレックス,月,管理
2025-06-02,EMP0073,DX推進部,一般,08:18,16:38,480,20,0,,0.6,あり,あり,なし,1079,PJ0011,本社,通常,月,営業活動
2024-11-12,EMP0085,総務部,一般,08:56,16:39,480,43,0,,0.8,なし,あり,なし,936,PJ0007,名古屋オフィス,シフトB,火,管理
2024-11-12,EMP0123,マーケ部,主任,08:10,17:28,480,78,0,,0.8,なし,なし,なし,1325,PJ0020,本社,夜勤,火,会議
2024-11-12,EMP0031,営業2部,一般,09:08,17:27,480,19,0,,0.9,なし,あり,なし,1862,PJ0005,リモート,夜勤,火,会議
2024-11-12,EMP0036,製造2部,一般,09:22,17:08,480,46,0,,0.4,なし,あり,なし,764,PJ0021,名古屋オフィス,フレックス,火,事務
2024-11-12,EMP0042,マーケ部,主任,09:22,17:22,480,0,0,,0.7,なし,なし,なし,908,PJ0023,工場,フレックス,火,開発
2024-11-12,EMP0066,人事部,係長,09:01,17:45,480,44,0,,0.9,なし,なし,なし,1728,PJ0027,福岡オフィス,フレックス,火,会議
2024-11-12,EMP0120,製造1部,部長,09:46,17:28,480,42,0,,0.1,なし,なし,なし,1348,PJ0001,本社,フレックス,火,サポート
2024-11-12,EMP0100,営業1部,主任,09:07,17:07,480,0,0,,0.4,あり,なし,なし,719,PJ0002,工場,フレックス,火,営業活動
2024-11-12,EMP0090,DX推進部,主任,10:43,19:47,480,64,0,,0.0,なし,なし,なし,1435,PJ0020,名古屋オフィス,シフトB,火,営業活動
2024-11-12,EMP0048,DX推進部,一般,08:40,16:59,480,19,0,,1.0,なし,あり,なし,1223,PJ0014,名古屋オフィス,フレックス,火,営業活動
2024-11-12,EMP0145,製造1部,部長,09:51,17:54,480,3,0,,0.9,なし,なし,なし,1597,PJ0029,リモート,シフトB,火,事務
2024-11-12,EMP0122,営業1部,一般,,,0,0,0,傷病,0.6,あり,なし,なし,941,PJ0017,リモート,シフトA,火,開発
2024-11-21,EMP0076,製造1部,係長,08:41,16:41,480,0,0,,0.4,なし,なし,なし,1615,PJ0010,本社,シフトA,木,開発
2024-11-21,EMP0122,営業1部,一般,09:50,17:50,480,0,0,,0.4,なし,あり,なし,1360,PJ0003,名古屋オフィス,シフトA,木,製造
2024-11-21,EMP0061,マーケ部,主任,09:40,17:40,480,0,0,,0.6,あり,あり,なし,1158,PJ0021,工場,シフトB,木,営業活動
2024-11-21,EMP0058,製造1部,一般,08:23,16:38,480,15,0,,0.3,あり,なし,なし,1640,PJ0022,名古屋オフィス,夜勤,木,会議
2024-11-21,EMP0137,マーケ部,一般,08:53,16:53,480,0,0,,0.6,なし,あり,なし,1801,PJ0009,本社,フレックス,木,開発
2024-11-21,EMP0143,営業1部,一般,09:48,17:48,480,0,0,,0.6,なし,なし,なし,1331,PJ0003,大阪オフィス,夜勤,木,営業活動
2024-11-21,EMP0114,DX推進部,一般,08:25,16:25,480,0,0,,0.8,なし,なし,なし,1470,PJ0010,大阪オフィス,夜勤,木,製造
2024-11-21,EMP0067,DX推進部,係長,09:03,17:39,480,36,0,,0.3,あり,なし,なし,989,PJ0015,名古屋オフィス,フレックス,木,開発
2024-11-21,EMP0029,情報システム部,一般,08:40,16:16,480,36,0,,0.3,なし,あり,なし,1128,PJ0009,工場,フレックス,木,製造
2024-11-21,EMP0119,製造2部,一般,09:21,18:00,480,99,55,,0.1,あり,あり,なし,1175,PJ0001,福岡オフィス,シフトA,木,開発
2024-11-21,EMP0149,DX推進部,課長,09:45,17:12,480,27,0,,0.2,あり,なし,なし,1153,PJ0014,本社,フレックス,木,事務
2024-11-21,EMP0111,情報システム部,一般,09:11,17:16,480,5,0,,0.5,なし,なし,なし,1226,PJ0028,工場,フレックス,木,管理
2025-10-08,EMP0012,製造2部,一般,09:01,17:42,480,41,0,,0.9,なし,なし,なし,1131,PJ0013,大阪オフィス,フレックス,水,事務
2025-10-08,EMP0072,人事部,一般,09:35,17:35,480,0,0,,0.3,なし,なし,なし,1149,PJ0005,工場,シフトB,水,管理
2025-10-08,EMP0107,製造2部,一般,08:49,17:57,480,68,0,,0.6,あり,なし,なし,1776,PJ0015,福岡オフィス,シフトB,水,管理
2025-10-08,EMP0130,総務部,係長,08:13,16:13,480,0,0,,0.0,なし,なし,なし,1079,PJ0008,リモート,通常,水,サポート
2025-10-08,EMP0133,経理部,主任,10:39,18:39,480,0,0,,0.5,あり,なし,なし,1652,PJ0016,本社,フレックス,水,製造
2025-10-08,EMP0100,営業1部,主任,10:18,18:25,480,7,0,,0.9,なし,なし,なし,910,PJ0016,福岡オフィス,通常,水,管理
2025-10-08,EMP0078,経理部,課長,09:26,17:26,480,0,0,,0.9,あり,なし,なし,1346,PJ0023,福岡オフィス,通常,水,サポート
2025-10-08,EMP0018,営業2部,主任,,,0,0,0,慶弔,0.9,あり,あり,なし,765,PJ0029,名古屋オフィス,通常,水,製造
2025-10-08,EMP0124,経理部,課長,10:23,18:23,480,0,0,,0.9,なし,あり,なし,1332,PJ0029,名古屋オフィス,フレックス,水,事務
2025-10-08,EMP0086,R&D部,一般,09:30,17:30,480,0,0,,0.9,あり,なし,なし,1256,PJ0021,大阪オフィス,夜勤,水,製造
2025-10-08,EMP0076,製造1部,係長,09:06,17:28,480,22,0,,0.3,なし,あり,なし,804,PJ0004,本社,シフトB,水,サポート
2025-10-08,EMP0031,営業2部,一般,10:17,18:17,480,0,0,,0.1,なし,あり,なし,1300,PJ0001,リモート,夜勤,水,製造
2024-11-25,EMP0055,経理部,主任,09:02,17:16,480,14,0,,0.1,なし,あり,なし,1538,PJ0003,工場,シフトA,月,営業活動
2024-11-25,EMP0086,R&D部,一般,09:13,17:37,480,24,0,,1.0,あり,あり,なし,1707,PJ0017,名古屋オフィス,夜勤,月,管理
2024-11-25,EMP0125,製造1部,一般,08:28,16:44,480,16,0,,0.7,あり,なし,なし,787,PJ0020,福岡オフィス,夜勤,月,営業活動
2024-11-25,EMP0061,マーケ部,主任,08:00,16:51,480,51,0,,0.8,あり,あり,なし,1836,PJ0018,工場,夜勤,月,管理
2024-11-25,EMP0101,DX推進部,課長,10:20,18:20,480,0,0,,0.8,あり,あり,なし,1693,PJ0001,工場,シフトB,月,事務
2024-11-25,EMP0157,製造1部,主任,08:17,16:17,480,0,0,,0.4,なし,なし,なし,1840,PJ0009,工場,通常,月,管理
2024-11-25,EMP0050,マーケ部,部長,10:27,18:58,480,31,0,,0.5,なし,なし,なし,1710,PJ0025,大阪オフィス,シフトA,月,管理
2024-11-25,EMP0022,DX推進部,一般,08:53,16:31,480,38,0,,0.5,あり,あり,なし,1259,PJ0020,リモート,シフトA,月,会議
2024-11-25,EMP0186,製造2部,一般,10:55,19:01,480,66,0,,0.6,なし,なし,なし,1710,PJ0003,福岡オフィス,夜勤,月,製造
2024-11-25,EMP0068,営業2部,一般,08:15,17:01,480,106,6,,0.5,あり,あり,なし,1181,PJ0002,工場,通常,月,事務
2024-11-25,EMP0184,人事部,課長,09:37,17:08,480,31,0,,0.7,あり,なし,なし,1450,PJ0026,福岡オフィス,通常,月,製造
2024-11-25,EMP0020,製造2部,係長,09:59,17:59,480,0,0,,0.6,なし,なし,なし,1023,PJ0011,福岡オフィス,シフトA,月,開発
2024-04-30,EMP0192,マーケ部,課長,,,0,0,0,慶弔,0.6,なし,あり,なし,1055,PJ0001,大阪オフィス,フレックス,火,管理
2024-04-30,EMP0183,R&D部,一般,08:52,16:52,480,0,0,,0.9,なし,なし,なし,1088,PJ0028,名古屋オフィス,シフトB,火,会議
2024-04-30,EMP0042,マーケ部,主任,09:00,17:57,480,57,0,,0.7,なし,あり,なし,1530,PJ0009,本社,シフトB,火,開発
2024-04-30,EMP0075,マーケ部,課長,09:18,17:49,480,31,0,,0.7,あり,なし,なし,1711,PJ0024,名古屋オフィス,シフトA,火,製造
2024-04-30,EMP0082,営業2部,一般,09:29,17:46,480,17,0,,0.1,なし,あり,なし,875,PJ0016,リモート,夜勤,火,サポート
2024-04-30,EMP0037,人事部,部長,09:10,17:29,480,19,0,,0.0,なし,なし,なし,949,PJ0012,名古屋オフィス,通常,火,事務
2024-04-30,EMP0145,製造1部,部長,09:58,17:58,480,0,0,,0.7,あり,なし,なし,1033,PJ0017,福岡オフィス,シフトA,火,管理
2024-04-30,EMP0005,経理部,係長,09:46,17:34,480,48,0,,0.5,なし,なし,なし,1843,PJ0010,大阪オフィス,夜勤,火,管理
2024-04-30,EMP0088,営業1部,係長,08:58,16:15,480,17,0,,0.7,あり,なし,なし,1466,PJ0014,大阪オフィス,夜勤,火,会議
2024-04-30,EMP0104,営業2部,一般,09:27,17:27,480,0,0,,0.5,あり,なし,なし,750,PJ0016,大阪オフィス,フレックス,火,管理
2024-04-30,EMP0015,情報システム部,一般,09:55,18:45,480,110,10,,0.1,なし,なし,なし,1358,PJ0011,福岡オフィス,夜勤,火,開発
2024-04-30,EMP0112,人事部,課長,08:18,16:53,480,35,0,,0.6,なし,なし,なし,761,PJ0010,リモート,通常,火,管理
2025-11-20,EMP0104,営業2部,一般,,,0,0,0,代休,0.4,あり,なし,なし,1886,PJ0028,本社,通常,木,事務
2025-11-20,EMP0164,情報システム部,一般,10:00,18:12,480,12,0,,0.9,なし,あり,なし,1528,PJ0024,福岡オフィス,シフトA,木,製造
2025-11-20,EMP0136,製造1部,主任,,,0,0,0,有給,0.1,なし,あり,なし,1279,PJ0026,福岡オフィス,フレックス,木,開発
2025-11-20,EMP0154,営業1部,一般,09:38,17:38,480,0,0,,1.0,なし,あり,なし,1201,PJ0015,工場,通常,木,サポート
2025-11-20,EMP0097,R&D部,係長,08:45,16:45,480,0,0,,0.9,なし,なし,なし,1191,PJ0018,大阪オフィス,シフトB,木,製造
2025-11-20,EMP0176,営業2部,係長,08:00,17:20,480,80,0,,0.4,あり,なし,なし,1398,PJ0006,工場,通常,木,管理
2025-11-20,EMP0196,マーケ部,主任,08:31,16:18,480,47,0,,0.7,なし,なし,なし,967,PJ0027,名古屋オフィス,シフトA,木,事務
2025-11-20,EMP0011,営業2部,一般,08:09,16:18,480,9,0,,0.5,なし,なし,なし,1055,PJ0008,名古屋オフィス,夜勤,木,管理
2025-11-20,EMP0031,営業2部,一般,,,0,0,0,代休,0.2,あり,なし,なし,1793,PJ0004,リモート,フレックス,木,製造
2025-11-20,EMP0152,製造2部,主任,08:03,16:36,480,33,0,,0.5,なし,あり,なし,872,PJ0024,リモート,シフトB,木,サポート
2025-11-20,EMP0004,営業2部,主任,08:04,16:28,480,24,0,,0.0,あり,あり,なし,1865,PJ0011,名古屋オフィス,夜勤,木,会議
2025-11-20,EMP0050,マーケ部,部長,10:39,19:34,480,115,9,,0.8,なし,あり,なし,1404,PJ0021,名古屋オフィス,夜勤,木,営業活動
2025-04-01,EMP0045,マーケ部,係長,09:23,17:42,480,19,0,,0.6,なし,なし,なし,1459,PJ0024,本社,通常,火,開発
2025-04-01,EMP0199,製造1部,一般,08:52,16:10,480,18,0,,0.2,あり,あり,なし,1567,PJ0021,リモート,シフトB,火,事務
2025-04-01,EMP0024,R&D部,一般,10:55,18:07,480,12,0,,0.6,なし,なし,なし,1262,PJ0020,工場,通常,火,事務
2025-04-01,EMP0073,DX推進部,一般,08:00,16:52,480,52,0,,0.2,あり,なし,なし,731,PJ0005,名古屋オフィス,通常,火,製造
2025-04-01,EMP0001,経理部,主任,10:34,18:22,480,48,0,,0.1,なし,あり,なし,1236,PJ0005,工場,シフトB,火,製造
2025-04-01,EMP0043,DX推進部,課長,08:52,16:52,480,0,0,,0.4,なし,あり,なし,1543,PJ0027,本社,通常,火,管理
2025-04-01,EMP0174,R&D部,一般,09:55,17:20,480,25,0,,0.8,なし,あり,なし,1612,PJ0022,大阪オフィス,通常,火,管理
2025-04-01,EMP0158,人事部,課長,08:08,16:33,480,25,0,,0.6,あり,なし,なし,1199,PJ0017,福岡オフィス,シフトB,火,開発
2025-04-01,EMP0012,製造2部,一般,08:04,16:08,480,4,0,,0.3,なし,なし,なし,1759,PJ0001,大阪オフィス,フレックス,火,サポート
2025-04-01,EMP0110,総務部,課長,08:01,16:02,480,1,0,,0.8,なし,なし,なし,1371,PJ0011,リモート,夜勤,火,会議
2025-04-01,EMP0022,DX推進部,一般,09:23,17:23,480,0,0,,0.8,あり,なし,なし,1352,PJ0021,本社,フレックス,火,製造
2025-04-01,EMP0143,営業1部,一般,10:02,18:02,480,0,0,,0.1,なし,なし,なし,1727,PJ0029,リモート,シフトB,火,営業活動
2024-07-29,EMP0177,製造1部,課長,08:42,16:42,480,0,0,,0.5,あり,なし,なし,1754,PJ0024,大阪オフィス,シフトA,月,営業活動
2024-07-29,EMP0130,総務部,係長,09:32,17:07,480,35,0,,0.2,あり,なし,なし,1571,PJ0010,工場,フレックス,月,事務
2024-07-29,EMP0124,経理部,課長,09:20,17:57,480,37,0,,0.2,なし,なし,なし,1459,PJ0004,福岡オフィス,通常,月,サポート
2024-07-29,EMP0052,営業2部,部長,08:49,16:05,480,16,0,,0.4,あり,あり,なし,1762,PJ0015,福岡オフィス,フレックス,月,開発
2024-07-29,EMP0186,製造2部,一般,09:59,17:59,480,0,0,,0.1,なし,なし,なし,1670,PJ0009,大阪オフィス,通常,月,会議
2024-07-29,EMP0161,R&D部,部長,08:14,16:20,480,6,0,,0.7,なし,なし,あり,961,PJ0015,福岡オフィス,シフトB,月,事務
2024-07-29,EMP0103,マーケ部,一般,09:07,17:07,480,0,0,,0.5,あり,あり,なし,967,PJ0001,本社,シフトA,月,サポート
2024-07-29,EMP0170,営業2部,課長,,,0,0,0,有給,0.1,あり,なし,なし,1545,PJ0007,大阪オフィス,通常,月,営業活動
2024-07-29,EMP0199,製造1部,一般,09:29,18:49,480,80,0,,0.1,なし,なし,なし,1313,PJ0026,大阪オフィス,通常,月,会議
2024-07-29,EMP0148,製造1部,一般,10:27,18:23,480,56,0,,0.8,なし,あり,なし,975,PJ0029,大阪オフィス,シフトB,月,管理
2024-07-29,EMP0049,総務部,係長,09:23,17:53,480,30,0,,0.0,なし,なし,なし,709,PJ0005,大阪オフィス,通常,月,事務
2024-07-29,EMP0168,製造2部,主任,09:48,18:04,480,76,0,,0.6,なし,なし,なし,1039,PJ0007,リモート,フレックス,月,事務
2026-05-26,EMP0055,経理部,主任,08:11,16:50,480,39,0,,0.0,なし,なし,なし,1030,PJ0008,名古屋オフィス,通常,火,事務
2026-05-26,EMP0134,経理部,部長,08:16,16:38,480,22,0,,0.4,なし,あり,なし,930,PJ0024,工場,夜勤,火,製造
2026-05-26,EMP0081,営業2部,部長,08:34,16:02,480,28,0,,0.2,あり,なし,なし,1485,PJ0027,名古屋オフィス,フレックス,火,開発
2026-05-26,EMP0179,製造2部,一般,08:25,17:29,480,64,0,,0.5,なし,なし,なし,1511,PJ0023,工場,夜勤,火,サポート
2026-05-26,EMP0100,営業1部,主任,09:43,17:05,480,22,0,,0.6,なし,なし,なし,1186,PJ0025,工場,通常,火,事務
2026-05-26,EMP0147,R&D部,係長,09:10,17:43,480,33,0,,0.1,あり,なし,なし,1337,PJ0018,リモート,シフトA,火,事務
2026-05-26,EMP0079,経理部,主任,09:00,17:24,480,24,0,,0.3,あり,あり,なし,1493,PJ0022,工場,シフトB,火,製造
2026-05-26,EMP0046,R&D部,一般,10:00,18:45,480,45,0,,0.5,なし,なし,なし,1263,PJ0005,リモート,通常,火,営業活動
2026-05-26,EMP0086,R&D部,一般,08:34,16:27,480,53,0,,0.7,あり,なし,なし,1478,PJ0017,本社,通常,火,製造
2026-05-26,EMP0122,営業1部,一般,08:35,16:37,480,2,0,,0.3,あり,あり,なし,1814,PJ0029,リモート,夜勤,火,事務
2026-05-26,EMP0152,製造2部,主任,10:57,18:57,480,0,0,,0.7,なし,なし,なし,971,PJ0008,工場,シフトB,火,管理
2026-05-26,EMP0037,人事部,部長,09:25,18:42,480,77,0,,0.6,なし,なし,なし,1289,PJ0008,大阪オフィス,シフトB,火,会議
2026-04-21,EMP0051,DX推進部,一般,08:45,17:45,480,60,0,,0.6,あり,なし,なし,1699,PJ0008,大阪オフィス,シフトA,火,会議
2026-04-21,EMP0116,営業2部,一般,10:05,19:12,480,67,0,,0.9,あり,なし,なし,1507,PJ0015,リモート,通常,火,開発
2026-04-21,EMP0069,DX推進部,課長,10:39,18:22,480,43,0,,0.5,なし,なし,なし,1361,PJ0015,リモート,シフトA,火,管理
2026-04-21,EMP0001,経理部,主任,09:47,17:00,480,13,0,,0.1,なし,なし,なし,988,PJ0002,名古屋オフィス,通常,火,開発
2026-04-21,EMP0067,DX推進部,係長,09:06,17:21,480,15,0,,0.5,なし,なし,なし,1737,PJ0019,名古屋オフィス,シフトB,火,営業活動
2026-04-21,EMP0125,製造1部,一般,09:19,17:19,480,0,0,,0.1,なし,あり,なし,1658,PJ0019,名古屋オフィス,シフトB,火,サポート
2026-04-21,EMP0141,人事部,主任,08:58,16:58,480,0,0,,0.4,なし,なし,なし,1505,PJ0012,福岡オフィス,夜勤,火,営業活動
2026-04-21,EMP0171,R&D部,課長,09:27,18:34,480,67,0,,0.9,あり,なし,なし,701,PJ0010,名古屋オフィス,フレックス,火,事務
2026-04-21,EMP0195,DX推進部,主任,09:29,17:43,480,14,0,,0.4,あり,なし,なし,1811,PJ0017,本社,シフトB,火,管理
2026-04-21,EMP0142,総務部,一般,09:41,17:45,480,4,0,,0.9,あり,なし,なし,1791,PJ0002,工場,通常,火,開発
2026-04-21,EMP0136,製造1部,主任,08:36,17:43,480,67,0,,0.5,なし,なし,なし,1458,PJ0006,リモート,シフトA,火,サポート
2026-04-21,EMP0166,営業2部,主任,09:01,17:01,480,0,0,,0.9,あり,なし,なし,1287,PJ0029,福岡オフィス,シフトB,火,サポート
2025-12-30,EMP0120,製造1部,部長,09:27,17:27,480,0,0,,0.9,あり,なし,なし,1631,PJ0009,大阪オフィス,通常,火,サポート
2025-12-30,EMP0163,マーケ部,係長,09:16,17:55,480,39,0,,0.0,あり,あり,なし,1788,PJ0028,工場,シフトA,火,営業活動
2025-12-30,EMP0051,DX推進部,一般,08:33,16:23,480,50,0,,0.6,あり,なし,なし,1829,PJ0008,リモート,夜勤,火,会議
2025-12-30,EMP0020,製造2部,係長,08:05,16:34,480,29,0,,0.2,あり,なし,なし,751,PJ0002,リモート,通常,火,管理
2025-12-30,EMP0154,営業1部,一般,10:05,18:05,480,0,0,,0.9,なし,あり,なし,1324,PJ0013,大阪オフィス,フレックス,火,開発
2025-12-30,EMP0060,製造1部,課長,08:18,16:17,480,59,0,,0.9,あり,なし,なし,1499,PJ0009,福岡オフィス,フレックス,火,営業活動
2025-12-30,EMP0008,R&D部,係長,09:24,17:24,480,0,0,,0.2,なし,なし,なし,809,PJ0017,大阪オフィス,シフトA,火,製造
2025-12-30,EMP0043,DX推進部,課長,08:48,16:14,480,26,0,,0.7,なし,なし,なし,1043,PJ0028,福岡オフィス,通常,火,開発
2025-12-30,EMP0181,営業1部,一般,09:16,17:16,480,0,0,,0.8,あり,あり,なし,1235,PJ0024,本社,夜勤,火,開発
2025-12-30,EMP0165,マーケ部,主任,,,0,0,0,代休,0.3,なし,あり,なし,788,PJ0006,大阪オフィス,シフトA,火,製造
2025-12-30,EMP0024,R&D部,一般,10:37,20:47,480,130,20,,1.0,あり,なし,なし,1207,PJ0011,リモート,フレックス,火,サポート
2025-12-30,EMP0027,マーケ部,主任,08:45,16:04,480,19,0,,0.6,あり,なし,なし,1406,PJ0011,工場,通常,火,営業活動
2025-09-24,EMP0084,マーケ部,一般,08:13,16:04,480,51,0,,0.9,なし,なし,なし,1117,PJ0027,工場,通常,水,事務
2025-09-24,EMP0078,経理部,課長,09:40,17:20,480,40,0,,0.8,あり,あり,なし,1221,PJ0012,大阪オフィス,シフトB,水,サポート
2025-09-24,EMP0188,DX推進部,一般,,,0,0,0,特別休暇,0.7,あり,あり,なし,1711,PJ0020,福岡オフィス,シフトA,水,管理
2025-09-24,EMP0120,製造1部,部長,09:31,17:31,480,0,0,,0.3,なし,あり,なし,1322,PJ0003,名古屋オフィス,シフトA,水,サポート
2025-09-24,EMP0041,R&D部,係長,09:41,17:28,480,47,0,,0.4,あり,なし,なし,1851,PJ0007,名古屋オフィス,夜勤,水,サポート
2025-09-24,EMP0007,営業1部,一般,,,0,0,0,特別休暇,0.2,あり,なし,なし,1755,PJ0004,福岡オフィス,シフトA,水,会議
2025-09-24,EMP0110,総務部,課長,08:22,16:52,480,30,0,,0.1,あり,あり,なし,713,PJ0005,名古屋オフィス,通常,水,営業活動
2025-09-24,EMP0142,総務部,一般,09:36,17:47,480,11,0,,0.9,あり,なし,なし,1324,PJ0023,名古屋オフィス,通常,水,製造
2025-09-24,EMP0113,マーケ部,部長,10:19,18:17,480,58,0,,0.1,なし,なし,なし,967,PJ0013,工場,夜勤,水,事務
2025-09-24,EMP0070,製造1部,係長,09:21,17:43,480,22,0,,0.2,なし,なし,なし,1493,PJ0018,福岡オフィス,通常,水,開発
2025-09-24,EMP0191,人事部,一般,08:54,16:54,480,0,0,,0.3,なし,あり,なし,1109,PJ0022,大阪オフィス,フレックス,水,開発
2025-09-24,EMP0005,経理部,係長,10:10,18:20,480,10,0,,0.2,あり,なし,なし,1513,PJ0023,本社,フレックス,水,製造
2024-09-13,EMP0053,R&D部,主任,09:15,17:11,480,56,0,,0.3,あり,なし,なし,987,PJ0011,福岡オフィス,シフトA,金,開発
2024-09-13,EMP0123,マーケ部,主任,08:38,16:10,480,32,0,,0.7,なし,なし,なし,1409,PJ0012,工場,フレックス,金,開発
2024-09-13,EMP0118,製造2部,一般,,,0,0,0,有給,0.5,なし,なし,なし,1647,PJ0026,本社,夜勤,金,開発
2024-09-13,EMP0051,DX推進部,一般,09:34,17:39,480,5,0,,0.2,なし,なし,なし,1744,PJ0027,名古屋オフィス,通常,金,事務
2024-09-13,EMP0097,R&D部,係長,08:08,17:38,480,90,0,,1.0,なし,あり,なし,981,PJ0021,リモート,シフトA,金,管理
2024-09-13,EMP0070,製造1部,係長,09:55,17:42,480,47,0,,0.7,あり,なし,なし,1178,PJ0029,本社,シフトB,金,管理
2024-09-13,EMP0060,製造1部,課長,08:50,16:22,480,32,0,,0.3,なし,なし,なし,693,PJ0006,リモート,シフトA,金,管理
2024-09-13,EMP0142,総務部,一般,09:35,17:28,480,53,0,,0.6,あり,なし,なし,1701,PJ0005,本社,シフトA,金,開発
2024-09-13,EMP0059,製造1部,係長,09:09,17:22,480,13,0,,1.0,あり,なし,なし,1180,PJ0001,本社,通常,金,製造
2024-09-13,EMP0010,製造2部,一般,09:59,18:59,480,60,0,,1.0,なし,あり,なし,797,PJ0018,名古屋オフィス,フレックス,金,事務
2024-09-13,EMP0168,製造2部,主任,09:10,17:10,480,0,0,,0.3,なし,あり,なし,977,PJ0024,福岡オフィス,通常,金,サポート
2024-09-13,EMP0008,R&D部,係長,08:09,16:29,480,20,0,,0.9,なし,あり,なし,1804,PJ0004,本社,夜勤,金,会議
2024-02-14,EMP0074,DX推進部,一般,09:58,17:58,480,0,0,,0.0,なし,なし,なし,1505,PJ0008,リモート,シフトB,水,会議
2024-02-14,EMP0148,製造1部,一般,10:53,19:45,480,112,27,,0.7,あり,あり,なし,872,PJ0021,福岡オフィス,シフトB,水,営業活動
2024-02-14,EMP0008,R&D部,係長,10:38,18:26,480,48,0,,0.8,なし,なし,あり,1540,PJ0017,本社,フレックス,水,管理
2024-02-14,EMP0009,営業2部,一般,09:24,17:37,480,13,0,,0.5,なし,なし,なし,1305,PJ0006,名古屋オフィス,シフトA,水,サポート
2024-02-14,EMP0130,総務部,係長,10:46,18:10,480,24,0,,0.5,あり,なし,なし,1570,PJ0024,福岡オフィス,夜勤,水,営業活動
2024-02-14,EMP0181,営業1部,一般,09:26,17:26,480,0,0,,0.4,あり,なし,なし,1174,PJ0027,名古屋オフィス,シフトA,水,管理
2024-02-14,EMP0103,マーケ部,一般,09:45,17:45,480,0,0,,0.7,あり,なし,あり,1711,PJ0018,大阪オフィス,フレックス,水,会議
2024-02-14,EMP0159,人事部,主任,08:01,16:57,480,56,0,,0.9,なし,なし,なし,1335,PJ0003,本社,シフトA,水,事務
2024-02-14,EMP0189,DX推進部,一般,09:32,17:26,480,54,0,,0.3,なし,あり,なし,1070,PJ0009,福岡オフィス,通常,水,営業活動
2024-02-14,EMP0115,R&D部,主任,10:37,19:21,480,104,23,,0.2,なし,あり,なし,1768,PJ0007,名古屋オフィス,シフトB,水,サポート
2024-02-14,EMP0099,総務部,一般,09:21,17:21,480,0,0,,0.1,なし,なし,なし,1742,PJ0006,名古屋オフィス,シフトB,水,製造
2024-02-14,EMP0180,営業2部,一般,08:53,16:53,480,0,0,,0.3,あり,あり,なし,876,PJ0029,リモート,シフトA,水,製造
2024-08-07,EMP0062,R&D部,課長,10:47,18:15,480,28,0,,0.6,なし,なし,なし,1660,PJ0012,リモート,シフトA,水,管理
2024-08-07,EMP0107,製造2部,一般,,,0,0,0,有給,0.4,あり,なし,なし,1048,PJ0006,リモート,夜勤,水,サポート
2024-08-07,EMP0116,営業2部,一般,09:55,17:28,480,33,0,,0.2,なし,あり,なし,1221,PJ0010,名古屋オフィス,通常,水,事務
2024-08-07,EMP0198,製造1部,主任,09:00,17:07,480,7,0,,0.8,なし,なし,なし,1488,PJ0011,リモート,通常,水,サポート
2024-08-07,EMP0098,マーケ部,一般,09:08,18:13,480,65,0,,0.0,なし,なし,なし,977,PJ0008,福岡オフィス,シフトA,水,管理
2024-08-07,EMP0057,DX推進部,主任,10:52,18:52,480,0,0,,0.9,なし,なし,なし,1562,PJ0015,リモート,通常,水,会議
2024-08-07,EMP0054,営業2部,係長,08:47,16:58,480,11,0,,0.6,なし,なし,なし,1531,PJ0010,工場,フレックス,水,製造
2024-08-07,EMP0114,DX推進部,一般,08:17,16:17,480,0,0,,0.2,なし,なし,なし,1097,PJ0013,大阪オフィス,シフトB,水,開発
2024-08-07,EMP0144,営業2部,部長,09:37,17:15,480,38,0,,1.0,なし,あり,なし,914,PJ0025,大阪オフィス,通常,水,開発
2024-08-07,EMP0043,DX推進部,課長,08:55,16:55,480,0,0,,1.0,あり,なし,なし,884,PJ0012,名古屋オフィス,シフトB,水,会議
2024-08-07,EMP0052,営業2部,部長,09:26,17:50,480,24,0,,0.8,あり,なし,なし,1592,PJ0016,大阪オフィス,シフトA,水,事務
2024-08-07,EMP0174,R&D部,一般,09:59,18:35,480,96,30,,0.4,なし,なし,なし,1471,PJ0008,福岡オフィス,シフトA,水,製造
2026-03-20,EMP0128,製造2部,一般,08:28,17:17,480,109,0,,0.6,あり,あり,なし,1274,PJ0011,福岡オフィス,シフトB,金,開発
2026-03-20,EMP0189,DX推進部,一般,08:14,17:27,480,73,0,,0.9,なし,なし,なし,825,PJ0010,本社,通常,金,会議
2026-03-20,EMP0171,R&D部,課長,09:12,17:39,480,27,0,,0.4,なし,なし,なし,1638,PJ0028,本社,シフトB,金,管理
2026-03-20,EMP0043,DX推進部,課長,08:29,16:29,480,0,0,,0.1,あり,あり,なし,935,PJ0021,本社,フレックス,金,事務
2026-03-20,EMP0175,営業2部,一般,08:36,17:54,480,78,0,,0.6,なし,なし,なし,1421,PJ0010,本社,夜勤,金,製造
2026-03-20,EMP0178,営業1部,一般,09:49,17:01,480,12,0,,0.6,なし,なし,なし,1307,PJ0015,リモート,シフトA,金,製造
2026-03-20,EMP0163,マーケ部,係長,09:34,17:17,480,43,0,,0.0,あり,なし,なし,1283,PJ0003,福岡オフィス,夜勤,金,会議
2026-03-20,EMP0130,総務部,係長,09:45,18:56,480,71,0,,0.2,なし,なし,なし,776,PJ0013,名古屋オフィス,通常,金,事務
2026-03-20,EMP0121,製造1部,一般,09:24,17:24,480,0,0,,0.7,なし,なし,なし,1387,PJ0016,リモート,シフトB,金,開発
2026-03-20,EMP0039,営業2部,主任,08:26,16:16,480,50,0,,0.7,あり,あり,なし,1585,PJ0028,本社,シフトB,金,事務
2026-03-20,EMP0016,製造2部,一般,09:35,17:34,480,59,0,,0.1,あり,あり,なし,1009,PJ0027,福岡オフィス,シフトA,金,事務
2026-03-20,EMP0142,総務部,一般,09:47,18:05,480,78,0,,1.0,なし,なし,なし,1392,PJ0023,リモート,シフトA,金,管理
2025-11-26,EMP0001,経理部,主任,09:58,17:58,480,0,0,,0.3,あり,なし,なし,1319,PJ0002,本社,シフトB,水,製造
2025-11-26,EMP0014,営業1部,一般,08:05,16:26,480,21,0,,0.9,あり,なし,なし,698,PJ0023,名古屋オフィス,シフトA,水,営業活動
2025-11-26,EMP0120,製造1部,部長,09:57,17:57,480,0,0,,0.5,なし,あり,あり,996,PJ0027,福岡オフィス,通常,水,開発
2025-11-26,EMP0060,製造1部,課長,09:25,17:52,480,27,0,,0.9,なし,あり,なし,1783,PJ0023,名古屋オフィス,シフトA,水,事務
2025-11-26,EMP0121,製造1部,一般,09:33,17:31,480,58,0,,0.0,なし,あり,なし,988,PJ0021,福岡オフィス,シフトB,水,会議
2025-11-26,EMP0180,営業2部,一般,,,0,0,0,慶弔,0.8,あり,なし,あり,1619,PJ0002,本社,シフトA,水,開発
2025-11-26,EMP0148,製造1部,一般,09:21,18:47,480,86,0,,0.4,あり,あり,なし,1270,PJ0012,工場,夜勤,水,製造
2025-11-26,EMP0182,DX推進部,主任,08:49,16:20,480,31,0,,0.7,なし,あり,なし,759,PJ0008,名古屋オフィス,シフトB,水,製造
2025-11-26,EMP0079,経理部,主任,09:03,17:03,480,0,0,,0.1,あり,あり,なし,1341,PJ0014,大阪オフィス,フレックス,水,サポート
2025-11-26,EMP0104,営業2部,一般,09:55,17:55,480,0,0,,0.1,あり,なし,なし,759,PJ0004,名古屋オフィス,通常,水,会議
2025-11-26,EMP0142,総務部,一般,09:13,17:36,480,23,0,,0.1,なし,あり,なし,690,PJ0002,本社,夜勤,水,事務
2025-11-26,EMP0035,R&D部,係長,08:26,16:54,480,28,0,,0.7,なし,あり,なし,1231,PJ0004,大阪オフィス,シフトB,水,開発
2024-08-15,EMP0025,総務部,一般,,,0,0,0,有給,0.1,あり,あり,なし,1535,PJ0016,名古屋オフィス,通常,木,事務
2024-08-15,EMP0152,製造2部,主任,08:23,16:23,480,0,0,,0.4,あり,なし,なし,1895,PJ0023,本社,シフトB,木,会議
2024-08-15,EMP0157,製造1部,主任,08:41,16:21,480,40,0,,0.2,あり,なし,なし,1469,PJ0025,本社,通常,木,営業活動
2024-08-15,EMP0051,DX推進部,一般,09:56,18:13,480,77,0,,0.9,あり,なし,なし,1226,PJ0026,福岡オフィス,シフトA,木,営業活動
2024-08-15,EMP0092,人事部,一般,08:13,16:13,480,0,0,,0.8,あり,あり,なし,983,PJ0010,工場,シフトA,木,製造
2024-08-15,EMP0107,製造2部,一般,08:17,16:55,480,38,0,,0.9,なし,あり,なし,1860,PJ0025,リモート,シフトA,木,管理
2024-08-15,EMP0195,DX推進部,主任,09:51,17:51,480,0,0,,0.7,あり,あり,なし,962,PJ0025,福岡オフィス,シフトA,木,営業活動
2024-08-15,EMP0033,情報システム部,主任,09:11,18:25,480,74,0,,0.5,なし,あり,なし,1039,PJ0015,大阪オフィス,夜勤,木,事務
2024-08-15,EMP0070,製造1部,係長,09:55,17:22,480,27,0,,0.7,あり,なし,なし,1376,PJ0018,本社,通常,木,サポート
2024-08-15,EMP0023,営業1部,課長,09:19,17:56,480,37,0,,0.1,あり,あり,なし,1639,PJ0024,工場,シフトB,木,サポート
2024-08-15,EMP0171,R&D部,課長,08:31,16:31,480,0,0,,0.7,あり,なし,なし,1774,PJ0023,大阪オフィス,シフトB,木,製造
2024-08-15,EMP0116,営業2部,一般,10:16,18:18,480,2,0,,0.1,あり,あり,なし,905,PJ0015,工場,フレックス,木,製造
2025-10-30,EMP0168,製造2部,主任,09:17,17:17,480,0,0,,0.3,なし,あり,なし,1327,PJ0024,工場,シフトA,木,サポート
2025-10-30,EMP0097,R&D部,係長,10:18,18:42,480,24,0,,0.6,あり,なし,なし,891,PJ0006,大阪オフィス,シフトA,木,事務
2025-10-30,EMP0082,営業2部,一般,09:39,17:39,480,0,0,,0.8,あり,なし,なし,1246,PJ0002,リモート,通常,木,営業活動
2025-10-30,EMP0192,マーケ部,課長,08:33,16:34,480,1,0,,0.5,あり,なし,なし,1650,PJ0020,大阪オフィス,フレックス,木,製造
2025-10-30,EMP0039,営業2部,主任,08:26,16:26,480,0,0,,0.8,あり,あり,なし,1585,PJ0015,名古屋オフィス,シフトB,木,営業活動
2025-10-30,EMP0117,営業1部,主任,08:37,16:37,480,0,0,,0.6,なし,あり,なし,834,PJ0015,福岡オフィス,シフトA,木,事務
2025-10-30,EMP0021,マーケ部,課長,10:37,18:37,480,0,0,,0.7,あり,なし,なし,883,PJ0014,福岡オフィス,フレックス,木,事務
2025-10-30,EMP0051,DX推進部,一般,09:25,17:35,480,10,0,,0.8,あり,あり,なし,1458,PJ0015,工場,夜勤,木,サポート
2025-10-30,EMP0133,経理部,主任,09:29,17:51,480,22,0,,0.0,あり,なし,なし,1853,PJ0028,工場,シフトA,木,製造
2025-10-30,EMP0101,DX推進部,課長,10:01,18:37,480,36,0,,0.4,あり,あり,なし,1813,PJ0015,名古屋オフィス,フレックス,木,管理
2025-10-30,EMP0115,R&D部,主任,09:59,17:59,480,0,0,,0.2,あり,なし,なし,1313,PJ0009,大阪オフィス,シフトA,木,製造
2025-10-30,EMP0046,R&D部,一般,09:45,17:00,480,15,0,,0.2,なし,なし,なし,1245,PJ0020,名古屋オフィス,通常,木,管理
2024-04-22,EMP0169,経理部,課長,10:49,18:53,480,4,0,,0.3,あり,なし,なし,1206,PJ0016,工場,通常,月,開発
2024-04-22,EMP0123,マーケ部,主任,08:48,16:48,480,0,0,,0.9,なし,なし,なし,838,PJ0003,福岡オフィス,フレックス,月,管理
2024-04-22,EMP0092,人事部,一般,08:44,16:44,480,0,0,,0.1,なし,なし,なし,1300,PJ0013,名古屋オフィス,通常,月,会議
2024-04-22,EMP0050,マーケ部,部長,09:49,17:04,480,15,0,,0.0,なし,なし,なし,1376,PJ0006,工場,シフトA,月,営業活動
2024-04-22,EMP0148,製造1部,一般,09:39,17:22,480,43,0,,0.8,なし,あり,なし,1619,PJ0027,福岡オフィス,夜勤,月,会議
2024-04-22,EMP0122,営業1部,一般,08:04,16:04,480,0,0,,0.6,なし,あり,なし,1505,PJ0023,福岡オフィス,夜勤,月,会議
2024-04-22,EMP0163,マーケ部,係長,09:23,18:23,480,60,0,,0.6,あり,あり,なし,1038,PJ0010,福岡オフィス,通常,月,サポート
2024-04-22,EMP0084,マーケ部,一般,09:51,17:17,480,26,0,,0.6,なし,なし,なし,1569,PJ0001,リモート,フレックス,月,開発
2024-04-22,EMP0089,営業1部,課長,09:46,17:04,480,18,0,,0.2,なし,なし,なし,1679,PJ0015,名古屋オフィス,夜勤,月,会議
2024-04-22,EMP0164,情報システム部,一般,09:37,17:54,480,17,0,,0.6,なし,なし,なし,995,PJ0023,名古屋オフィス,シフトB,月,事務
2024-04-22,EMP0070,製造1部,係長,08:27,16:27,480,0,0,,0.7,なし,なし,なし,1197,PJ0011,リモート,シフトB,月,製造
2024-04-22,EMP0187,総務部,一般,09:20,17:49,480,29,0,,0.3,なし,なし,なし,1824,PJ0015,工場,シフトA,月,サポート
2024-04-10,EMP0188,DX推進部,一般,09:15,17:38,480,23,0,,0.7,なし,あり,なし,1358,PJ0016,大阪オフィス,通常,水,営業活動
2024-04-10,EMP0175,営業2部,一般,09:32,17:58,480,26,0,,0.7,あり,なし,あり,1746,PJ0022,工場,シフトB,水,製造
2024-04-10,EMP0074,DX推進部,一般,09:24,17:16,480,52,0,,0.5,あり,なし,なし,1431,PJ0029,本社,シフトB,水,管理
2024-04-10,EMP0016,製造2部,一般,09:18,18:06,480,108,0,,0.6,なし,なし,なし,999,PJ0004,大阪オフィス,夜勤,水,事務
2024-04-10,EMP0195,DX推進部,主任,09:53,17:23,480,30,0,,0.3,なし,あり,なし,1363,PJ0029,本社,夜勤,水,事務
2024-04-10,EMP0044,人事部,一般,08:31,16:29,480,58,0,,0.8,なし,あり,なし,1731,PJ0006,名古屋オフィス,フレックス,水,営業活動
2024-04-10,EMP0031,営業2部,一般,09:29,17:42,480,13,0,,0.9,あり,あり,なし,1733,PJ0003,大阪オフィス,シフトB,水,サポート
2024-04-10,EMP0197,製造1部,課長,08:44,17:06,480,82,0,,0.3,なし,あり,なし,1413,PJ0023,福岡オフィス,通常,水,会議
2024-04-10,EMP0133,経理部,主任,09:00,17:28,480,28,0,,0.7,あり,なし,あり,1410,PJ0008,名古屋オフィス,フレックス,水,事務
2024-04-10,EMP0132,マーケ部,係長,09:34,18:49,480,75,0,,0.3,なし,あり,なし,664,PJ0013,工場,シフトA,水,会議
2024-04-10,EMP0079,経理部,主任,09:39,17:39,480,0,0,,0.1,なし,なし,なし,917,PJ0025,本社,シフトB,水,営業活動
2024-04-10,EMP0048,DX推進部,一般,09:42,17:46,480,4,0,,0.6,あり,なし,なし,1654,PJ0001,名古屋オフィス,シフトA,水,会議
