受付日時,チケットID,カテゴリ,部門,優先度,対応者役職,対応時間分,解決日,FCRフラグ,SLA達成,再発フラグ,対応形態,問合せソース,要因区分,顧客満足度
2024-11-01 22:18,HD2411010000,VPN,情シス,高,主任,90,2024-11-01,あり,達成,なし,リモート,チャット,脆弱性,5
2024-01-03 23:01,HD2401030001,アカウント,経理,高,課長,108,2024-01-04,あり,達成,なし,リモート,電話,ハード故障,4
2025-05-10 05:19,HD2505100002,ネットワーク,営業,高,主任,267,2025-05-10,なし,未達,なし,リモート,チケット,ハード故障,3
2024-04-11 12:02,HD2404110003,PCトラブル,総務,中,課長,101,2024-04-11,あり,達成,なし,リモート,チケット,教育不足,5
2025-07-23 11:17,HD2507230004,メール,営業,中,課長,65,2025-07-23,あり,達成,なし,オンサイト,チケット,教育不足,5
2024-10-21 18:58,HD2410210005,アカウント,マーケ,低,係長,21,2024-10-21,あり,達成,なし,電話,チケット,設定不備,5
2024-10-07 01:04,HD2410070006,VPN,経理,高,課長,220,2024-10-07,あり,未達,なし,リモート,チャット,ハード故障,1
2024-12-25 02:46,HD2412250007,ネットワーク,開発,高,課長,137,2024-12-25,あり,達成,なし,リモート,電話,設定不備,4
2026-04-13 16:45,HD2604130008,VPN,経理,低,主任,5,2026-04-13,あり,達成,なし,オンサイト,チャット,設定不備,5
2025-04-17 07:13,HD2504170009,ネットワーク,法務,中,係長,64,2025-04-17,あり,達成,なし,リモート,チャット,脆弱性,5
2024-11-12 15:47,HD2411120010,業務システム,情シス,中,課長,87,2024-11-12,あり,達成,なし,リモート,チャット,設定不備,4
2025-01-03 21:23,HD2501030011,アカウント,マーケ,中,主任,124,2025-01-03,あり,達成,なし,オンサイト,チャット,ハード故障,5
2024-10-30 21:05,HD2410300012,VPN,経理,中,課長,49,2024-10-30,あり,達成,なし,リモート,チケット,設定不備,5
2026-03-30 15:00,HD2603300013,PCトラブル,情シス,中,課長,48,2026-03-30,あり,達成,なし,オンサイト,チャット,その他,4
2024-03-14 12:05,HD2403140014,PCトラブル,営業,高,課長,101,2024-03-14,あり,達成,なし,オンサイト,チケット,ハード故障,5
2024-08-11 19:36,HD2408110015,アカウント,法務,中,課長,63,2024-08-11,なし,達成,なし,リモート,チケット,設定不備,4
2026-03-29 21:51,HD2603290016,VPN,情シス,低,係長,36,2026-03-29,なし,達成,なし,リモート,チケット,教育不足,5
2025-11-18 19:13,HD2511180017,メール,マーケ,高,課長,40,2025-11-18,あり,達成,あり,リモート,対面,設定不備,5
2024-07-18 15:18,HD2407180018,SaaS利用,総務,中,係長,65,2024-07-18,あり,達成,なし,リモート,チケット,仕様,5
2024-11-05 04:12,HD2411050019,アカウント,総務,低,係長,30,2024-11-05,あり,達成,なし,オンサイト,チケット,脆弱性,5
2026-04-04 13:16,HD2604040020,アカウント,開発,中,係長,63,2026-04-04,なし,達成,なし,オンサイト,チャット,教育不足,5
2025-02-02 04:40,HD2502020021,PCトラブル,マーケ,中,主任,56,2025-02-02,あり,達成,なし,電話,チケット,ハード故障,5
2024-11-14 03:15,HD2411140022,アカウント,情シス,中,主任,38,2024-11-14,あり,達成,なし,電話,チケット,設定不備,5
2026-05-10 22:07,HD2605100023,メール,営業,高,主任,115,2026-05-11,あり,達成,なし,オンサイト,チケット,外部要因,5
2024-02-12 02:19,HD2402120024,SaaS利用,営業,中,主任,47,2024-02-12,あり,達成,なし,オンサイト,チャット,設定不備,5
2025-01-24 16:56,HD2501240025,ネットワーク,法務,中,課長,22,2025-01-24,なし,達成,なし,リモート,チケット,設定不備,3
2026-01-08 22:29,HD2601080026,ネットワーク,マーケ,中,課長,23,2026-01-08,あり,達成,あり,オンサイト,チャット,ハード故障,5
2025-05-06 12:52,HD2505060027,ネットワーク,マーケ,中,課長,38,2025-05-06,あり,達成,なし,電話,チャット,教育不足,4
2024-06-03 21:05,HD2406030028,VPN,法務,中,係長,42,2024-06-03,あり,達成,なし,オンサイト,チケット,外部要因,5
2024-06-05 17:36,HD2406050029,ネットワーク,情シス,低,係長,17,2024-06-05,あり,達成,なし,電話,チャット,設定不備,4
2024-09-11 07:23,HD2409110030,VPN,情シス,低,主任,33,2024-09-11,あり,達成,なし,電話,チケット,その他,4
2026-03-12 17:38,HD2603120031,PCトラブル,開発,中,係長,68,2026-03-12,あり,達成,なし,電話,メール,ハード故障,4
2024-01-04 08:58,HD2401040032,ネットワーク,経理,低,課長,23,2024-01-04,あり,達成,なし,リモート,チケット,仕様,4
2025-02-25 08:17,HD2502250033,VPN,マーケ,中,係長,65,2025-02-25,あり,達成,なし,リモート,チケット,外部要因,5
2025-09-06 05:09,HD2509060034,PCトラブル,経理,中,主任,32,2025-09-06,あり,達成,あり,オンサイト,対面,その他,5
2024-06-14 05:39,HD2406140035,アカウント,経理,高,主任,168,2024-06-14,あり,未達,なし,リモート,チャット,設定不備,3
2025-11-27 04:07,HD2511270036,PCトラブル,マーケ,中,課長,20,2025-11-27,あり,達成,なし,オンサイト,メール,教育不足,4
2026-04-23 05:37,HD2604230037,ネットワーク,総務,緊急,課長,155,2026-04-23,あり,未達,あり,リモート,チャット,教育不足,3
2025-03-10 19:31,HD2503100038,PCトラブル,経理,低,係長,26,2025-03-10,なし,達成,なし,オンサイト,チャット,ハード故障,4
2024-04-18 18:39,HD2404180039,VPN,人事,中,課長,57,2024-04-18,あり,達成,なし,リモート,チャット,設定不備,5
2026-01-09 20:12,HD2601090040,PCトラブル,経理,中,主任,56,2026-01-09,あり,達成,なし,オンサイト,チケット,教育不足,5
2024-01-16 05:40,HD2401160041,PCトラブル,マーケ,中,主任,32,2024-01-16,あり,達成,なし,オンサイト,電話,仕様,5
2026-03-11 12:57,HD2603110042,メール,人事,中,課長,57,2026-03-11,あり,達成,なし,オンサイト,電話,その他,4
2024-11-11 06:21,HD2411110043,ネットワーク,人事,低,主任,40,2024-11-11,あり,達成,なし,リモート,チャット,教育不足,5
2024-10-05 18:47,HD2410050044,PCトラブル,マーケ,中,係長,56,2024-10-05,あり,達成,なし,リモート,チケット,設定不備,5
2024-10-05 01:26,HD2410050045,VPN,法務,低,係長,11,2024-10-05,なし,達成,なし,オンサイト,チャット,脆弱性,4
2026-05-27 22:13,HD2605270046,PCトラブル,マーケ,中,課長,33,2026-05-27,あり,達成,あり,リモート,チケット,設定不備,5
2025-06-25 01:18,HD2506250047,アカウント,製造,低,課長,36,2025-06-25,なし,達成,なし,オンサイト,チャット,教育不足,5
2026-01-30 04:42,HD2601300048,アカウント,法務,中,主任,59,2026-01-30,あり,達成,なし,リモート,チケット,設定不備,5
2025-09-30 17:44,HD2509300049,VPN,製造,高,主任,145,2025-09-30,なし,未達,なし,リモート,チャット,設定不備,3
2024-12-20 18:52,HD2412200050,PCトラブル,情シス,高,課長,152,2024-12-20,あり,未達,なし,リモート,チケット,設定不備,3
2025-11-20 09:28,HD2511200051,ネットワーク,マーケ,緊急,課長,165,2025-11-20,なし,未達,なし,リモート,チケット,教育不足,2
2024-08-29 18:07,HD2408290052,アカウント,開発,中,課長,60,2024-08-29,あり,達成,なし,オンサイト,チケット,教育不足,5
2024-11-10 10:49,HD2411100053,ネットワーク,法務,中,係長,64,2024-11-10,あり,達成,あり,オンサイト,チケット,設定不備,4
2026-04-10 15:34,HD2604100054,PCトラブル,経理,中,係長,44,2026-04-10,あり,達成,なし,オンサイト,チャット,教育不足,5
2025-10-28 15:23,HD2510280055,VPN,経理,高,係長,50,2025-10-28,あり,達成,なし,リモート,チケット,設定不備,5
2025-05-04 10:45,HD2505040056,PCトラブル,総務,低,主任,40,2025-05-04,あり,達成,なし,電話,メール,教育不足,5
2025-06-05 02:17,HD2506050057,PCトラブル,人事,高,係長,106,2025-06-05,あり,未達,なし,電話,チケット,外部要因,3
2024-11-27 03:09,HD2411270058,アカウント,製造,高,課長,126,2024-11-27,あり,達成,なし,リモート,チャット,ハード故障,5
2025-10-11 17:28,HD2510110059,プリンタ,経理,中,課長,12,2025-10-11,あり,達成,なし,リモート,チケット,その他,4
2024-07-15 02:11,HD2407150060,VPN,マーケ,中,主任,99,2024-07-15,あり,達成,なし,リモート,チケット,教育不足,5
2025-08-21 06:08,HD2508210061,アカウント,人事,高,課長,139,2025-08-21,あり,未達,なし,オンサイト,チケット,教育不足,3
2025-10-07 18:42,HD2510070062,メール,経理,中,課長,31,2025-10-07,あり,達成,なし,リモート,チケット,設定不備,5
2024-03-14 09:35,HD2403140063,PCトラブル,人事,中,係長,84,2024-03-14,あり,達成,なし,リモート,チケット,その他,4
2024-12-31 14:03,HD2412310064,メール,人事,緊急,課長,282,2024-12-31,あり,未達,なし,リモート,メール,外部要因,1
2025-04-28 08:58,HD2504280065,SaaS利用,総務,低,係長,32,2025-04-28,あり,達成,なし,リモート,チケット,設定不備,5
2025-09-27 09:46,HD2509270066,ネットワーク,製造,高,課長,54,2025-09-27,なし,達成,なし,リモート,チケット,脆弱性,4
2025-02-20 01:20,HD2502200067,アカウント,営業,中,係長,64,2025-02-20,あり,達成,なし,リモート,チャット,教育不足,5
2025-09-12 13:26,HD2509120068,PCトラブル,マーケ,中,主任,58,2025-09-12,あり,達成,なし,オンサイト,チケット,設定不備,5
2025-12-19 21:18,HD2512190069,プリンタ,総務,低,係長,26,2025-12-19,あり,達成,なし,リモート,チャット,設定不備,5
2026-03-23 04:58,HD2603230070,アカウント,法務,緊急,係長,205,2026-03-23,なし,未達,なし,オンサイト,チャット,教育不足,2
2026-02-10 09:19,HD2602100071,SaaS利用,製造,低,主任,34,2026-02-10,あり,達成,なし,リモート,メール,設定不備,4
2025-09-14 20:30,HD2509140072,ネットワーク,経理,中,主任,68,2025-09-14,あり,達成,なし,リモート,メール,外部要因,5
2024-12-03 00:37,HD2412030073,アカウント,法務,低,課長,25,2024-12-03,あり,達成,なし,オンサイト,チケット,設定不備,4
2026-03-27 02:19,HD2603270074,SaaS利用,法務,低,主任,24,2026-03-27,あり,達成,なし,リモート,電話,教育不足,5
2026-05-27 06:58,HD2605270075,PCトラブル,営業,中,課長,39,2026-05-27,なし,達成,なし,オンサイト,メール,教育不足,4
2024-10-23 14:17,HD2410230076,VPN,人事,中,係長,60,2024-10-23,あり,達成,なし,オンサイト,チケット,教育不足,5
2026-01-10 17:02,HD2601100077,SaaS利用,情シス,中,主任,84,2026-01-10,あり,達成,なし,電話,チケット,教育不足,4
2024-01-01 16:27,HD2401010078,業務システム,営業,低,係長,51,2024-01-01,あり,達成,なし,オンサイト,チャット,ハード故障,5
2026-04-08 13:01,HD2604080079,PCトラブル,人事,中,係長,93,2026-04-08,あり,達成,なし,電話,チャット,教育不足,5
2025-11-10 01:04,HD2511100080,プリンタ,マーケ,低,主任,23,2025-11-10,あり,達成,あり,リモート,チケット,設定不備,4
2025-08-08 15:17,HD2508080081,PCトラブル,開発,中,主任,102,2025-08-08,あり,達成,なし,リモート,チケット,脆弱性,5
2025-07-05 23:16,HD2507050082,アカウント,製造,低,係長,19,2025-07-05,あり,達成,なし,リモート,チャット,仕様,5
2025-09-28 11:21,HD2509280083,アカウント,法務,中,係長,38,2025-09-28,あり,達成,なし,オンサイト,チケット,教育不足,4
2026-04-07 10:43,HD2604070084,ネットワーク,総務,高,主任,19,2026-04-07,あり,達成,なし,リモート,チケット,外部要因,5
2024-08-31 09:04,HD2408310085,PCトラブル,人事,高,係長,70,2024-08-31,あり,達成,なし,リモート,チャット,設定不備,5
2026-01-29 16:51,HD2601290086,PCトラブル,人事,中,主任,50,2026-01-29,あり,達成,なし,電話,チケット,外部要因,5
2024-04-01 21:34,HD2404010087,PCトラブル,営業,中,係長,68,2024-04-01,あり,達成,なし,電話,チャット,ハード故障,5
2024-06-16 17:50,HD2406160088,VPN,情シス,低,係長,12,2024-06-16,あり,達成,なし,オンサイト,チャット,教育不足,5
2025-06-08 20:28,HD2506080089,PCトラブル,開発,低,主任,19,2025-06-08,あり,達成,なし,リモート,電話,教育不足,5
2024-04-30 13:41,HD2404300090,ネットワーク,開発,中,係長,36,2024-04-30,あり,達成,なし,リモート,チケット,ハード故障,4
2024-04-26 17:30,HD2404260091,PCトラブル,総務,高,係長,85,2024-04-26,あり,達成,なし,リモート,チケット,設定不備,5
2025-05-16 02:34,HD2505160092,セキュリティ,製造,中,係長,143,2025-05-16,あり,達成,なし,リモート,チケット,外部要因,5
2024-05-24 07:11,HD2405240093,SaaS利用,法務,中,係長,44,2024-05-24,あり,達成,なし,リモート,チケット,設定不備,4
2025-12-13 02:24,HD2512130094,セキュリティ,法務,中,課長,82,2025-12-13,なし,達成,なし,リモート,チャット,ハード故障,4
2025-10-09 12:17,HD2510090095,PCトラブル,開発,中,主任,80,2025-10-09,あり,達成,なし,電話,対面,その他,5
2024-02-24 18:17,HD2402240096,アカウント,人事,中,主任,70,2024-02-24,あり,達成,なし,リモート,チケット,仕様,5
2024-05-17 04:24,HD2405170097,PCトラブル,開発,中,課長,66,2024-05-17,あり,達成,なし,リモート,電話,教育不足,5
2025-05-30 16:07,HD2505300098,PCトラブル,マーケ,高,主任,53,2025-05-30,あり,達成,なし,リモート,チケット,設定不備,5
2024-12-01 11:11,HD2412010099,プリンタ,総務,低,係長,20,2024-12-01,あり,達成,なし,リモート,チケット,設定不備,5
2025-04-22 13:34,HD2504220100,アカウント,マーケ,中,係長,76,2025-04-22,なし,達成,なし,リモート,電話,設定不備,4
2025-08-26 07:57,HD2508260101,アカウント,情シス,中,主任,22,2025-08-26,あり,達成,なし,オンサイト,メール,設定不備,4
2025-12-11 00:51,HD2512110102,SaaS利用,法務,低,主任,16,2025-12-11,あり,達成,なし,電話,メール,設定不備,5
2024-11-10 09:34,HD2411100103,PCトラブル,経理,中,主任,15,2024-11-10,あり,達成,なし,オンサイト,チャット,仕様,5
2025-01-20 11:52,HD2501200104,業務システム,経理,低,主任,42,2025-01-20,あり,達成,あり,リモート,メール,外部要因,5
2024-11-10 05:17,HD2411100105,プリンタ,総務,低,主任,29,2024-11-10,なし,達成,あり,電話,チャット,教育不足,1
2025-07-02 17:24,HD2507020106,業務システム,総務,低,係長,7,2025-07-02,なし,達成,なし,電話,対面,教育不足,5
2025-05-15 10:30,HD2505150107,アカウント,人事,高,係長,85,2025-05-15,あり,達成,なし,リモート,チャット,設定不備,5
2025-02-12 14:33,HD2502120108,PCトラブル,人事,低,主任,5,2025-02-12,あり,達成,なし,電話,チケット,ハード故障,5
2026-03-24 07:10,HD2603240109,PCトラブル,営業,中,課長,48,2026-03-24,なし,達成,なし,リモート,チケット,設定不備,3
2024-09-07 17:08,HD2409070110,ネットワーク,経理,高,係長,135,2024-09-07,あり,未達,なし,リモート,チケット,教育不足,2
2025-03-29 09:04,HD2503290111,アカウント,マーケ,中,係長,84,2025-03-29,あり,達成,なし,リモート,電話,その他,5
2026-03-12 03:43,HD2603120112,VPN,情シス,高,係長,20,2026-03-12,なし,達成,なし,オンサイト,電話,仕様,3
2025-01-26 00:59,HD2501260113,PCトラブル,人事,高,主任,176,2025-01-26,あり,未達,なし,リモート,チケット,教育不足,2
2025-07-18 08:14,HD2507180114,アカウント,総務,高,課長,91,2025-07-18,なし,達成,なし,リモート,チケット,設定不備,4
2024-07-23 05:55,HD2407230115,アカウント,法務,低,課長,14,2024-07-23,なし,達成,なし,リモート,チャット,設定不備,4
2025-10-30 02:32,HD2510300116,PCトラブル,マーケ,中,課長,53,2025-10-30,なし,達成,なし,オンサイト,チャット,設定不備,3
2024-12-09 23:37,HD2412090117,アカウント,人事,中,係長,78,2024-12-10,あり,達成,なし,オンサイト,メール,設定不備,4
2024-10-10 14:16,HD2410100118,業務システム,法務,低,主任,23,2024-10-10,なし,達成,あり,リモート,メール,脆弱性,3
2025-08-07 00:14,HD2508070119,ネットワーク,法務,中,主任,75,2025-08-07,あり,達成,なし,オンサイト,チケット,脆弱性,5
2024-02-05 00:44,HD2402050120,メール,営業,中,係長,65,2024-02-05,あり,達成,なし,リモート,対面,設定不備,5
2025-03-20 09:40,HD2503200121,VPN,開発,中,課長,60,2025-03-20,あり,達成,なし,リモート,電話,設定不備,4
2026-05-05 17:49,HD2605050122,その他,情シス,低,主任,30,2026-05-05,あり,達成,なし,リモート,チャット,外部要因,4
2025-05-31 08:06,HD2505310123,セキュリティ,製造,低,係長,20,2025-05-31,あり,達成,なし,オンサイト,チャット,教育不足,5
2024-09-18 12:01,HD2409180124,SaaS利用,経理,低,係長,20,2024-09-18,あり,達成,なし,リモート,チャット,仕様,5
2025-01-09 11:04,HD2501090125,セキュリティ,開発,低,課長,15,2025-01-09,あり,達成,なし,リモート,チケット,設定不備,4
2024-04-14 22:09,HD2404140126,業務システム,法務,高,係長,160,2024-04-15,あり,未達,なし,リモート,メール,外部要因,1
2024-06-07 10:02,HD2406070127,PCトラブル,経理,低,主任,36,2024-06-07,あり,達成,あり,オンサイト,チャット,設定不備,5
2024-02-16 05:15,HD2402160128,アカウント,マーケ,低,課長,39,2024-02-16,あり,達成,あり,リモート,電話,ハード故障,5
2026-02-02 04:35,HD2602020129,PCトラブル,マーケ,中,主任,48,2026-02-02,あり,達成,なし,リモート,対面,設定不備,5
2026-01-11 09:01,HD2601110130,ネットワーク,製造,低,課長,22,2026-01-11,あり,達成,なし,リモート,チャット,教育不足,5
2025-08-05 12:11,HD2508050131,セキュリティ,法務,低,主任,44,2025-08-05,なし,達成,なし,リモート,メール,ハード故障,4
2026-02-26 20:20,HD2602260132,PCトラブル,開発,低,主任,42,2026-02-26,あり,達成,なし,リモート,対面,その他,4
2024-05-21 14:12,HD2405210133,セキュリティ,開発,低,主任,48,2024-05-21,なし,達成,なし,リモート,チケット,設定不備,4
2025-08-06 11:16,HD2508060134,メール,開発,低,主任,17,2025-08-06,あり,達成,なし,リモート,電話,設定不備,4
2025-02-23 01:21,HD2502230135,アカウント,経理,中,係長,55,2025-02-23,あり,達成,なし,リモート,チケット,教育不足,5
2024-06-14 03:51,HD2406140136,業務システム,総務,低,係長,36,2024-06-14,なし,達成,なし,電話,メール,教育不足,4
2026-04-17 21:20,HD2604170137,PCトラブル,総務,低,主任,9,2026-04-17,あり,達成,なし,リモート,チケット,ハード故障,5
2025-11-21 13:07,HD2511210138,PCトラブル,人事,低,課長,17,2025-11-21,あり,達成,なし,リモート,チケット,その他,5
2026-01-10 15:57,HD2601100139,メール,マーケ,緊急,主任,165,2026-01-10,なし,未達,なし,リモート,チケット,外部要因,1
2024-04-17 09:35,HD2404170140,SaaS利用,開発,低,課長,25,2024-04-17,あり,達成,なし,リモート,電話,脆弱性,5
2025-05-23 05:31,HD2505230141,アカウント,経理,低,課長,25,2025-05-23,あり,達成,なし,電話,チャット,設定不備,4
2026-05-30 20:30,HD2605300142,セキュリティ,人事,低,課長,19,2026-05-30,あり,達成,なし,オンサイト,チケット,外部要因,4
2025-05-19 01:58,HD2505190143,業務システム,情シス,中,課長,146,2025-05-19,あり,達成,あり,リモート,メール,設定不備,5
2026-01-10 02:52,HD2601100144,プリンタ,マーケ,低,主任,17,2026-01-10,あり,達成,なし,リモート,対面,教育不足,5
2024-10-09 00:52,HD2410090145,ネットワーク,総務,中,課長,53,2024-10-09,あり,達成,なし,リモート,チケット,仕様,4
2025-06-09 01:24,HD2506090146,ネットワーク,法務,中,主任,42,2025-06-09,なし,達成,なし,リモート,チケット,設定不備,4
2024-01-18 04:30,HD2401180147,アカウント,情シス,低,課長,42,2024-01-18,あり,達成,なし,リモート,チケット,ハード故障,5
2024-06-30 10:19,HD2406300148,VPN,マーケ,低,主任,27,2024-06-30,あり,達成,なし,リモート,電話,仕様,5
2025-06-26 01:14,HD2506260149,PCトラブル,営業,中,係長,22,2025-06-26,あり,達成,なし,オンサイト,チケット,仕様,5
2024-08-01 06:25,HD2408010150,セキュリティ,法務,低,課長,24,2024-08-01,なし,達成,なし,リモート,チャット,外部要因,4
2026-05-04 11:30,HD2605040151,メール,人事,高,課長,157,2026-05-04,あり,未達,なし,リモート,チケット,教育不足,3
2024-04-27 11:51,HD2404270152,VPN,営業,中,主任,42,2024-04-27,なし,達成,なし,リモート,チャット,ハード故障,4
2025-09-27 07:13,HD2509270153,メール,製造,中,主任,32,2025-09-27,あり,達成,なし,リモート,チケット,外部要因,5
2024-01-29 01:10,HD2401290154,プリンタ,経理,中,係長,51,2024-01-29,あり,達成,なし,リモート,電話,その他,4
2024-07-13 16:06,HD2407130155,PCトラブル,マーケ,中,主任,76,2024-07-13,あり,達成,なし,リモート,チケット,その他,5
2024-08-16 00:22,HD2408160156,セキュリティ,経理,中,係長,115,2024-08-16,あり,達成,なし,電話,チャット,教育不足,5
2024-05-08 00:22,HD2405080157,VPN,製造,高,主任,88,2024-05-08,なし,達成,なし,オンサイト,電話,脆弱性,5
2024-04-07 19:14,HD2404070158,SaaS利用,営業,高,係長,160,2024-04-07,あり,未達,なし,オンサイト,チケット,設定不備,3
2025-12-05 00:24,HD2512050159,アカウント,情シス,中,係長,35,2025-12-05,あり,達成,なし,リモート,電話,ハード故障,5
2025-06-30 03:31,HD2506300160,SaaS利用,経理,低,課長,18,2025-06-30,あり,達成,なし,電話,チケット,設定不備,4
2025-02-19 20:24,HD2502190161,PCトラブル,開発,低,主任,21,2025-02-19,あり,達成,なし,オンサイト,メール,教育不足,5
2024-09-01 09:04,HD2409010162,アカウント,営業,中,係長,58,2024-09-01,あり,達成,なし,リモート,メール,外部要因,5
2025-05-02 10:58,HD2505020163,プリンタ,情シス,中,係長,59,2025-05-02,あり,達成,なし,リモート,チャット,設定不備,5
2024-03-30 20:14,HD2403300164,業務システム,製造,低,課長,54,2024-03-30,あり,達成,なし,リモート,チケット,教育不足,5
2025-06-26 20:53,HD2506260165,アカウント,製造,緊急,課長,206,2025-06-27,あり,未達,なし,オンサイト,チケット,仕様,2
2025-09-01 05:58,HD2509010166,プリンタ,マーケ,中,係長,95,2025-09-01,あり,達成,あり,電話,チケット,教育不足,5
2024-12-21 18:29,HD2412210167,PCトラブル,人事,緊急,課長,199,2024-12-21,あり,未達,なし,リモート,メール,教育不足,3
2026-03-16 06:03,HD2603160168,PCトラブル,マーケ,低,係長,31,2026-03-16,なし,達成,なし,オンサイト,チャット,脆弱性,4
2024-07-08 04:07,HD2407080169,VPN,情シス,中,係長,64,2024-07-08,あり,達成,なし,リモート,チケット,設定不備,4
2025-01-14 02:58,HD2501140170,PCトラブル,マーケ,低,主任,12,2025-01-14,なし,達成,なし,リモート,チャット,仕様,5
2024-03-28 22:18,HD2403280171,ネットワーク,経理,中,課長,50,2024-03-28,あり,達成,なし,リモート,チケット,教育不足,5
2024-01-09 03:54,HD2401090172,PCトラブル,法務,低,主任,25,2024-01-09,あり,達成,なし,リモート,チャット,外部要因,5
2026-02-15 17:30,HD2602150173,PCトラブル,総務,中,課長,95,2026-02-15,なし,達成,なし,リモート,電話,ハード故障,4
2025-12-02 11:30,HD2512020174,メール,営業,中,係長,79,2025-12-02,あり,達成,なし,電話,チケット,外部要因,5
2024-07-14 19:12,HD2407140175,ネットワーク,開発,低,係長,32,2024-07-14,なし,達成,あり,リモート,メール,教育不足,2
2024-12-24 05:06,HD2412240176,PCトラブル,情シス,低,課長,41,2024-12-24,あり,達成,なし,リモート,チャット,教育不足,5
2024-07-17 13:29,HD2407170177,アカウント,人事,低,係長,13,2024-07-17,あり,達成,あり,オンサイト,チケット,設定不備,5
2024-07-26 00:53,HD2407260178,セキュリティ,経理,中,係長,64,2024-07-26,なし,達成,なし,オンサイト,チャット,教育不足,5
2025-05-10 17:43,HD2505100179,PCトラブル,営業,緊急,主任,213,2025-05-10,あり,未達,なし,オンサイト,チケット,ハード故障,3
2024-10-03 23:25,HD2410030180,業務システム,マーケ,中,課長,57,2024-10-04,あり,達成,なし,電話,電話,仕様,5
2025-11-29 16:49,HD2511290181,PCトラブル,マーケ,緊急,課長,172,2025-11-29,あり,未達,なし,リモート,チケット,教育不足,2
2026-04-24 23:11,HD2604240182,PCトラブル,人事,低,課長,28,2026-04-24,あり,達成,なし,リモート,チケット,仕様,4
2026-04-14 09:18,HD2604140183,PCトラブル,開発,中,係長,59,2026-04-14,あり,達成,あり,リモート,チケット,設定不備,5
2026-03-05 10:13,HD2603050184,PCトラブル,人事,低,係長,7,2026-03-05,なし,達成,なし,リモート,対面,設定不備,5
2024-10-23 12:48,HD2410230185,プリンタ,情シス,低,主任,21,2024-10-23,なし,達成,なし,オンサイト,電話,教育不足,3
2024-12-03 23:12,HD2412030186,アカウント,法務,中,課長,14,2024-12-03,あり,達成,なし,リモート,電話,設定不備,5
2024-10-28 05:46,HD2410280187,ネットワーク,マーケ,中,課長,25,2024-10-28,なし,達成,なし,オンサイト,チケット,教育不足,4
2025-05-23 19:22,HD2505230188,VPN,経理,低,係長,25,2025-05-23,あり,達成,なし,リモート,チケット,教育不足,4
2024-11-06 15:18,HD2411060189,PCトラブル,総務,中,係長,51,2024-11-06,あり,達成,なし,電話,メール,仕様,4
2024-06-17 16:59,HD2406170190,ネットワーク,製造,中,課長,105,2024-06-17,あり,達成,なし,リモート,チケット,設定不備,4
2026-04-07 06:15,HD2604070191,メール,営業,中,主任,79,2026-04-07,なし,達成,なし,電話,チケット,設定不備,4
2025-12-08 22:02,HD2512080192,PCトラブル,法務,高,主任,134,2025-12-09,あり,未達,なし,リモート,チケット,ハード故障,2
2025-09-20 23:53,HD2509200193,アカウント,情シス,低,課長,29,2025-09-21,あり,達成,なし,リモート,チケット,教育不足,5
2026-02-16 07:07,HD2602160194,ネットワーク,情シス,高,課長,63,2026-02-16,あり,達成,なし,リモート,チケット,設定不備,5
2024-05-30 19:34,HD2405300195,VPN,経理,中,主任,102,2024-05-30,あり,達成,なし,リモート,チケット,脆弱性,5
2025-11-29 21:02,HD2511290196,SaaS利用,人事,緊急,主任,145,2025-11-29,なし,未達,なし,リモート,チャット,ハード故障,1
2026-04-05 09:15,HD2604050197,PCトラブル,営業,低,課長,20,2026-04-05,あり,達成,なし,オンサイト,チャット,教育不足,5
2024-06-08 14:57,HD2406080198,VPN,経理,中,主任,36,2024-06-08,あり,達成,あり,オンサイト,チケット,外部要因,5
2025-12-14 23:27,HD2512140199,アカウント,マーケ,中,主任,44,2025-12-15,あり,達成,なし,リモート,チャット,設定不備,5
2026-03-26 02:45,HD2603260200,メール,開発,低,課長,15,2026-03-26,あり,達成,なし,電話,チャット,仕様,4
2025-09-05 21:30,HD2509050201,アカウント,経理,低,課長,33,2025-09-05,あり,達成,なし,リモート,対面,教育不足,4
2024-02-17 05:52,HD2402170202,セキュリティ,営業,低,主任,32,2024-02-17,あり,達成,なし,オンサイト,メール,ハード故障,5
2024-08-09 16:45,HD2408090203,PCトラブル,マーケ,低,係長,24,2024-08-09,あり,達成,なし,電話,チケット,仕様,5
2025-07-29 00:25,HD2507290204,アカウント,営業,中,主任,43,2025-07-29,あり,達成,なし,電話,チャット,その他,5
2025-01-15 20:47,HD2501150205,アカウント,総務,低,係長,11,2025-01-15,あり,達成,なし,リモート,チケット,設定不備,5
2024-01-10 22:47,HD2401100206,メール,経理,中,係長,54,2024-01-10,あり,達成,あり,リモート,チャット,外部要因,5
2025-12-20 19:13,HD2512200207,ネットワーク,法務,中,主任,95,2025-12-20,あり,達成,なし,リモート,チケット,脆弱性,5
2024-06-24 08:09,HD2406240208,メール,情シス,中,主任,36,2024-06-24,なし,達成,なし,リモート,メール,設定不備,5
2026-02-15 14:33,HD2602150209,メール,情シス,中,課長,62,2026-02-15,あり,達成,なし,リモート,チケット,教育不足,5
2024-08-20 17:11,HD2408200210,VPN,開発,中,主任,45,2024-08-20,あり,達成,なし,リモート,チャット,その他,5
2024-12-06 14:15,HD2412060211,SaaS利用,総務,中,課長,18,2024-12-06,あり,達成,なし,リモート,電話,仕様,5
2026-02-02 17:08,HD2602020212,業務システム,総務,中,課長,121,2026-02-02,あり,達成,なし,リモート,電話,ハード故障,5
2025-10-28 02:03,HD2510280213,ネットワーク,製造,中,主任,87,2025-10-28,あり,達成,なし,リモート,チケット,教育不足,5
2024-12-26 01:54,HD2412260214,アカウント,人事,高,主任,128,2024-12-26,あり,未達,なし,リモート,チケット,教育不足,3
2024-05-13 18:51,HD2405130215,業務システム,開発,低,係長,53,2024-05-13,あり,達成,なし,リモート,チケット,設定不備,5
2026-04-07 05:33,HD2604070216,ネットワーク,経理,中,主任,57,2026-04-07,あり,達成,なし,リモート,チャット,設定不備,5
2026-04-30 17:42,HD2604300217,PCトラブル,営業,低,係長,16,2026-04-30,あり,達成,なし,オンサイト,メール,設定不備,5
2025-11-26 08:30,HD2511260218,業務システム,法務,中,係長,121,2025-11-26,あり,達成,なし,電話,電話,設定不備,5
2026-05-05 23:33,HD2605050219,SaaS利用,法務,低,係長,32,2026-05-06,あり,達成,なし,リモート,チャット,仕様,5
2025-02-18 04:10,HD2502180220,VPN,人事,高,課長,79,2025-02-18,あり,達成,なし,リモート,チャット,教育不足,5
2026-03-10 02:53,HD2603100221,PCトラブル,経理,中,係長,101,2026-03-10,あり,達成,あり,オンサイト,チャット,教育不足,5
2025-12-22 12:56,HD2512220222,PCトラブル,人事,高,課長,186,2025-12-22,あり,未達,あり,リモート,チャット,仕様,3
2024-07-26 17:00,HD2407260223,業務システム,情シス,中,課長,50,2024-07-26,あり,達成,なし,オンサイト,チャット,ハード故障,5
2026-02-09 19:08,HD2602090224,PCトラブル,法務,中,課長,120,2026-02-09,あり,達成,なし,リモート,チケット,ハード故障,5
2024-12-29 17:14,HD2412290225,プリンタ,営業,中,係長,83,2024-12-29,あり,達成,なし,リモート,チケット,設定不備,4
2025-12-26 15:24,HD2512260226,SaaS利用,法務,中,係長,77,2025-12-26,あり,達成,あり,リモート,チケット,教育不足,5
2024-03-10 20:04,HD2403100227,業務システム,総務,低,主任,11,2024-03-10,なし,達成,なし,リモート,チャット,設定不備,4
2026-03-06 17:18,HD2603060228,PCトラブル,営業,低,係長,27,2026-03-06,あり,達成,なし,リモート,電話,教育不足,4
2025-02-22 15:04,HD2502220229,メール,法務,中,主任,64,2025-02-22,あり,達成,あり,リモート,チケット,設定不備,4
2025-04-20 05:43,HD2504200230,PCトラブル,製造,低,主任,20,2025-04-20,あり,達成,なし,リモート,電話,ハード故障,5
2024-02-09 22:40,HD2402090231,メール,経理,中,課長,88,2024-02-10,あり,達成,なし,リモート,チャット,教育不足,5
2024-08-18 16:48,HD2408180232,ネットワーク,総務,低,係長,27,2024-08-18,あり,達成,なし,リモート,チャット,設定不備,5
2025-01-01 07:35,HD2501010233,プリンタ,情シス,高,主任,141,2025-01-01,あり,未達,なし,リモート,チケット,教育不足,3
2025-04-24 17:18,HD2504240234,VPN,マーケ,低,課長,37,2025-04-24,あり,達成,なし,リモート,チャット,外部要因,5
2024-06-27 10:51,HD2406270235,メール,法務,中,係長,42,2024-06-27,あり,達成,なし,リモート,チャット,ハード故障,5
2024-05-06 04:04,HD2405060236,業務システム,製造,高,主任,124,2024-05-06,あり,未達,なし,リモート,チャット,仕様,3
2024-04-20 05:24,HD2404200237,アカウント,営業,低,係長,31,2024-04-20,あり,達成,なし,電話,チケット,設定不備,5
2025-04-16 09:45,HD2504160238,アカウント,人事,高,課長,141,2025-04-16,あり,未達,なし,リモート,チャット,教育不足,3
2026-05-09 10:44,HD2605090239,アカウント,経理,高,課長,146,2026-05-09,あり,未達,なし,オンサイト,チケット,設定不備,1
2025-02-19 18:10,HD2502190240,VPN,法務,低,課長,21,2025-02-19,あり,達成,なし,オンサイト,メール,設定不備,5
2024-02-22 23:52,HD2402220241,アカウント,営業,中,主任,61,2024-02-23,あり,達成,なし,電話,チケット,教育不足,5
2025-10-24 13:27,HD2510240242,その他,経理,中,係長,75,2025-10-24,あり,達成,なし,オンサイト,チケット,教育不足,5
2024-08-01 12:12,HD2408010243,PCトラブル,営業,低,課長,23,2024-08-01,あり,達成,なし,リモート,チャット,設定不備,5
2025-09-19 21:10,HD2509190244,プリンタ,開発,低,主任,20,2025-09-19,あり,達成,なし,リモート,メール,仕様,5
2025-05-27 20:47,HD2505270245,VPN,情シス,高,主任,30,2025-05-27,あり,達成,あり,オンサイト,チケット,ハード故障,5
2025-03-18 13:48,HD2503180246,VPN,営業,低,課長,34,2025-03-18,なし,達成,あり,リモート,チケット,教育不足,3
2025-12-11 05:39,HD2512110247,その他,製造,中,主任,66,2025-12-11,あり,達成,なし,リモート,チケット,ハード故障,5
2025-04-28 07:44,HD2504280248,アカウント,人事,緊急,主任,235,2025-04-28,あり,未達,なし,リモート,メール,外部要因,3
2025-11-12 15:53,HD2511120249,メール,マーケ,中,課長,39,2025-11-12,あり,達成,なし,オンサイト,チケット,設定不備,5
2025-10-17 07:43,HD2510170250,PCトラブル,総務,低,課長,28,2025-10-17,あり,達成,なし,リモート,電話,ハード故障,4
2026-01-20 00:45,HD2601200251,アカウント,人事,高,課長,34,2026-01-20,あり,達成,なし,リモート,チケット,ハード故障,4
2024-03-03 06:03,HD2403030252,アカウント,営業,中,係長,42,2024-03-03,あり,達成,なし,オンサイト,メール,設定不備,4
2025-02-14 18:57,HD2502140253,業務システム,法務,中,主任,43,2025-02-14,あり,達成,なし,リモート,チャット,設定不備,5
2024-05-07 15:45,HD2405070254,VPN,製造,中,課長,40,2024-05-07,あり,達成,なし,リモート,チケット,設定不備,5
2026-03-21 04:23,HD2603210255,ネットワーク,情シス,低,課長,26,2026-03-21,あり,達成,なし,リモート,チャット,外部要因,5
2024-09-21 05:01,HD2409210256,その他,情シス,低,課長,16,2024-09-21,あり,達成,なし,オンサイト,電話,設定不備,5
2025-03-15 14:08,HD2503150257,業務システム,情シス,中,係長,22,2025-03-15,あり,達成,なし,リモート,チャット,設定不備,5
2025-12-17 01:29,HD2512170258,PCトラブル,総務,中,主任,105,2025-12-17,あり,達成,なし,電話,メール,外部要因,4
2025-07-27 08:33,HD2507270259,業務システム,営業,中,主任,80,2025-07-27,あり,達成,なし,オンサイト,チケット,外部要因,4
2024-03-26 17:36,HD2403260260,プリンタ,人事,中,係長,61,2024-03-26,あり,達成,なし,オンサイト,チケット,設定不備,5
2024-03-30 18:37,HD2403300261,業務システム,マーケ,低,課長,36,2024-03-30,なし,達成,なし,オンサイト,チケット,設定不備,4
2024-05-18 21:53,HD2405180262,プリンタ,マーケ,低,係長,26,2024-05-18,あり,達成,なし,オンサイト,チャット,設定不備,5
2025-01-13 00:18,HD2501130263,アカウント,製造,中,課長,49,2025-01-13,あり,達成,なし,オンサイト,チケット,設定不備,5
2025-03-02 10:33,HD2503020264,SaaS利用,製造,中,課長,94,2025-03-02,なし,達成,なし,リモート,チケット,外部要因,4
2024-05-01 07:16,HD2405010265,業務システム,人事,低,主任,31,2024-05-01,あり,達成,なし,電話,チケット,その他,5
2024-01-11 05:11,HD2401110266,PCトラブル,製造,緊急,係長,140,2024-01-11,なし,未達,なし,リモート,チャット,ハード故障,1
2025-04-24 05:50,HD2504240267,セキュリティ,経理,低,係長,20,2025-04-24,なし,達成,なし,リモート,チケット,設定不備,5
2024-02-29 10:08,HD2402290268,PCトラブル,法務,低,課長,35,2024-02-29,なし,達成,なし,オンサイト,チャット,教育不足,3
2024-06-11 02:15,HD2406110269,ネットワーク,開発,中,係長,41,2024-06-11,あり,達成,なし,電話,チケット,その他,5
2024-12-18 13:56,HD2412180270,PCトラブル,マーケ,中,主任,59,2024-12-18,あり,達成,なし,リモート,メール,仕様,4
2024-09-16 19:00,HD2409160271,業務システム,経理,中,主任,66,2024-09-16,あり,達成,なし,リモート,電話,外部要因,5
2024-05-13 07:04,HD2405130272,SaaS利用,経理,中,主任,91,2024-05-13,なし,達成,なし,リモート,チャット,脆弱性,5
2026-05-22 14:03,HD2605220273,業務システム,法務,低,係長,65,2026-05-22,なし,達成,なし,電話,チケット,外部要因,3
2024-01-30 09:22,HD2401300274,セキュリティ,製造,低,主任,47,2024-01-30,あり,達成,なし,電話,チケット,外部要因,5
2026-05-25 17:38,HD2605250275,SaaS利用,マーケ,低,主任,24,2026-05-25,あり,達成,なし,リモート,電話,仕様,5
2025-08-14 14:05,HD2508140276,プリンタ,情シス,低,係長,30,2025-08-14,なし,達成,なし,リモート,チャット,ハード故障,4
2024-11-06 04:38,HD2411060277,プリンタ,法務,低,課長,24,2024-11-06,なし,達成,なし,リモート,チャット,教育不足,4
2025-01-22 07:20,HD2501220278,アカウント,法務,中,課長,102,2025-01-22,あり,達成,なし,オンサイト,メール,教育不足,5
2024-01-29 06:03,HD2401290279,PCトラブル,人事,中,主任,39,2024-01-29,あり,達成,なし,リモート,チケット,教育不足,5
2024-07-10 10:52,HD2407100280,ネットワーク,マーケ,低,主任,20,2024-07-10,あり,達成,なし,リモート,チケット,ハード故障,5
2024-10-01 14:56,HD2410010281,アカウント,情シス,中,係長,34,2024-10-01,あり,達成,あり,オンサイト,チャット,仕様,5
2025-10-25 11:12,HD2510250282,セキュリティ,マーケ,中,係長,57,2025-10-25,あり,達成,あり,リモート,電話,教育不足,5
2025-08-03 15:09,HD2508030283,PCトラブル,マーケ,低,係長,18,2025-08-03,あり,達成,なし,リモート,電話,脆弱性,5
2024-03-15 06:57,HD2403150284,ネットワーク,人事,低,課長,18,2024-03-15,なし,達成,なし,リモート,メール,設定不備,4
2024-07-13 22:48,HD2407130285,PCトラブル,情シス,緊急,主任,87,2024-07-14,あり,未達,なし,リモート,チケット,教育不足,3
2025-08-02 19:47,HD2508020286,PCトラブル,人事,中,主任,80,2025-08-02,なし,達成,なし,リモート,チャット,ハード故障,4
2025-01-29 06:27,HD2501290287,業務システム,情シス,中,課長,79,2025-01-29,あり,達成,なし,リモート,電話,脆弱性,5
2024-01-04 23:50,HD2401040288,PCトラブル,営業,中,課長,59,2024-01-05,あり,達成,なし,リモート,チケット,脆弱性,5
2025-02-03 01:36,HD2502030289,PCトラブル,経理,中,主任,65,2025-02-03,あり,達成,なし,リモート,メール,仕様,5
2025-10-07 15:27,HD2510070290,ネットワーク,法務,中,課長,68,2025-10-07,あり,達成,なし,リモート,チャット,外部要因,4
2024-05-13 19:34,HD2405130291,PCトラブル,マーケ,低,課長,27,2024-05-13,あり,達成,なし,リモート,チャット,外部要因,5
2025-06-17 03:35,HD2506170292,VPN,開発,低,主任,21,2025-06-17,あり,達成,なし,リモート,チャット,教育不足,4
2025-09-03 17:29,HD2509030293,アカウント,開発,低,課長,24,2025-09-03,あり,達成,なし,リモート,電話,教育不足,5
2025-11-29 08:26,HD2511290294,セキュリティ,総務,中,係長,87,2025-11-29,あり,達成,なし,オンサイト,電話,設定不備,5
2025-12-28 03:36,HD2512280295,ネットワーク,製造,中,主任,88,2025-12-28,あり,達成,なし,オンサイト,対面,教育不足,5
2025-05-13 17:10,HD2505130296,PCトラブル,法務,低,係長,40,2025-05-13,あり,達成,なし,オンサイト,チャット,仕様,5
2025-11-17 19:32,HD2511170297,アカウント,情シス,中,課長,72,2025-11-17,あり,達成,なし,オンサイト,チャット,設定不備,5
2025-08-31 17:18,HD2508310298,セキュリティ,情シス,中,係長,59,2025-08-31,なし,達成,なし,オンサイト,チャット,教育不足,4
2024-11-29 05:44,HD2411290299,アカウント,マーケ,中,係長,92,2024-11-29,あり,達成,なし,電話,電話,仕様,5
2025-03-04 09:45,HD2503040300,PCトラブル,情シス,高,係長,71,2025-03-04,あり,達成,なし,電話,チャット,教育不足,5
2025-04-20 13:00,HD2504200301,VPN,法務,中,主任,58,2025-04-20,あり,達成,なし,リモート,電話,教育不足,5
2024-04-25 05:05,HD2404250302,アカウント,情シス,中,主任,85,2024-04-25,あり,達成,なし,リモート,対面,ハード故障,5
2025-08-08 07:12,HD2508080303,アカウント,経理,低,課長,16,2025-08-08,あり,達成,なし,リモート,メール,教育不足,4
2024-10-19 01:27,HD2410190304,業務システム,製造,中,主任,49,2024-10-19,あり,達成,なし,リモート,チャット,ハード故障,4
2025-05-17 04:31,HD2505170305,ネットワーク,情シス,低,主任,30,2025-05-17,あり,達成,なし,リモート,チケット,外部要因,5
2025-11-12 00:05,HD2511120306,プリンタ,総務,中,係長,53,2025-11-12,あり,達成,なし,リモート,チャット,教育不足,5
2024-06-20 08:19,HD2406200307,メール,製造,高,係長,118,2024-06-20,あり,未達,なし,リモート,チケット,教育不足,1
2025-08-26 13:03,HD2508260308,PCトラブル,法務,中,係長,62,2025-08-26,あり,達成,なし,電話,チャット,設定不備,5
2024-04-04 11:46,HD2404040309,アカウント,マーケ,中,課長,51,2024-04-04,あり,達成,なし,リモート,チャット,ハード故障,5
2024-08-10 08:32,HD2408100310,PCトラブル,総務,低,主任,19,2024-08-10,あり,達成,なし,リモート,チャット,ハード故障,5
2024-10-30 18:21,HD2410300311,アカウント,営業,中,課長,76,2024-10-30,あり,達成,なし,リモート,チャット,教育不足,5
2024-11-02 03:23,HD2411020312,PCトラブル,開発,中,課長,70,2024-11-02,あり,達成,あり,電話,対面,教育不足,4
2026-01-12 00:49,HD2601120313,ネットワーク,総務,低,主任,20,2026-01-12,あり,達成,あり,リモート,チケット,その他,5
2025-02-09 10:26,HD2502090314,SaaS利用,マーケ,中,係長,108,2025-02-09,なし,達成,なし,リモート,チャット,教育不足,5
2026-01-20 12:00,HD2601200315,PCトラブル,人事,中,係長,71,2026-01-20,あり,達成,なし,オンサイト,電話,教育不足,5
2026-02-14 13:53,HD2602140316,その他,総務,高,係長,191,2026-02-14,あり,未達,なし,電話,チケット,脆弱性,3
2024-05-23 00:15,HD2405230317,PCトラブル,製造,中,主任,26,2024-05-23,なし,達成,なし,オンサイト,電話,教育不足,4
2024-05-19 04:33,HD2405190318,SaaS利用,開発,中,主任,48,2024-05-19,あり,達成,なし,リモート,チャット,教育不足,5
2025-04-02 17:30,HD2504020319,アカウント,人事,中,課長,58,2025-04-02,あり,達成,なし,電話,チャット,設定不備,5
2024-01-27 00:55,HD2401270320,メール,人事,低,課長,39,2024-01-27,なし,達成,あり,電話,チケット,外部要因,3
2025-12-30 05:43,HD2512300321,業務システム,マーケ,中,主任,119,2025-12-30,あり,達成,なし,オンサイト,チケット,教育不足,5
2024-08-01 17:35,HD2408010322,VPN,総務,中,主任,43,2024-08-01,あり,達成,なし,リモート,チケット,教育不足,5
2024-10-29 08:03,HD2410290323,PCトラブル,経理,中,係長,48,2024-10-29,なし,達成,なし,電話,チケット,その他,5
2024-03-07 19:15,HD2403070324,業務システム,開発,中,課長,67,2024-03-07,あり,達成,なし,電話,チケット,設定不備,5
2025-03-22 01:18,HD2503220325,PCトラブル,営業,低,課長,22,2025-03-22,あり,達成,なし,リモート,対面,外部要因,5
2024-03-16 01:48,HD2403160326,業務システム,マーケ,中,課長,104,2024-03-16,なし,達成,なし,リモート,チケット,教育不足,4
2024-06-13 00:53,HD2406130327,PCトラブル,情シス,中,主任,63,2024-06-13,あり,達成,なし,リモート,チケット,仕様,5
2025-02-22 12:48,HD2502220328,その他,法務,高,係長,101,2025-02-22,あり,未達,なし,リモート,対面,教育不足,1
2024-02-16 15:00,HD2402160329,SaaS利用,開発,低,係長,42,2024-02-16,あり,達成,なし,リモート,チケット,その他,5
2024-07-30 23:06,HD2407300330,メール,総務,中,主任,73,2024-07-31,あり,達成,なし,オンサイト,チャット,設定不備,5
2025-11-29 10:01,HD2511290331,SaaS利用,情シス,中,係長,38,2025-11-29,あり,達成,なし,電話,チャット,その他,5
2025-06-22 08:09,HD2506220332,SaaS利用,法務,低,係長,15,2025-06-22,あり,達成,なし,リモート,チャット,ハード故障,4
2024-01-23 12:57,HD2401230333,セキュリティ,製造,低,主任,25,2024-01-23,あり,達成,なし,電話,チケット,教育不足,5
2025-12-07 22:35,HD2512070334,プリンタ,マーケ,低,課長,35,2025-12-07,あり,達成,あり,リモート,チケット,教育不足,5
2025-12-04 05:12,HD2512040335,VPN,情シス,低,課長,22,2025-12-04,あり,達成,なし,リモート,電話,脆弱性,5
2025-06-21 01:18,HD2506210336,業務システム,製造,中,係長,87,2025-06-21,なし,達成,なし,リモート,対面,設定不備,5
2024-05-28 22:59,HD2405280337,セキュリティ,営業,中,係長,92,2024-05-29,あり,達成,なし,リモート,チケット,教育不足,4
2025-12-28 21:27,HD2512280338,PCトラブル,マーケ,低,主任,18,2025-12-28,なし,達成,あり,オンサイト,チケット,教育不足,1
2026-03-04 13:50,HD2603040339,PCトラブル,営業,中,課長,47,2026-03-04,あり,達成,なし,オンサイト,チャット,教育不足,4
2024-10-13 12:07,HD2410130340,PCトラブル,開発,中,課長,77,2024-10-13,あり,達成,なし,オンサイト,電話,設定不備,5
2024-05-30 22:18,HD2405300341,SaaS利用,営業,低,主任,29,2024-05-30,あり,達成,あり,リモート,チャット,脆弱性,5
2024-12-18 17:00,HD2412180342,PCトラブル,開発,低,係長,5,2024-12-18,なし,達成,なし,リモート,チケット,ハード故障,5
2025-03-13 21:50,HD2503130343,VPN,法務,低,係長,12,2025-03-13,なし,達成,なし,リモート,チャット,ハード故障,5
2025-02-27 18:59,HD2502270344,アカウント,情シス,低,係長,15,2025-02-27,あり,達成,なし,オンサイト,チケット,仕様,5
2024-02-04 17:54,HD2402040345,PCトラブル,営業,低,係長,25,2024-02-04,あり,達成,なし,リモート,チケット,教育不足,5
2024-01-20 08:50,HD2401200346,PCトラブル,製造,低,係長,9,2024-01-20,あり,達成,なし,オンサイト,チケット,設定不備,5
2026-05-14 18:33,HD2605140347,アカウント,法務,高,主任,95,2026-05-14,あり,達成,なし,リモート,チケット,ハード故障,5
2024-05-28 21:33,HD2405280348,SaaS利用,営業,低,主任,19,2024-05-28,なし,達成,なし,電話,チャット,ハード故障,5
2024-06-11 16:07,HD2406110349,アカウント,営業,低,課長,15,2024-06-11,なし,達成,あり,リモート,チケット,ハード故障,3
2025-11-17 11:31,HD2511170350,プリンタ,製造,低,課長,18,2025-11-17,なし,達成,なし,リモート,チケット,脆弱性,4
2024-03-21 15:32,HD2403210351,SaaS利用,製造,低,係長,26,2024-03-21,あり,達成,なし,リモート,チケット,設定不備,5
2025-10-11 12:36,HD2510110352,PCトラブル,総務,低,係長,23,2025-10-11,あり,達成,なし,電話,チャット,設定不備,5
2024-01-02 06:56,HD2401020353,PCトラブル,営業,低,主任,25,2024-01-02,あり,達成,なし,リモート,チケット,教育不足,5
2026-01-09 12:28,HD2601090354,PCトラブル,開発,低,主任,25,2026-01-09,あり,達成,なし,リモート,メール,設定不備,4
2025-04-09 15:04,HD2504090355,アカウント,法務,低,主任,25,2025-04-09,あり,達成,なし,電話,チャット,設定不備,5
2026-03-31 12:07,HD2603310356,VPN,情シス,低,課長,24,2026-03-31,あり,達成,なし,リモート,対面,設定不備,4
2024-03-24 10:46,HD2403240357,PCトラブル,情シス,低,課長,34,2024-03-24,なし,達成,あり,リモート,チケット,設定不備,1
2025-04-10 18:38,HD2504100358,ネットワーク,人事,中,課長,56,2025-04-10,あり,達成,なし,オンサイト,メール,教育不足,5
2026-02-20 15:22,HD2602200359,PCトラブル,人事,中,主任,31,2026-02-20,あり,達成,なし,リモート,チケット,ハード故障,5
2024-05-14 00:56,HD2405140360,PCトラブル,総務,高,課長,61,2024-05-14,あり,達成,なし,電話,チャット,外部要因,5
2026-01-25 08:46,HD2601250361,アカウント,人事,高,主任,134,2026-01-25,なし,達成,なし,リモート,チャット,外部要因,4
2025-08-11 17:09,HD2508110362,アカウント,情シス,低,係長,19,2025-08-11,あり,達成,なし,リモート,チケット,教育不足,4
2025-07-07 17:48,HD2507070363,PCトラブル,マーケ,中,課長,49,2025-07-07,あり,達成,なし,電話,チケット,教育不足,5
2025-02-01 11:34,HD2502010364,SaaS利用,マーケ,高,課長,137,2025-02-01,あり,未達,なし,リモート,チャット,その他,3
2025-08-24 15:12,HD2508240365,ネットワーク,開発,高,係長,86,2025-08-24,あり,達成,あり,リモート,チケット,設定不備,5
2025-10-09 05:00,HD2510090366,PCトラブル,営業,中,主任,51,2025-10-09,あり,達成,なし,オンサイト,チケット,設定不備,5
2025-10-02 03:04,HD2510020367,業務システム,製造,中,主任,111,2025-10-02,あり,達成,なし,オンサイト,チケット,教育不足,5
2024-02-24 15:33,HD2402240368,プリンタ,開発,高,主任,151,2024-02-24,あり,達成,なし,オンサイト,チケット,外部要因,5
2025-09-09 01:57,HD2509090369,PCトラブル,マーケ,緊急,課長,198,2025-09-09,なし,未達,なし,オンサイト,チケット,ハード故障,1
2024-05-19 19:02,HD2405190370,SaaS利用,マーケ,低,係長,29,2024-05-19,あり,達成,なし,リモート,電話,設定不備,5
2025-01-14 05:52,HD2501140371,ネットワーク,経理,中,主任,28,2025-01-14,あり,達成,なし,オンサイト,チャット,教育不足,5
2025-11-10 04:09,HD2511100372,VPN,情シス,中,係長,41,2025-11-10,あり,達成,なし,リモート,チャット,脆弱性,5
2025-07-09 06:01,HD2507090373,SaaS利用,経理,低,係長,10,2025-07-09,あり,達成,なし,オンサイト,メール,設定不備,5
2026-04-23 02:11,HD2604230374,メール,営業,低,係長,30,2026-04-23,あり,達成,なし,リモート,対面,仕様,5
2024-09-28 04:11,HD2409280375,その他,人事,緊急,主任,136,2024-09-28,なし,未達,なし,リモート,メール,設定不備,1
2025-08-20 11:56,HD2508200376,PCトラブル,経理,中,係長,89,2025-08-20,あり,達成,なし,リモート,チケット,仕様,5
2024-07-12 06:08,HD2407120377,PCトラブル,経理,高,主任,110,2024-07-12,あり,達成,なし,電話,チャット,その他,5
2024-06-19 11:25,HD2406190378,メール,開発,低,課長,27,2024-06-19,あり,達成,なし,オンサイト,メール,外部要因,5
2024-09-06 22:27,HD2409060379,ネットワーク,法務,低,係長,38,2024-09-06,あり,達成,あり,リモート,メール,設定不備,5
2024-05-05 22:50,HD2405050380,アカウント,開発,中,主任,21,2024-05-05,あり,達成,あり,オンサイト,チケット,設定不備,5
2026-05-22 16:28,HD2605220381,業務システム,開発,中,係長,176,2026-05-22,あり,達成,なし,オンサイト,チャット,設定不備,5
2026-01-28 06:37,HD2601280382,アカウント,営業,中,主任,46,2026-01-28,あり,達成,なし,リモート,メール,ハード故障,5
2025-01-27 07:09,HD2501270383,PCトラブル,マーケ,高,課長,100,2025-01-27,あり,達成,なし,オンサイト,メール,仕様,4
2025-12-19 11:23,HD2512190384,メール,開発,低,課長,55,2025-12-19,あり,達成,なし,リモート,チケット,ハード故障,5
2024-12-06 08:06,HD2412060385,VPN,マーケ,中,係長,55,2024-12-06,あり,達成,なし,電話,チケット,教育不足,5
2025-06-17 08:45,HD2506170386,プリンタ,法務,高,主任,161,2025-06-17,なし,未達,なし,リモート,メール,仕様,2
2024-11-05 08:28,HD2411050387,アカウント,開発,緊急,係長,199,2024-11-05,あり,未達,なし,オンサイト,チャット,仕様,3
2026-02-18 11:55,HD2602180388,プリンタ,営業,高,主任,236,2026-02-18,あり,未達,なし,オンサイト,チケット,ハード故障,1
2024-02-05 05:55,HD2402050389,PCトラブル,開発,高,係長,99,2024-02-05,あり,未達,なし,リモート,チャット,教育不足,3
2026-01-16 23:51,HD2601160390,VPN,法務,中,課長,53,2026-01-17,あり,達成,なし,オンサイト,チャット,設定不備,4
2025-10-15 12:07,HD2510150391,アカウント,マーケ,低,係長,22,2025-10-15,なし,達成,なし,オンサイト,チャット,ハード故障,3
2024-08-22 04:51,HD2408220392,アカウント,総務,低,係長,37,2024-08-22,あり,達成,なし,リモート,チャット,設定不備,5
2024-05-07 13:29,HD2405070393,アカウント,製造,低,課長,21,2024-05-07,あり,達成,なし,オンサイト,チャット,設定不備,5
2024-03-17 05:48,HD2403170394,PCトラブル,経理,低,係長,24,2024-03-17,あり,達成,なし,オンサイト,メール,設定不備,5
2024-01-05 03:59,HD2401050395,アカウント,営業,中,課長,13,2024-01-05,あり,達成,なし,リモート,電話,ハード故障,4
2024-06-09 06:56,HD2406090396,PCトラブル,製造,低,課長,29,2024-06-09,あり,達成,なし,リモート,チケット,教育不足,4
2024-09-03 11:15,HD2409030397,VPN,営業,中,課長,68,2024-09-03,なし,達成,なし,オンサイト,チャット,教育不足,3
2025-01-11 22:22,HD2501110398,アカウント,人事,低,主任,18,2025-01-11,なし,達成,なし,オンサイト,チケット,ハード故障,4
2024-11-25 20:54,HD2411250399,ネットワーク,人事,低,主任,19,2024-11-25,あり,達成,なし,オンサイト,チケット,設定不備,5
2024-12-26 21:57,HD2412260400,ネットワーク,経理,高,主任,120,2024-12-26,あり,達成,なし,電話,メール,教育不足,5
2026-01-22 21:16,HD2601220401,ネットワーク,製造,低,課長,31,2026-01-22,あり,達成,あり,オンサイト,チケット,ハード故障,5
2025-04-22 00:24,HD2504220402,アカウント,法務,中,課長,55,2025-04-22,あり,達成,なし,電話,チャット,仕様,4
2024-02-27 20:57,HD2402270403,メール,経理,中,係長,62,2024-02-27,あり,達成,なし,リモート,チケット,設定不備,4
2026-01-20 02:50,HD2601200404,PCトラブル,製造,緊急,係長,175,2026-01-20,なし,未達,なし,リモート,チャット,教育不足,3
2025-11-24 08:32,HD2511240405,アカウント,法務,低,主任,21,2025-11-24,あり,達成,なし,リモート,電話,仕様,5
2024-03-27 11:22,HD2403270406,プリンタ,情シス,緊急,課長,338,2024-03-27,あり,未達,なし,リモート,チケット,外部要因,3
2025-12-20 19:52,HD2512200407,PCトラブル,開発,中,課長,22,2025-12-20,あり,達成,あり,オンサイト,チケット,ハード故障,4
2025-12-08 22:49,HD2512080408,VPN,製造,低,課長,35,2025-12-08,あり,達成,なし,リモート,メール,ハード故障,4
2024-09-13 15:09,HD2409130409,メール,人事,低,主任,45,2024-09-13,あり,達成,なし,リモート,チケット,ハード故障,4
2025-05-06 05:34,HD2505060410,メール,営業,低,係長,22,2025-05-06,あり,達成,なし,オンサイト,電話,教育不足,4
2024-05-15 23:53,HD2405150411,アカウント,マーケ,中,主任,83,2024-05-16,あり,達成,なし,リモート,チケット,外部要因,5
2025-07-23 23:30,HD2507230412,アカウント,総務,中,課長,87,2025-07-24,あり,達成,なし,リモート,チケット,その他,5
2024-10-13 00:05,HD2410130413,プリンタ,製造,低,係長,32,2024-10-13,あり,達成,なし,リモート,チケット,その他,4
2024-11-09 01:19,HD2411090414,PCトラブル,総務,中,主任,49,2024-11-09,あり,達成,なし,リモート,チケット,外部要因,5
2025-11-27 10:03,HD2511270415,SaaS利用,製造,高,課長,135,2025-11-27,あり,達成,なし,リモート,チケット,教育不足,5
2025-06-13 03:39,HD2506130416,PCトラブル,マーケ,低,係長,15,2025-06-13,あり,達成,なし,電話,チケット,脆弱性,5
2025-09-24 21:57,HD2509240417,SaaS利用,営業,低,課長,17,2025-09-24,あり,達成,あり,リモート,チケット,仕様,5
2024-01-20 23:01,HD2401200418,セキュリティ,情シス,低,主任,32,2024-01-20,なし,達成,なし,リモート,電話,設定不備,3
2024-06-07 01:37,HD2406070419,セキュリティ,営業,低,主任,37,2024-06-07,あり,達成,なし,電話,チケット,設定不備,5
2025-01-03 06:23,HD2501030420,その他,情シス,高,係長,200,2025-01-03,あり,未達,なし,リモート,メール,脆弱性,2
2024-03-01 21:55,HD2403010421,プリンタ,開発,低,課長,28,2024-03-01,なし,達成,なし,オンサイト,メール,設定不備,4
2026-02-26 19:51,HD2602260422,プリンタ,総務,中,主任,55,2026-02-26,なし,達成,なし,電話,メール,教育不足,3
2025-08-26 15:51,HD2508260423,セキュリティ,営業,低,係長,40,2025-08-26,あり,達成,なし,リモート,メール,設定不備,4
2024-06-10 19:12,HD2406100424,アカウント,人事,高,主任,72,2024-06-10,なし,達成,なし,リモート,チケット,外部要因,3
2026-01-17 03:43,HD2601170425,SaaS利用,総務,低,係長,36,2026-01-17,あり,達成,なし,オンサイト,チャット,教育不足,4
2025-06-27 22:17,HD2506270426,業務システム,人事,低,課長,20,2025-06-27,なし,達成,なし,電話,チケット,設定不備,3
2026-01-16 02:57,HD2601160427,VPN,開発,高,係長,176,2026-01-16,あり,未達,なし,リモート,チャット,設定不備,3
2024-10-30 06:17,HD2410300428,アカウント,製造,高,係長,187,2024-10-30,あり,未達,なし,リモート,チャット,設定不備,3
2024-07-17 05:19,HD2407170429,アカウント,法務,低,係長,43,2024-07-17,あり,達成,なし,リモート,チャット,仕様,4
2024-09-01 16:11,HD2409010430,VPN,製造,高,課長,26,2024-09-01,あり,達成,なし,リモート,チケット,外部要因,5
2025-12-23 08:49,HD2512230431,PCトラブル,法務,低,課長,43,2025-12-23,あり,達成,なし,オンサイト,メール,設定不備,4
2024-06-12 18:51,HD2406120432,PCトラブル,製造,低,係長,32,2024-06-12,なし,達成,なし,オンサイト,チャット,設定不備,5
2025-12-26 22:43,HD2512260433,ネットワーク,人事,低,主任,36,2025-12-26,あり,達成,あり,リモート,チャット,設定不備,5
2025-11-05 03:50,HD2511050434,SaaS利用,人事,低,課長,40,2025-11-05,なし,達成,なし,リモート,電話,外部要因,5
2024-09-19 01:55,HD2409190435,SaaS利用,総務,中,係長,31,2024-09-19,あり,達成,なし,リモート,チケット,設定不備,5
2024-04-30 13:17,HD2404300436,業務システム,経理,低,課長,46,2024-04-30,あり,達成,なし,リモート,チケット,教育不足,5
2025-05-15 23:24,HD2505150437,PCトラブル,製造,低,課長,26,2025-05-15,あり,達成,なし,オンサイト,チケット,設定不備,4
2024-12-07 10:09,HD2412070438,ネットワーク,開発,低,課長,22,2024-12-07,あり,達成,なし,電話,電話,仕様,5
2025-11-12 17:42,HD2511120439,プリンタ,総務,高,主任,140,2025-11-12,なし,未達,なし,リモート,チケット,脆弱性,3
2024-04-11 14:15,HD2404110440,セキュリティ,マーケ,低,係長,35,2024-04-11,なし,達成,なし,オンサイト,チケット,仕様,3
2026-05-17 06:21,HD2605170441,アカウント,経理,中,係長,84,2026-05-17,あり,達成,なし,オンサイト,チャット,教育不足,5
2024-04-27 14:51,HD2404270442,業務システム,情シス,中,係長,57,2024-04-27,あり,達成,なし,リモート,メール,その他,5
2024-01-11 17:34,HD2401110443,PCトラブル,マーケ,低,課長,30,2024-01-11,あり,達成,なし,リモート,電話,設定不備,4
2024-07-06 03:32,HD2407060444,プリンタ,情シス,低,課長,22,2024-07-06,あり,達成,なし,オンサイト,チケット,教育不足,4
2024-10-18 09:14,HD2410180445,VPN,マーケ,中,主任,50,2024-10-18,あり,達成,なし,電話,メール,脆弱性,5
2025-10-06 22:08,HD2510060446,PCトラブル,情シス,中,課長,46,2025-10-06,あり,達成,なし,オンサイト,チャット,その他,5
2026-01-17 07:16,HD2601170447,アカウント,製造,低,係長,25,2026-01-17,あり,達成,なし,リモート,チケット,仕様,5
2025-12-16 07:50,HD2512160448,SaaS利用,経理,低,係長,27,2025-12-16,あり,達成,なし,オンサイト,チケット,教育不足,5
2026-01-09 18:38,HD2601090449,VPN,経理,中,課長,68,2026-01-09,なし,達成,なし,オンサイト,電話,設定不備,3
2026-05-31 11:53,HD2605310450,ネットワーク,マーケ,中,課長,115,2026-05-31,なし,達成,なし,オンサイト,チャット,その他,3
2024-10-23 09:28,HD2410230451,ネットワーク,開発,低,主任,17,2024-10-23,あり,達成,あり,リモート,メール,外部要因,5
2024-10-31 18:21,HD2410310452,アカウント,開発,中,課長,40,2024-10-31,なし,達成,なし,リモート,電話,その他,4
2024-03-06 20:45,HD2403060453,PCトラブル,総務,中,係長,86,2024-03-06,あり,達成,なし,オンサイト,チケット,設定不備,5
2026-03-29 20:39,HD2603290454,アカウント,情シス,低,主任,21,2026-03-29,あり,達成,なし,電話,電話,脆弱性,4
2024-02-06 14:41,HD2402060455,ネットワーク,営業,中,主任,72,2024-02-06,あり,達成,なし,リモート,メール,設定不備,5
2025-04-10 19:44,HD2504100456,PCトラブル,マーケ,低,主任,31,2025-04-10,あり,達成,なし,リモート,チケット,仕様,5
2026-03-07 04:20,HD2603070457,業務システム,人事,低,係長,31,2026-03-07,あり,達成,なし,オンサイト,チャット,設定不備,5
2025-09-26 21:17,HD2509260458,その他,開発,低,主任,28,2025-09-26,あり,達成,なし,リモート,電話,教育不足,5
2024-05-18 18:56,HD2405180459,PCトラブル,マーケ,低,主任,25,2024-05-18,あり,達成,なし,リモート,チケット,設定不備,4
2025-10-05 06:10,HD2510050460,セキュリティ,製造,低,課長,40,2025-10-05,あり,達成,なし,リモート,チャット,教育不足,5
2024-04-03 14:05,HD2404030461,ネットワーク,製造,低,係長,21,2024-04-03,あり,達成,なし,リモート,電話,設定不備,5
2024-04-19 14:12,HD2404190462,PCトラブル,マーケ,低,課長,5,2024-04-19,あり,達成,なし,リモート,メール,仕様,5
2025-09-19 15:02,HD2509190463,PCトラブル,マーケ,中,主任,63,2025-09-19,あり,達成,なし,リモート,チケット,脆弱性,4
2024-09-21 15:01,HD2409210464,アカウント,経理,高,課長,106,2024-09-21,あり,達成,なし,リモート,チケット,設定不備,5
2025-08-28 20:58,HD2508280465,メール,人事,低,課長,17,2025-08-28,あり,達成,あり,リモート,チャット,その他,5
2024-10-05 07:02,HD2410050466,業務システム,経理,高,課長,168,2024-10-05,あり,未達,なし,リモート,電話,教育不足,3
2024-12-20 22:09,HD2412200467,その他,開発,低,課長,24,2024-12-20,あり,達成,なし,リモート,チャット,仕様,5
2024-04-30 02:29,HD2404300468,アカウント,総務,高,主任,163,2024-04-30,あり,未達,なし,リモート,チケット,教育不足,3
2024-05-31 19:49,HD2405310469,アカウント,経理,低,課長,33,2024-05-31,なし,達成,なし,リモート,チケット,教育不足,4
2025-02-15 03:56,HD2502150470,プリンタ,営業,低,係長,18,2025-02-15,あり,達成,なし,リモート,チケット,教育不足,5
2024-07-08 06:32,HD2407080471,アカウント,法務,緊急,課長,146,2024-07-08,あり,未達,なし,リモート,チケット,その他,2
2024-07-27 09:06,HD2407270472,PCトラブル,人事,低,係長,15,2024-07-27,あり,達成,なし,リモート,チャット,脆弱性,5
2024-03-13 09:39,HD2403130473,PCトラブル,製造,低,係長,42,2024-03-13,なし,達成,なし,リモート,チケット,ハード故障,3
2026-05-01 09:44,HD2605010474,メール,人事,中,係長,37,2026-05-01,あり,達成,なし,リモート,チケット,設定不備,5
2024-11-26 00:32,HD2411260475,VPN,人事,低,課長,18,2024-11-26,あり,達成,なし,オンサイト,メール,教育不足,5
2025-09-04 15:07,HD2509040476,SaaS利用,人事,中,主任,5,2025-09-04,あり,達成,あり,電話,チケット,ハード故障,5
2024-10-08 09:19,HD2410080477,ネットワーク,法務,低,課長,17,2024-10-08,あり,達成,なし,リモート,チケット,教育不足,4
2026-05-05 04:42,HD2605050478,プリンタ,マーケ,低,課長,32,2026-05-05,あり,達成,なし,オンサイト,メール,設定不備,5
2024-10-12 04:26,HD2410120479,SaaS利用,情シス,高,主任,150,2024-10-12,あり,達成,なし,リモート,チャット,ハード故障,5
2025-11-29 15:01,HD2511290480,アカウント,営業,低,課長,25,2025-11-29,あり,達成,なし,リモート,メール,仕様,5
2025-10-10 13:47,HD2510100481,アカウント,開発,中,主任,86,2025-10-10,あり,達成,あり,電話,チャット,教育不足,4
2026-05-24 01:38,HD2605240482,業務システム,法務,中,主任,77,2026-05-24,なし,達成,あり,リモート,チャット,その他,2
2025-03-24 21:31,HD2503240483,その他,経理,低,課長,24,2025-03-24,あり,達成,なし,リモート,チケット,設定不備,4
2025-04-01 06:31,HD2504010484,プリンタ,人事,中,主任,46,2025-04-01,あり,達成,なし,リモート,チャット,設定不備,4
2026-04-28 18:07,HD2604280485,メール,人事,中,係長,50,2026-04-28,あり,達成,なし,オンサイト,対面,外部要因,5
2026-05-11 08:31,HD2605110486,業務システム,情シス,高,係長,233,2026-05-11,あり,未達,なし,オンサイト,チケット,仕様,2
2024-02-24 04:56,HD2402240487,PCトラブル,情シス,中,係長,36,2024-02-24,あり,達成,なし,リモート,チケット,設定不備,5
2024-08-09 04:57,HD2408090488,PCトラブル,法務,低,係長,34,2024-08-09,あり,達成,なし,リモート,チケット,設定不備,5
2024-04-19 15:10,HD2404190489,業務システム,マーケ,中,主任,98,2024-04-19,あり,達成,なし,リモート,チャット,仕様,4
2024-10-17 21:36,HD2410170490,アカウント,製造,低,係長,18,2024-10-17,あり,達成,なし,リモート,電話,教育不足,5
2025-10-30 20:29,HD2510300491,アカウント,開発,高,係長,97,2025-10-30,なし,達成,なし,リモート,電話,教育不足,4
2025-04-27 01:04,HD2504270492,PCトラブル,総務,低,課長,21,2025-04-27,あり,達成,なし,リモート,チケット,外部要因,5
2026-02-23 04:40,HD2602230493,アカウント,開発,中,主任,46,2026-02-23,あり,達成,なし,電話,チケット,仕様,5
2025-07-15 15:42,HD2507150494,ネットワーク,法務,低,課長,12,2025-07-15,あり,達成,なし,リモート,チケット,教育不足,4
2025-06-20 23:07,HD2506200495,PCトラブル,製造,低,主任,11,2025-06-20,あり,達成,なし,オンサイト,チケット,設定不備,5
2025-11-25 01:24,HD2511250496,ネットワーク,人事,中,係長,49,2025-11-25,あり,達成,なし,リモート,チャット,仕様,5
2025-01-16 20:54,HD2501160497,PCトラブル,法務,低,主任,26,2025-01-16,あり,達成,なし,リモート,チケット,教育不足,5
2024-02-18 14:57,HD2402180498,ネットワーク,マーケ,中,主任,88,2024-02-18,あり,達成,なし,オンサイト,チケット,設定不備,5
2026-04-08 21:55,HD2604080499,業務システム,営業,低,主任,29,2026-04-08,あり,達成,なし,電話,チャット,外部要因,4
2024-06-13 09:23,HD2406130500,PCトラブル,開発,低,主任,26,2024-06-13,あり,達成,なし,リモート,チャット,仕様,5
2026-04-08 06:57,HD2604080501,PCトラブル,経理,中,主任,56,2026-04-08,あり,達成,あり,リモート,チャット,設定不備,5
2025-05-29 22:40,HD2505290502,プリンタ,営業,中,係長,60,2025-05-29,あり,達成,あり,電話,チャット,その他,5
2026-05-12 13:21,HD2605120503,業務システム,情シス,低,主任,36,2026-05-12,あり,達成,なし,リモート,対面,設定不備,5
2025-12-23 12:50,HD2512230504,ネットワーク,マーケ,低,係長,27,2025-12-23,あり,達成,なし,電話,メール,外部要因,4
2024-09-28 10:18,HD2409280505,その他,情シス,低,課長,30,2024-09-28,あり,達成,なし,リモート,チケット,教育不足,5
2025-07-13 00:28,HD2507130506,PCトラブル,人事,高,係長,56,2025-07-13,あり,達成,なし,リモート,チケット,脆弱性,5
2024-03-16 12:02,HD2403160507,アカウント,製造,中,係長,61,2024-03-16,あり,達成,なし,リモート,メール,教育不足,4
2025-03-22 11:35,HD2503220508,セキュリティ,法務,低,課長,39,2025-03-22,あり,達成,なし,オンサイト,メール,ハード故障,5
2024-07-13 04:35,HD2407130509,アカウント,製造,中,主任,30,2024-07-13,あり,達成,なし,リモート,チケット,設定不備,5
2024-04-14 14:31,HD2404140510,SaaS利用,情シス,高,主任,80,2024-04-14,あり,達成,なし,オンサイト,メール,ハード故障,5
2024-07-05 16:16,HD2407050511,ネットワーク,マーケ,中,課長,49,2024-07-05,なし,達成,なし,オンサイト,チケット,設定不備,4
2025-12-10 00:29,HD2512100512,PCトラブル,営業,低,主任,18,2025-12-10,あり,達成,なし,電話,メール,脆弱性,4
2025-07-27 02:50,HD2507270513,業務システム,人事,高,主任,216,2025-07-27,あり,未達,なし,オンサイト,チャット,その他,3
2024-04-07 12:11,HD2404070514,業務システム,経理,低,課長,39,2024-04-07,あり,達成,なし,リモート,チケット,教育不足,5
2026-03-07 13:13,HD2603070515,SaaS利用,開発,低,課長,11,2026-03-07,あり,達成,なし,オンサイト,チケット,脆弱性,5
2024-03-10 17:36,HD2403100516,SaaS利用,情シス,低,係長,37,2024-03-10,なし,達成,なし,電話,チケット,仕様,3
2024-07-14 21:52,HD2407140517,アカウント,総務,高,課長,45,2024-07-14,あり,達成,なし,オンサイト,チャット,仕様,5
2025-06-21 16:40,HD2506210518,ネットワーク,経理,低,課長,13,2025-06-21,なし,達成,なし,オンサイト,チケット,設定不備,5
2025-11-03 19:19,HD2511030519,アカウント,人事,低,課長,14,2025-11-03,なし,達成,なし,電話,電話,設定不備,5
2024-08-10 05:33,HD2408100520,PCトラブル,営業,低,係長,48,2024-08-10,なし,達成,あり,オンサイト,チャット,教育不足,3
2025-09-17 17:25,HD2509170521,業務システム,情シス,中,主任,49,2025-09-17,あり,達成,なし,リモート,チケット,外部要因,5
2025-05-24 21:27,HD2505240522,その他,経理,低,課長,14,2025-05-24,あり,達成,なし,リモート,チケット,設定不備,4
2025-12-25 08:12,HD2512250523,VPN,法務,低,係長,17,2025-12-25,あり,達成,なし,電話,チャット,仕様,5
2026-04-29 22:14,HD2604290524,アカウント,開発,中,課長,53,2026-04-29,あり,達成,なし,リモート,チャット,教育不足,4
2024-08-26 19:21,HD2408260525,業務システム,営業,緊急,主任,296,2024-08-27,あり,未達,なし,リモート,チャット,設定不備,2
2026-05-18 19:36,HD2605180526,プリンタ,営業,低,係長,17,2026-05-18,あり,達成,なし,電話,チケット,設定不備,5
2024-09-30 12:06,HD2409300527,VPN,営業,低,主任,16,2024-09-30,あり,達成,なし,電話,チャット,設定不備,4
2024-01-04 05:43,HD2401040528,その他,開発,中,課長,40,2024-01-04,あり,達成,なし,リモート,チケット,その他,5
2024-11-28 04:24,HD2411280529,アカウント,マーケ,緊急,課長,278,2024-11-28,あり,未達,なし,リモート,メール,外部要因,3
2025-12-15 06:17,HD2512150530,業務システム,マーケ,中,主任,150,2025-12-15,あり,達成,なし,オンサイト,対面,設定不備,5
2024-04-23 09:25,HD2404230531,業務システム,マーケ,低,係長,41,2024-04-23,あり,達成,なし,電話,チャット,教育不足,5
2025-04-12 12:28,HD2504120532,その他,マーケ,低,課長,27,2025-04-12,あり,達成,なし,リモート,チケット,教育不足,5
2025-05-17 19:25,HD2505170533,プリンタ,マーケ,中,課長,67,2025-05-17,なし,達成,なし,電話,チャット,仕様,3
2025-11-13 23:11,HD2511130534,セキュリティ,営業,中,課長,86,2025-11-14,あり,達成,なし,オンサイト,チャット,仕様,5
2025-09-13 12:09,HD2509130535,SaaS利用,開発,中,主任,48,2025-09-13,あり,達成,なし,リモート,電話,設定不備,5
2024-12-12 21:48,HD2412120536,業務システム,人事,中,係長,102,2024-12-12,なし,達成,なし,電話,チャット,仕様,3
2024-05-11 12:06,HD2405110537,アカウント,人事,低,係長,12,2024-05-11,あり,達成,なし,リモート,チケット,外部要因,5
2025-03-26 17:07,HD2503260538,ネットワーク,経理,低,係長,13,2025-03-26,あり,達成,なし,リモート,チケット,設定不備,5
2024-12-13 11:25,HD2412130539,アカウント,営業,中,主任,58,2024-12-13,あり,達成,なし,リモート,チケット,設定不備,5
2026-05-10 01:57,HD2605100540,ネットワーク,マーケ,低,課長,21,2026-05-10,あり,達成,なし,リモート,チャット,設定不備,5
2025-01-13 04:58,HD2501130541,VPN,経理,高,課長,195,2025-01-13,あり,未達,なし,リモート,チケット,教育不足,2
2024-09-24 02:37,HD2409240542,アカウント,営業,中,課長,6,2024-09-24,あり,達成,なし,リモート,チャット,教育不足,5
2025-12-02 15:37,HD2512020543,セキュリティ,法務,低,主任,44,2025-12-02,あり,達成,なし,リモート,チャット,設定不備,5
2024-01-03 17:23,HD2401030544,ネットワーク,法務,中,係長,57,2024-01-03,あり,達成,なし,電話,メール,ハード故障,5
2025-12-08 14:35,HD2512080545,ネットワーク,情シス,高,主任,131,2025-12-08,あり,達成,あり,オンサイト,メール,ハード故障,4
2024-05-23 01:45,HD2405230546,その他,総務,低,係長,23,2024-05-23,あり,達成,なし,リモート,電話,教育不足,5
2024-02-03 04:17,HD2402030547,PCトラブル,人事,中,主任,55,2024-02-03,あり,達成,なし,リモート,チケット,ハード故障,5
2026-04-21 01:45,HD2604210548,アカウント,法務,中,課長,70,2026-04-21,あり,達成,なし,オンサイト,チケット,教育不足,4
2024-02-17 19:32,HD2402170549,ネットワーク,法務,低,係長,25,2024-02-17,あり,達成,あり,リモート,チャット,設定不備,4
2024-06-25 10:58,HD2406250550,セキュリティ,営業,中,課長,81,2024-06-25,あり,達成,なし,オンサイト,チャット,設定不備,5
2025-06-28 05:38,HD2506280551,プリンタ,営業,中,課長,61,2025-06-28,あり,達成,あり,リモート,対面,設定不備,4
2025-12-17 10:25,HD2512170552,アカウント,開発,中,係長,73,2025-12-17,なし,達成,なし,オンサイト,メール,ハード故障,4
2025-09-17 03:07,HD2509170553,VPN,経理,中,主任,48,2025-09-17,あり,達成,なし,リモート,チャット,ハード故障,4
2025-09-18 14:32,HD2509180554,アカウント,開発,中,課長,51,2025-09-18,あり,達成,なし,リモート,チケット,脆弱性,5
2024-08-27 21:44,HD2408270555,PCトラブル,マーケ,中,課長,65,2024-08-27,あり,達成,なし,リモート,チケット,教育不足,4
2025-04-18 09:07,HD2504180556,セキュリティ,人事,低,主任,29,2025-04-18,あり,達成,なし,オンサイト,チケット,教育不足,4
2025-05-31 23:10,HD2505310557,アカウント,マーケ,中,係長,66,2025-06-01,あり,達成,なし,オンサイト,メール,設定不備,4
2024-01-04 13:29,HD2401040558,VPN,マーケ,中,主任,50,2024-01-04,あり,達成,なし,オンサイト,チャット,設定不備,5
2024-08-27 15:40,HD2408270559,業務システム,情シス,低,主任,8,2024-08-27,あり,達成,なし,リモート,チケット,外部要因,5
2025-09-11 15:31,HD2509110560,PCトラブル,営業,低,課長,19,2025-09-11,あり,達成,なし,オンサイト,チケット,設定不備,5
2026-04-24 05:27,HD2604240561,アカウント,人事,低,係長,19,2026-04-24,あり,達成,なし,オンサイト,電話,仕様,5
2024-01-08 16:23,HD2401080562,SaaS利用,開発,高,主任,111,2024-01-08,なし,達成,なし,電話,チャット,ハード故障,4
2024-12-25 01:07,HD2412250563,セキュリティ,情シス,高,主任,227,2024-12-25,あり,未達,なし,電話,チケット,設定不備,2
2024-05-13 22:19,HD2405130564,ネットワーク,製造,低,主任,36,2024-05-13,なし,達成,なし,リモート,対面,脆弱性,4
2024-12-08 15:20,HD2412080565,業務システム,総務,高,課長,49,2024-12-08,あり,達成,なし,リモート,メール,仕様,4
2026-05-11 11:25,HD2605110566,SaaS利用,マーケ,低,係長,23,2026-05-11,あり,達成,なし,リモート,チケット,仕様,4
2024-07-24 04:00,HD2407240567,メール,総務,中,課長,11,2024-07-24,あり,達成,なし,リモート,チャット,外部要因,4
2026-03-08 06:57,HD2603080568,アカウント,営業,高,係長,97,2026-03-08,あり,達成,なし,オンサイト,チケット,その他,5
2025-05-22 21:55,HD2505220569,プリンタ,マーケ,低,課長,22,2025-05-22,あり,達成,なし,リモート,メール,ハード故障,5
2024-01-05 05:11,HD2401050570,SaaS利用,製造,低,課長,31,2024-01-05,あり,達成,なし,電話,メール,仕様,5
2024-05-30 12:25,HD2405300571,メール,情シス,中,課長,57,2024-05-30,なし,達成,なし,リモート,メール,教育不足,5
2025-03-14 04:16,HD2503140572,SaaS利用,開発,中,主任,48,2025-03-14,あり,達成,なし,オンサイト,チケット,設定不備,4
2026-03-23 21:31,HD2603230573,メール,開発,中,課長,78,2026-03-23,あり,達成,なし,オンサイト,チケット,仕様,4
2024-01-30 17:26,HD2401300574,VPN,法務,緊急,係長,208,2024-01-30,あり,未達,なし,オンサイト,メール,外部要因,1
2026-04-20 22:07,HD2604200575,ネットワーク,人事,中,係長,98,2026-04-20,あり,達成,なし,リモート,チケット,設定不備,5
2024-06-16 22:08,HD2406160576,メール,製造,低,係長,28,2024-06-16,なし,達成,なし,リモート,チャット,外部要因,4
2024-11-10 22:00,HD2411100577,ネットワーク,マーケ,低,係長,21,2024-11-10,あり,達成,なし,リモート,チケット,ハード故障,5
2025-01-16 21:27,HD2501160578,PCトラブル,開発,低,課長,28,2025-01-16,あり,達成,なし,リモート,チケット,仕様,5
2024-07-23 19:45,HD2407230579,メール,製造,中,係長,99,2024-07-23,あり,達成,なし,オンサイト,チケット,設定不備,5
2024-05-27 04:40,HD2405270580,セキュリティ,情シス,中,課長,8,2024-05-27,あり,達成,なし,オンサイト,チャット,仕様,5
2025-02-04 11:19,HD2502040581,PCトラブル,製造,低,課長,28,2025-02-04,あり,達成,なし,リモート,チケット,設定不備,5
2026-03-15 12:05,HD2603150582,ネットワーク,情シス,中,係長,65,2026-03-15,あり,達成,なし,リモート,チャット,脆弱性,5
2024-03-15 17:57,HD2403150583,PCトラブル,営業,低,係長,9,2024-03-15,あり,達成,なし,リモート,チャット,教育不足,5
2026-04-22 19:58,HD2604220584,セキュリティ,営業,中,係長,118,2026-04-22,あり,達成,なし,リモート,チケット,設定不備,5
2024-11-17 09:49,HD2411170585,メール,総務,低,係長,5,2024-11-17,なし,達成,なし,リモート,メール,ハード故障,4
2024-12-19 04:19,HD2412190586,セキュリティ,総務,低,係長,38,2024-12-19,あり,達成,なし,オンサイト,チャット,ハード故障,4
2025-02-19 19:41,HD2502190587,ネットワーク,経理,中,課長,59,2025-02-19,あり,達成,なし,リモート,チャット,教育不足,5
2025-07-30 13:55,HD2507300588,PCトラブル,営業,中,主任,98,2025-07-30,なし,達成,なし,リモート,電話,外部要因,3
2025-01-02 15:07,HD2501020589,SaaS利用,マーケ,低,課長,34,2025-01-02,あり,達成,なし,リモート,対面,設定不備,4
2024-06-15 23:05,HD2406150590,PCトラブル,開発,低,主任,20,2024-06-15,あり,達成,なし,電話,チャット,設定不備,4
2025-11-27 12:09,HD2511270591,プリンタ,法務,低,主任,21,2025-11-27,なし,達成,なし,リモート,対面,設定不備,4
2024-01-22 16:03,HD2401220592,PCトラブル,人事,高,主任,115,2024-01-22,あり,達成,なし,オンサイト,チャット,設定不備,5
2024-12-03 20:28,HD2412030593,セキュリティ,総務,低,係長,18,2024-12-03,なし,達成,なし,オンサイト,チケット,その他,5
2024-05-11 16:26,HD2405110594,PCトラブル,経理,低,係長,22,2024-05-11,あり,達成,あり,リモート,対面,設定不備,5
2025-12-31 12:12,HD2512310595,SaaS利用,営業,中,係長,54,2025-12-31,あり,達成,なし,電話,対面,設定不備,5
2024-03-02 17:57,HD2403020596,メール,法務,低,係長,14,2024-03-02,なし,達成,なし,リモート,チャット,教育不足,5
2025-04-17 14:56,HD2504170597,プリンタ,開発,中,課長,21,2025-04-17,あり,達成,なし,リモート,チケット,その他,5
2026-02-12 16:53,HD2602120598,業務システム,情シス,低,主任,26,2026-02-12,あり,達成,なし,リモート,チケット,設定不備,5
2025-11-30 07:37,HD2511300599,アカウント,製造,高,主任,34,2025-11-30,あり,達成,なし,リモート,電話,教育不足,4
2025-05-31 05:03,HD2505310600,プリンタ,営業,低,課長,27,2025-05-31,なし,達成,あり,リモート,電話,ハード故障,1
2026-03-24 19:07,HD2603240601,PCトラブル,営業,中,係長,43,2026-03-24,あり,達成,なし,リモート,電話,ハード故障,5
2025-08-01 23:12,HD2508010602,SaaS利用,総務,高,主任,131,2025-08-02,なし,達成,なし,オンサイト,チャット,設定不備,4
2025-08-19 08:59,HD2508190603,プリンタ,マーケ,高,係長,66,2025-08-19,あり,達成,なし,リモート,メール,設定不備,5
2024-06-08 07:59,HD2406080604,アカウント,製造,中,主任,31,2024-06-08,あり,達成,あり,電話,チケット,設定不備,5
2026-03-29 19:06,HD2603290605,PCトラブル,人事,低,係長,29,2026-03-29,あり,達成,なし,リモート,対面,教育不足,5
2025-02-15 04:33,HD2502150606,PCトラブル,人事,低,課長,45,2025-02-15,あり,達成,なし,リモート,チケット,仕様,5
2025-01-29 18:31,HD2501290607,プリンタ,法務,低,課長,10,2025-01-29,なし,達成,なし,オンサイト,チャット,設定不備,4
2024-02-07 07:41,HD2402070608,ネットワーク,経理,低,係長,47,2024-02-07,なし,達成,なし,オンサイト,チャット,ハード故障,3
2025-02-07 15:57,HD2502070609,PCトラブル,経理,中,係長,30,2025-02-07,あり,達成,なし,リモート,チケット,教育不足,5
2025-11-03 18:40,HD2511030610,ネットワーク,情シス,低,係長,30,2025-11-03,あり,達成,なし,リモート,チケット,教育不足,4
2024-03-29 11:23,HD2403290611,アカウント,マーケ,低,係長,36,2024-03-29,あり,達成,なし,リモート,チケット,外部要因,4
2025-04-22 21:42,HD2504220612,アカウント,製造,中,課長,43,2025-04-22,なし,達成,なし,電話,チャット,外部要因,4
2025-08-18 15:06,HD2508180613,PCトラブル,開発,中,係長,5,2025-08-18,あり,達成,なし,電話,チケット,教育不足,5
2026-05-02 04:22,HD2605020614,プリンタ,営業,低,係長,33,2026-05-02,なし,達成,なし,リモート,チャット,設定不備,5
2024-01-12 09:08,HD2401120615,アカウント,営業,低,課長,31,2024-01-12,なし,達成,なし,オンサイト,チケット,仕様,4
2025-02-13 03:42,HD2502130616,ネットワーク,法務,低,係長,10,2025-02-13,あり,達成,あり,リモート,対面,教育不足,5
2024-11-26 20:58,HD2411260617,PCトラブル,総務,緊急,課長,255,2024-11-27,あり,未達,なし,オンサイト,メール,その他,2
2024-07-21 10:31,HD2407210618,PCトラブル,経理,中,係長,67,2024-07-21,あり,達成,なし,リモート,チケット,教育不足,4
2024-03-09 08:14,HD2403090619,アカウント,営業,中,主任,73,2024-03-09,あり,達成,なし,リモート,チケット,外部要因,4
2025-02-14 05:12,HD2502140620,アカウント,法務,高,課長,91,2025-02-14,あり,達成,なし,電話,チケット,設定不備,5
2026-02-06 11:20,HD2602060621,PCトラブル,開発,中,課長,69,2026-02-06,あり,達成,なし,リモート,メール,設定不備,5
2024-04-24 10:06,HD2404240622,PCトラブル,情シス,低,係長,37,2024-04-24,あり,達成,なし,オンサイト,チャット,その他,4
2026-01-05 09:15,HD2601050623,ネットワーク,製造,緊急,主任,142,2026-01-05,なし,未達,なし,電話,チケット,仕様,3
2024-08-18 06:18,HD2408180624,PCトラブル,総務,高,主任,83,2024-08-18,なし,達成,なし,リモート,チケット,外部要因,4
2025-04-20 04:51,HD2504200625,SaaS利用,経理,低,係長,33,2025-04-20,あり,達成,なし,電話,メール,教育不足,5
2024-11-04 11:26,HD2411040626,セキュリティ,総務,中,課長,145,2024-11-04,あり,達成,なし,電話,チケット,設定不備,5
2025-12-16 13:16,HD2512160627,アカウント,営業,低,係長,22,2025-12-16,あり,達成,なし,電話,チャット,ハード故障,4
2025-09-30 10:32,HD2509300628,PCトラブル,法務,中,課長,41,2025-09-30,あり,達成,なし,オンサイト,チケット,教育不足,4
2026-05-31 12:54,HD2605310629,PCトラブル,開発,高,課長,168,2026-05-31,あり,未達,なし,リモート,チャット,設定不備,2
2024-07-06 07:56,HD2407060630,ネットワーク,マーケ,高,係長,113,2024-07-06,あり,達成,なし,オンサイト,電話,教育不足,4
2024-11-19 22:27,HD2411190631,ネットワーク,情シス,中,係長,53,2024-11-19,なし,達成,なし,リモート,メール,設定不備,5
2024-02-01 05:56,HD2402010632,ネットワーク,法務,緊急,主任,173,2024-02-01,なし,未達,なし,リモート,チケット,設定不備,2
2025-04-24 03:21,HD2504240633,PCトラブル,開発,中,係長,36,2025-04-24,あり,達成,なし,オンサイト,チケット,教育不足,4
2024-11-25 22:32,HD2411250634,PCトラブル,情シス,中,主任,65,2024-11-25,あり,達成,なし,オンサイト,チャット,設定不備,5
2025-05-16 22:34,HD2505160635,SaaS利用,人事,中,主任,60,2025-05-16,あり,達成,なし,オンサイト,チケット,教育不足,5
2026-02-02 14:45,HD2602020636,セキュリティ,営業,中,係長,31,2026-02-02,あり,達成,なし,電話,チケット,ハード故障,5
2024-12-25 02:55,HD2412250637,アカウント,人事,中,課長,72,2024-12-25,あり,達成,なし,リモート,メール,教育不足,5
2026-02-21 21:22,HD2602210638,SaaS利用,マーケ,低,係長,17,2026-02-21,あり,達成,なし,リモート,チケット,教育不足,4
2025-06-13 07:34,HD2506130639,メール,営業,低,主任,18,2025-06-13,あり,達成,なし,リモート,電話,ハード故障,5
2025-01-30 20:24,HD2501300640,プリンタ,営業,低,係長,47,2025-01-30,あり,達成,なし,オンサイト,チケット,設定不備,5
2024-08-03 22:02,HD2408030641,セキュリティ,総務,低,係長,5,2024-08-03,なし,達成,なし,電話,チケット,設定不備,4
2025-02-14 10:01,HD2502140642,セキュリティ,情シス,高,主任,7,2025-02-14,あり,達成,なし,オンサイト,チケット,その他,5
2025-07-18 10:09,HD2507180643,メール,法務,低,主任,25,2025-07-18,あり,達成,なし,電話,チケット,教育不足,4
2025-01-05 19:52,HD2501050644,SaaS利用,人事,中,課長,63,2025-01-05,なし,達成,なし,オンサイト,チケット,外部要因,4
2024-02-26 17:46,HD2402260645,ネットワーク,経理,低,課長,17,2024-02-26,あり,達成,なし,リモート,チケット,教育不足,5
2025-07-02 09:52,HD2507020646,その他,製造,中,係長,77,2025-07-02,あり,達成,なし,電話,メール,設定不備,4
2025-09-23 07:36,HD2509230647,PCトラブル,営業,緊急,課長,135,2025-09-23,あり,未達,あり,オンサイト,電話,その他,1
2024-10-05 18:40,HD2410050648,プリンタ,人事,高,主任,101,2024-10-05,あり,未達,なし,リモート,チャット,ハード故障,3
2025-02-04 11:44,HD2502040649,アカウント,営業,中,課長,48,2025-02-04,なし,達成,なし,リモート,チケット,仕様,5
2025-06-20 06:11,HD2506200650,PCトラブル,開発,中,課長,69,2025-06-20,あり,達成,なし,オンサイト,メール,ハード故障,5
2026-04-01 08:13,HD2604010651,メール,法務,低,係長,14,2026-04-01,あり,達成,なし,リモート,チャット,教育不足,4
2025-02-25 17:03,HD2502250652,ネットワーク,マーケ,中,課長,90,2025-02-25,あり,達成,なし,リモート,チケット,仕様,4
2025-10-04 19:41,HD2510040653,ネットワーク,開発,高,主任,115,2025-10-04,あり,達成,なし,オンサイト,チャット,仕様,5
2026-03-06 05:56,HD2603060654,アカウント,製造,高,課長,178,2026-03-06,あり,未達,なし,リモート,チャット,教育不足,2
2024-04-30 20:58,HD2404300655,ネットワーク,営業,中,課長,32,2024-04-30,あり,達成,なし,オンサイト,チャット,設定不備,5
2026-03-26 14:24,HD2603260656,業務システム,営業,低,係長,57,2026-03-26,あり,達成,なし,リモート,チャット,教育不足,5
2025-08-09 05:14,HD2508090657,メール,開発,低,主任,27,2025-08-09,あり,達成,なし,リモート,チャット,ハード故障,5
2024-11-16 18:27,HD2411160658,PCトラブル,マーケ,高,課長,84,2024-11-16,あり,達成,なし,リモート,チャット,仕様,4
2024-11-17 11:02,HD2411170659,メール,開発,低,係長,26,2024-11-17,あり,達成,なし,電話,チケット,その他,5
2024-08-17 06:02,HD2408170660,VPN,営業,低,課長,22,2024-08-17,なし,達成,なし,電話,チャット,教育不足,3
2025-10-29 05:29,HD2510290661,PCトラブル,総務,低,課長,7,2025-10-29,あり,達成,なし,リモート,メール,教育不足,4
2025-01-12 20:51,HD2501120662,プリンタ,製造,緊急,課長,181,2025-01-12,なし,未達,なし,リモート,チャット,ハード故障,2
2024-08-21 09:15,HD2408210663,PCトラブル,製造,緊急,主任,266,2024-08-21,なし,未達,なし,リモート,メール,設定不備,1
2026-03-14 08:31,HD2603140664,VPN,開発,中,課長,63,2026-03-14,あり,達成,なし,オンサイト,チケット,ハード故障,5
2024-12-18 04:27,HD2412180665,PCトラブル,経理,高,課長,181,2024-12-18,あり,未達,あり,リモート,チケット,設定不備,1
2025-07-30 18:25,HD2507300666,ネットワーク,営業,低,課長,12,2025-07-30,あり,達成,あり,オンサイト,チケット,教育不足,5
2025-10-07 02:41,HD2510070667,PCトラブル,営業,低,課長,22,2025-10-07,あり,達成,なし,リモート,チケット,教育不足,5
2025-07-05 12:21,HD2507050668,SaaS利用,経理,中,主任,76,2025-07-05,あり,達成,なし,リモート,チャット,設定不備,5
2025-07-05 02:53,HD2507050669,SaaS利用,製造,中,主任,103,2025-07-05,なし,達成,なし,リモート,チケット,教育不足,3
2025-08-30 08:40,HD2508300670,ネットワーク,人事,低,主任,28,2025-08-30,なし,達成,なし,リモート,チャット,脆弱性,5
2024-09-09 13:35,HD2409090671,アカウント,法務,中,課長,47,2024-09-09,あり,達成,なし,リモート,チケット,ハード故障,5
2024-03-27 07:40,HD2403270672,VPN,経理,低,係長,38,2024-03-27,あり,達成,なし,リモート,メール,仕様,5
2024-10-16 15:38,HD2410160673,PCトラブル,総務,低,課長,19,2024-10-16,あり,達成,あり,リモート,対面,ハード故障,5
2026-04-14 12:50,HD2604140674,PCトラブル,総務,低,係長,44,2026-04-14,あり,達成,なし,オンサイト,チャット,設定不備,5
2024-02-01 14:40,HD2402010675,ネットワーク,人事,低,係長,36,2024-02-01,あり,達成,なし,リモート,チケット,外部要因,5
2024-07-28 00:50,HD2407280676,PCトラブル,開発,低,主任,32,2024-07-28,あり,達成,なし,オンサイト,チャット,教育不足,5
2025-04-29 10:14,HD2504290677,PCトラブル,情シス,中,主任,46,2025-04-29,あり,達成,なし,オンサイト,メール,仕様,5
2025-03-21 02:45,HD2503210678,VPN,製造,中,課長,89,2025-03-21,あり,達成,なし,リモート,チャット,教育不足,5
2025-06-04 08:06,HD2506040679,アカウント,開発,高,課長,264,2025-06-04,あり,未達,なし,オンサイト,チケット,設定不備,3
2025-06-30 00:12,HD2506300680,ネットワーク,営業,中,課長,52,2025-06-30,あり,達成,なし,リモート,チケット,設定不備,5
2024-04-16 11:53,HD2404160681,PCトラブル,製造,中,主任,52,2024-04-16,なし,達成,なし,リモート,チャット,教育不足,4
2025-01-23 19:34,HD2501230682,VPN,経理,中,課長,40,2025-01-23,あり,達成,あり,リモート,メール,設定不備,5
2024-07-22 18:35,HD2407220683,アカウント,人事,中,主任,84,2024-07-22,なし,達成,なし,オンサイト,チケット,教育不足,5
2024-12-05 05:38,HD2412050684,アカウント,開発,低,係長,40,2024-12-05,あり,達成,なし,電話,メール,教育不足,4
2025-03-05 13:46,HD2503050685,プリンタ,人事,中,係長,99,2025-03-05,あり,達成,なし,オンサイト,チケット,設定不備,5
2025-02-11 23:38,HD2502110686,PCトラブル,情シス,中,係長,29,2025-02-12,あり,達成,なし,オンサイト,チケット,設定不備,4
2025-08-04 20:12,HD2508040687,セキュリティ,法務,中,主任,120,2025-08-04,あり,達成,なし,オンサイト,メール,ハード故障,5
2025-09-24 23:26,HD2509240688,PCトラブル,開発,低,係長,22,2025-09-24,あり,達成,なし,オンサイト,メール,設定不備,4
2025-07-08 19:53,HD2507080689,ネットワーク,マーケ,緊急,課長,250,2025-07-09,あり,未達,あり,リモート,チャット,その他,1
2024-04-25 14:56,HD2404250690,プリンタ,製造,中,係長,101,2024-04-25,あり,達成,なし,電話,メール,設定不備,5
2025-05-31 17:29,HD2505310691,VPN,マーケ,低,係長,33,2025-05-31,あり,達成,なし,電話,チャット,教育不足,5
2024-07-10 07:07,HD2407100692,SaaS利用,情シス,中,係長,111,2024-07-10,あり,達成,なし,リモート,対面,外部要因,5
2024-04-30 16:52,HD2404300693,その他,総務,緊急,主任,159,2024-04-30,あり,未達,あり,リモート,チャット,外部要因,3
2024-06-21 20:27,HD2406210694,SaaS利用,人事,高,係長,145,2024-06-21,あり,未達,なし,オンサイト,電話,ハード故障,3
2024-02-29 21:48,HD2402290695,アカウント,経理,低,主任,24,2024-02-29,あり,達成,なし,電話,チャット,設定不備,5
2025-01-13 14:59,HD2501130696,VPN,開発,低,課長,37,2025-01-13,なし,達成,なし,電話,チャット,教育不足,5
2025-07-22 08:27,HD2507220697,アカウント,営業,高,係長,145,2025-07-22,あり,未達,あり,電話,チャット,教育不足,3
2026-03-30 05:41,HD2603300698,ネットワーク,人事,低,課長,23,2026-03-30,あり,達成,なし,リモート,チャット,設定不備,5
2024-07-25 23:42,HD2407250699,アカウント,情シス,低,主任,16,2024-07-25,あり,達成,なし,オンサイト,電話,教育不足,5
2026-02-13 02:37,HD2602130700,VPN,法務,低,課長,16,2026-02-13,あり,達成,なし,リモート,チャット,脆弱性,5
2025-03-11 21:41,HD2503110701,アカウント,営業,低,課長,35,2025-03-11,あり,達成,なし,リモート,チケット,設定不備,5
2024-11-17 11:04,HD2411170702,メール,開発,低,係長,26,2024-11-17,なし,達成,なし,リモート,メール,教育不足,3
2026-03-19 22:33,HD2603190703,セキュリティ,営業,低,主任,42,2026-03-19,なし,達成,なし,リモート,チャット,外部要因,5
2025-05-17 09:38,HD2505170704,VPN,情シス,中,主任,41,2025-05-17,あり,達成,なし,オンサイト,チャット,教育不足,5
2025-10-31 02:13,HD2510310705,PCトラブル,人事,低,課長,14,2025-10-31,あり,達成,なし,リモート,メール,その他,4
2026-02-28 13:53,HD2602280706,ネットワーク,製造,高,課長,103,2026-02-28,あり,達成,なし,リモート,チケット,外部要因,4
2025-12-30 15:05,HD2512300707,アカウント,総務,高,主任,20,2025-12-30,あり,達成,なし,リモート,チャット,ハード故障,5
2025-08-13 10:33,HD2508130708,PCトラブル,開発,中,課長,71,2025-08-13,あり,達成,なし,リモート,チケット,教育不足,4
2025-08-08 16:31,HD2508080709,プリンタ,法務,低,主任,5,2025-08-08,あり,達成,なし,リモート,メール,設定不備,5
2026-04-09 11:17,HD2604090710,PCトラブル,情シス,中,課長,65,2026-04-09,あり,達成,なし,リモート,チケット,教育不足,5
2024-03-30 08:56,HD2403300711,PCトラブル,営業,低,主任,28,2024-03-30,なし,達成,なし,リモート,チケット,教育不足,3
2024-09-21 06:19,HD2409210712,PCトラブル,経理,中,主任,33,2024-09-21,あり,達成,なし,リモート,チケット,設定不備,4
2025-03-20 19:05,HD2503200713,ネットワーク,マーケ,低,主任,30,2025-03-20,あり,達成,なし,電話,対面,設定不備,5
2026-02-16 04:15,HD2602160714,ネットワーク,総務,低,課長,21,2026-02-16,あり,達成,なし,電話,チケット,教育不足,5
2024-10-28 19:10,HD2410280715,業務システム,人事,低,係長,12,2024-10-28,なし,達成,なし,リモート,チャット,脆弱性,5
2025-05-22 13:40,HD2505220716,その他,経理,中,係長,71,2025-05-22,あり,達成,なし,リモート,電話,ハード故障,4
2025-05-03 08:08,HD2505030717,PCトラブル,法務,中,主任,72,2025-05-03,あり,達成,なし,リモート,チャット,その他,5
2025-10-16 01:58,HD2510160718,SaaS利用,総務,低,係長,21,2025-10-16,あり,達成,なし,電話,メール,教育不足,5
2025-02-20 11:45,HD2502200719,プリンタ,マーケ,中,課長,70,2025-02-20,あり,達成,なし,リモート,メール,設定不備,5
2025-05-01 20:07,HD2505010720,アカウント,開発,中,係長,70,2025-05-01,あり,達成,なし,リモート,チケット,ハード故障,5
2024-11-07 00:45,HD2411070721,セキュリティ,マーケ,低,係長,33,2024-11-07,あり,達成,なし,オンサイト,対面,外部要因,5
2024-04-23 02:35,HD2404230722,メール,情シス,中,係長,48,2024-04-23,なし,達成,なし,リモート,電話,教育不足,5
2025-09-11 05:00,HD2509110723,PCトラブル,営業,低,係長,11,2025-09-11,あり,達成,なし,リモート,チケット,設定不備,4
2024-01-18 12:29,HD2401180724,ネットワーク,情シス,高,課長,116,2024-01-18,なし,達成,なし,リモート,チャット,設定不備,4
2026-03-28 14:24,HD2603280725,PCトラブル,法務,中,課長,42,2026-03-28,あり,達成,なし,リモート,チケット,設定不備,5
2025-03-13 16:39,HD2503130726,PCトラブル,総務,低,主任,26,2025-03-13,あり,達成,なし,リモート,チケット,設定不備,5
2025-11-30 22:02,HD2511300727,アカウント,製造,中,主任,64,2025-11-30,あり,達成,なし,リモート,チケット,ハード故障,5
2024-05-20 23:41,HD2405200728,VPN,営業,中,主任,25,2024-05-21,あり,達成,なし,リモート,チケット,教育不足,5
2025-09-02 12:27,HD2509020729,PCトラブル,総務,低,課長,23,2025-09-02,あり,達成,なし,オンサイト,メール,教育不足,5
2025-04-17 21:53,HD2504170730,PCトラブル,人事,中,主任,69,2025-04-17,あり,達成,なし,電話,チャット,外部要因,4
2024-10-15 02:16,HD2410150731,ネットワーク,人事,高,課長,221,2024-10-15,なし,未達,なし,電話,電話,教育不足,2
2025-02-17 18:33,HD2502170732,アカウント,法務,低,主任,14,2025-02-17,あり,達成,あり,リモート,チケット,仕様,4
2024-02-26 01:35,HD2402260733,アカウント,マーケ,緊急,主任,77,2024-02-26,あり,未達,なし,リモート,チケット,外部要因,3
2025-05-17 01:36,HD2505170734,アカウント,情シス,中,主任,47,2025-05-17,あり,達成,あり,オンサイト,チャット,その他,4
2025-07-20 16:33,HD2507200735,ネットワーク,開発,高,主任,140,2025-07-20,あり,達成,なし,リモート,チケット,設定不備,5
2026-01-08 08:56,HD2601080736,プリンタ,営業,低,課長,40,2026-01-08,あり,達成,なし,リモート,メール,教育不足,5
2025-04-15 08:10,HD2504150737,PCトラブル,マーケ,高,係長,141,2025-04-15,あり,未達,なし,リモート,チケット,ハード故障,1
2026-04-27 06:55,HD2604270738,その他,マーケ,低,課長,18,2026-04-27,あり,達成,なし,オンサイト,チケット,教育不足,4
2026-01-31 11:40,HD2601310739,PCトラブル,製造,中,課長,78,2026-01-31,あり,達成,なし,リモート,チケット,仕様,4
2025-12-15 23:25,HD2512150740,プリンタ,人事,低,主任,25,2025-12-15,あり,達成,なし,リモート,メール,ハード故障,5
2024-01-18 01:50,HD2401180741,ネットワーク,営業,高,主任,71,2024-01-18,あり,達成,なし,リモート,チケット,設定不備,5
2026-05-22 02:39,HD2605220742,プリンタ,マーケ,低,主任,26,2026-05-22,あり,達成,なし,電話,チケット,教育不足,5
2024-08-02 04:08,HD2408020743,アカウント,情シス,緊急,主任,88,2024-08-02,あり,未達,なし,オンサイト,チャット,脆弱性,1
2024-11-11 21:33,HD2411110744,アカウント,総務,中,主任,74,2024-11-11,あり,達成,なし,リモート,チケット,仕様,5
2025-07-04 16:27,HD2507040745,アカウント,情シス,低,主任,6,2025-07-04,あり,達成,なし,オンサイト,対面,仕様,5
2025-12-21 13:34,HD2512210746,PCトラブル,情シス,中,主任,72,2025-12-21,あり,達成,なし,リモート,チャット,教育不足,5
2025-06-11 15:07,HD2506110747,SaaS利用,営業,低,係長,25,2025-06-11,あり,達成,なし,オンサイト,メール,ハード故障,5
2024-04-15 05:03,HD2404150748,ネットワーク,法務,中,課長,76,2024-04-15,あり,達成,なし,リモート,チャット,外部要因,5
2025-05-31 08:36,HD2505310749,プリンタ,人事,低,主任,23,2025-05-31,あり,達成,なし,オンサイト,チケット,その他,5
2026-04-05 22:01,HD2604050750,VPN,情シス,高,係長,106,2026-04-05,あり,達成,なし,オンサイト,チケット,教育不足,4
2026-01-14 12:07,HD2601140751,セキュリティ,法務,低,主任,22,2026-01-14,あり,達成,なし,オンサイト,チャット,脆弱性,5
2026-05-15 23:59,HD2605150752,アカウント,人事,高,係長,240,2026-05-16,なし,未達,なし,電話,チャット,その他,1
2024-04-05 00:31,HD2404050753,プリンタ,営業,高,主任,30,2024-04-05,あり,達成,なし,リモート,チケット,設定不備,4
2024-06-02 23:49,HD2406020754,PCトラブル,マーケ,中,主任,42,2024-06-03,あり,達成,なし,電話,チケット,教育不足,5
2025-10-15 23:14,HD2510150755,VPN,人事,中,主任,45,2025-10-15,あり,達成,なし,電話,チケット,脆弱性,4
2024-05-30 03:08,HD2405300756,メール,製造,低,係長,25,2024-05-30,あり,達成,なし,リモート,チケット,教育不足,5
2024-02-08 14:14,HD2402080757,ネットワーク,人事,高,係長,71,2024-02-08,あり,達成,なし,オンサイト,チャット,その他,4
2024-12-19 17:47,HD2412190758,メール,法務,中,課長,44,2024-12-19,なし,達成,なし,リモート,対面,設定不備,4
2026-02-08 17:22,HD2602080759,VPN,開発,中,係長,78,2026-02-08,なし,達成,なし,リモート,チャット,外部要因,5
2024-07-18 00:33,HD2407180760,アカウント,法務,低,係長,38,2024-07-18,あり,達成,なし,リモート,電話,脆弱性,5
2024-06-23 21:08,HD2406230761,VPN,マーケ,中,課長,115,2024-06-23,あり,達成,なし,リモート,チケット,外部要因,5
2024-02-13 15:40,HD2402130762,VPN,経理,低,主任,15,2024-02-13,あり,達成,なし,リモート,チャット,外部要因,5
2026-01-10 10:57,HD2601100763,PCトラブル,マーケ,中,主任,68,2026-01-10,あり,達成,なし,電話,メール,外部要因,4
2025-08-27 05:04,HD2508270764,PCトラブル,営業,中,係長,56,2025-08-27,あり,達成,なし,リモート,チケット,設定不備,5
2024-05-26 17:23,HD2405260765,メール,法務,低,主任,17,2024-05-26,あり,達成,なし,オンサイト,チケット,ハード故障,5
2025-08-05 06:10,HD2508050766,VPN,法務,中,係長,36,2025-08-05,あり,達成,なし,電話,メール,設定不備,5
2025-05-08 02:12,HD2505080767,プリンタ,情シス,中,課長,51,2025-05-08,なし,達成,なし,リモート,メール,教育不足,3
2026-01-24 04:04,HD2601240768,その他,人事,低,課長,29,2026-01-24,あり,達成,なし,オンサイト,チケット,ハード故障,4
2026-02-20 14:08,HD2602200769,PCトラブル,製造,緊急,課長,320,2026-02-20,なし,未達,なし,リモート,チケット,設定不備,3
2026-01-13 04:33,HD2601130770,ネットワーク,総務,低,係長,25,2026-01-13,あり,達成,なし,リモート,メール,仕様,5
2026-03-19 04:00,HD2603190771,ネットワーク,製造,低,課長,11,2026-03-19,あり,達成,なし,リモート,メール,仕様,5
2024-06-24 18:20,HD2406240772,PCトラブル,情シス,中,主任,64,2024-06-24,あり,達成,なし,電話,チケット,設定不備,5
2024-08-22 05:59,HD2408220773,PCトラブル,営業,低,主任,33,2024-08-22,あり,達成,なし,リモート,チケット,設定不備,4
2025-10-19 20:59,HD2510190774,アカウント,マーケ,緊急,課長,139,2025-10-19,なし,未達,なし,リモート,チャット,設定不備,3
2024-02-09 16:11,HD2402090775,メール,人事,低,主任,21,2024-02-09,あり,達成,なし,リモート,メール,設定不備,5
2024-07-13 13:15,HD2407130776,アカウント,人事,低,課長,49,2024-07-13,なし,達成,なし,電話,チケット,設定不備,4
2025-04-23 05:21,HD2504230777,ネットワーク,総務,低,課長,19,2025-04-23,あり,達成,なし,リモート,チケット,ハード故障,4
2026-02-28 19:01,HD2602280778,SaaS利用,製造,低,主任,15,2026-02-28,あり,達成,なし,オンサイト,チャット,設定不備,5
2024-12-08 02:45,HD2412080779,SaaS利用,情シス,低,主任,18,2024-12-08,あり,達成,なし,リモート,対面,ハード故障,5
2025-06-06 19:45,HD2506060780,セキュリティ,経理,低,課長,41,2025-06-06,あり,達成,なし,リモート,チャット,設定不備,5
2024-06-09 15:32,HD2406090781,PCトラブル,製造,高,係長,150,2024-06-09,あり,達成,なし,リモート,チャット,教育不足,4
2024-09-19 01:45,HD2409190782,ネットワーク,製造,緊急,係長,125,2024-09-19,なし,未達,なし,オンサイト,対面,ハード故障,2
2025-03-15 12:28,HD2503150783,アカウント,総務,低,課長,31,2025-03-15,あり,達成,なし,リモート,チケット,仕様,5
2025-03-27 09:07,HD2503270784,アカウント,経理,中,係長,30,2025-03-27,あり,達成,なし,オンサイト,電話,設定不備,5
2024-07-13 18:38,HD2407130785,メール,経理,高,係長,191,2024-07-13,あり,未達,なし,リモート,チャット,ハード故障,3
2024-08-23 21:37,HD2408230786,SaaS利用,情シス,高,主任,150,2024-08-24,あり,未達,なし,リモート,チケット,ハード故障,3
2024-09-20 07:30,HD2409200787,ネットワーク,法務,中,課長,49,2024-09-20,あり,達成,なし,リモート,チケット,外部要因,5
2024-03-31 16:34,HD2403310788,ネットワーク,経理,中,課長,71,2024-03-31,あり,達成,なし,電話,チケット,ハード故障,5
2026-05-03 15:59,HD2605030789,メール,情シス,緊急,主任,200,2026-05-03,あり,未達,なし,電話,メール,教育不足,1
2024-12-19 20:19,HD2412190790,PCトラブル,経理,低,主任,24,2024-12-19,なし,達成,なし,リモート,対面,設定不備,5
2025-10-26 04:06,HD2510260791,PCトラブル,営業,中,係長,55,2025-10-26,あり,達成,なし,リモート,チャット,教育不足,5
2024-07-04 00:52,HD2407040792,プリンタ,営業,中,係長,71,2024-07-04,あり,達成,なし,リモート,メール,外部要因,5
2025-05-19 14:10,HD2505190793,セキュリティ,営業,緊急,主任,157,2025-05-19,あり,未達,なし,電話,チケット,外部要因,1
2024-11-27 23:33,HD2411270794,VPN,人事,低,主任,12,2024-11-27,あり,達成,なし,リモート,メール,外部要因,5
2024-01-14 04:26,HD2401140795,PCトラブル,製造,低,課長,39,2024-01-14,あり,達成,なし,リモート,チケット,教育不足,5
2026-04-22 05:45,HD2604220796,ネットワーク,マーケ,高,係長,133,2026-04-22,なし,達成,あり,リモート,チャット,外部要因,3
2025-04-22 21:18,HD2504220797,業務システム,経理,低,係長,57,2025-04-22,なし,達成,なし,リモート,チケット,設定不備,4
2025-04-23 13:27,HD2504230798,VPN,人事,低,課長,31,2025-04-23,あり,達成,なし,リモート,メール,脆弱性,4
2026-02-08 18:40,HD2602080799,アカウント,営業,低,主任,12,2026-02-08,あり,達成,なし,リモート,チケット,設定不備,5
2024-06-13 12:07,HD2406130800,アカウント,人事,低,課長,15,2024-06-13,なし,達成,なし,オンサイト,チケット,教育不足,4
2024-04-18 09:37,HD2404180801,PCトラブル,情シス,低,係長,32,2024-04-18,あり,達成,なし,リモート,チケット,ハード故障,5
2025-09-23 15:25,HD2509230802,VPN,情シス,中,主任,105,2025-09-23,あり,達成,なし,リモート,チケット,教育不足,5
2025-10-03 15:25,HD2510030803,メール,人事,中,課長,60,2025-10-03,あり,達成,なし,電話,チケット,設定不備,5
2024-04-25 04:41,HD2404250804,PCトラブル,営業,低,係長,39,2024-04-25,あり,達成,あり,リモート,チケット,設定不備,5
2024-03-12 06:34,HD2403120805,SaaS利用,製造,中,係長,33,2024-03-12,なし,達成,なし,電話,チャット,設定不備,4
2024-05-09 19:55,HD2405090806,業務システム,製造,中,係長,130,2024-05-09,なし,達成,なし,リモート,チケット,設定不備,5
2024-05-05 16:39,HD2405050807,PCトラブル,経理,低,主任,13,2024-05-05,あり,達成,なし,リモート,チケット,教育不足,5
2024-07-09 22:37,HD2407090808,アカウント,営業,中,課長,63,2024-07-09,あり,達成,なし,電話,電話,教育不足,5
2026-01-18 21:35,HD2601180809,ネットワーク,人事,緊急,主任,156,2026-01-19,あり,未達,なし,オンサイト,対面,脆弱性,1
2024-12-23 15:44,HD2412230810,VPN,営業,低,係長,27,2024-12-23,あり,達成,なし,リモート,チャット,教育不足,5
2024-06-01 22:07,HD2406010811,PCトラブル,製造,低,主任,16,2024-06-01,あり,達成,なし,リモート,チケット,設定不備,5
2025-07-27 15:39,HD2507270812,SaaS利用,開発,中,課長,70,2025-07-27,なし,達成,なし,オンサイト,チケット,ハード故障,5
2025-11-22 22:20,HD2511220813,SaaS利用,開発,低,係長,23,2025-11-22,なし,達成,なし,リモート,チャット,ハード故障,3
2025-02-08 03:35,HD2502080814,アカウント,マーケ,低,課長,33,2025-02-08,あり,達成,なし,オンサイト,チケット,教育不足,4
2024-05-17 16:47,HD2405170815,ネットワーク,経理,中,課長,31,2024-05-17,あり,達成,なし,リモート,チケット,設定不備,5
2026-02-22 23:51,HD2602220816,ネットワーク,営業,高,主任,81,2026-02-23,なし,達成,なし,オンサイト,チケット,その他,5
2025-07-04 15:29,HD2507040817,業務システム,情シス,低,主任,42,2025-07-04,あり,達成,なし,オンサイト,メール,設定不備,5
2025-04-04 07:56,HD2504040818,メール,法務,高,係長,95,2025-04-04,あり,達成,なし,リモート,チケット,教育不足,5
2026-04-27 17:50,HD2604270819,メール,製造,低,課長,36,2026-04-27,あり,達成,なし,リモート,チャット,ハード故障,4
2026-05-03 12:28,HD2605030820,VPN,マーケ,低,課長,30,2026-05-03,あり,達成,なし,リモート,電話,教育不足,4
2026-02-16 14:04,HD2602160821,ネットワーク,製造,中,主任,51,2026-02-16,あり,達成,なし,リモート,メール,教育不足,5
2024-09-17 00:01,HD2409170822,ネットワーク,マーケ,高,課長,162,2024-09-17,あり,達成,なし,リモート,メール,ハード故障,5
2025-04-22 03:23,HD2504220823,業務システム,法務,中,課長,93,2025-04-22,あり,達成,なし,リモート,チケット,仕様,5
2024-12-09 22:27,HD2412090824,その他,開発,低,課長,21,2024-12-09,あり,達成,なし,リモート,電話,ハード故障,5
2024-03-22 11:38,HD2403220825,VPN,総務,中,主任,90,2024-03-22,なし,達成,なし,リモート,チャット,教育不足,4
2024-01-25 10:36,HD2401250826,PCトラブル,製造,低,課長,21,2024-01-25,あり,達成,なし,オンサイト,チャット,教育不足,4
2026-02-16 12:16,HD2602160827,SaaS利用,製造,高,係長,119,2026-02-16,なし,達成,なし,リモート,チャット,仕様,5
2026-03-13 07:06,HD2603130828,SaaS利用,マーケ,中,主任,75,2026-03-13,あり,達成,なし,リモート,チャット,教育不足,5
2025-05-13 21:42,HD2505130829,SaaS利用,マーケ,低,主任,22,2025-05-13,あり,達成,なし,リモート,電話,設定不備,4
2025-09-18 12:21,HD2509180830,PCトラブル,営業,高,係長,146,2025-09-18,あり,未達,なし,リモート,チケット,教育不足,2
2024-05-16 05:27,HD2405160831,VPN,法務,中,係長,37,2024-05-16,あり,達成,なし,オンサイト,メール,外部要因,5
2024-06-09 04:44,HD2406090832,業務システム,製造,緊急,課長,160,2024-06-09,あり,未達,なし,オンサイト,チャット,教育不足,1
2025-01-01 07:08,HD2501010833,ネットワーク,総務,中,課長,74,2025-01-01,あり,達成,なし,電話,チャット,設定不備,5
2024-11-26 17:48,HD2411260834,アカウント,製造,中,課長,62,2024-11-26,あり,達成,なし,リモート,チャット,ハード故障,5
2024-04-19 06:43,HD2404190835,VPN,法務,低,主任,14,2024-04-19,なし,達成,なし,リモート,チャット,設定不備,4
2025-07-05 17:36,HD2507050836,PCトラブル,開発,中,主任,44,2025-07-05,あり,達成,あり,リモート,チケット,設定不備,4
2025-12-31 18:01,HD2512310837,アカウント,人事,緊急,主任,196,2025-12-31,あり,未達,なし,オンサイト,チケット,教育不足,3
2025-02-05 10:33,HD2502050838,PCトラブル,マーケ,低,主任,5,2025-02-05,あり,達成,なし,電話,チャット,ハード故障,5
2025-03-28 09:11,HD2503280839,業務システム,製造,高,係長,64,2025-03-28,あり,達成,なし,電話,メール,設定不備,5
2025-03-24 11:04,HD2503240840,VPN,製造,中,課長,53,2025-03-24,あり,達成,なし,リモート,電話,その他,5
2025-04-19 12:46,HD2504190841,アカウント,マーケ,高,主任,143,2025-04-19,あり,未達,なし,オンサイト,チケット,設定不備,3
2024-08-25 07:03,HD2408250842,PCトラブル,人事,低,課長,37,2024-08-25,あり,達成,あり,リモート,チャット,仕様,5
2025-06-22 05:11,HD2506220843,VPN,製造,中,主任,58,2025-06-22,あり,達成,なし,オンサイト,チケット,外部要因,4
2024-12-27 04:02,HD2412270844,SaaS利用,経理,高,主任,106,2024-12-27,あり,達成,なし,電話,対面,ハード故障,4
2025-03-24 12:33,HD2503240845,アカウント,情シス,中,係長,56,2025-03-24,あり,達成,なし,リモート,メール,設定不備,5
2025-06-24 08:18,HD2506240846,ネットワーク,マーケ,中,係長,90,2025-06-24,なし,達成,あり,リモート,チケット,教育不足,2
2026-05-20 04:39,HD2605200847,プリンタ,マーケ,中,課長,18,2026-05-20,あり,達成,なし,リモート,チャット,設定不備,5
2024-09-28 01:30,HD2409280848,アカウント,法務,中,課長,86,2024-09-28,あり,達成,なし,リモート,チケット,脆弱性,4
2024-05-07 09:12,HD2405070849,SaaS利用,情シス,低,係長,35,2024-05-07,あり,達成,なし,リモート,チケット,教育不足,4
2024-12-04 20:52,HD2412040850,PCトラブル,営業,低,係長,34,2024-12-04,あり,達成,あり,リモート,対面,外部要因,4
2025-03-31 05:23,HD2503310851,SaaS利用,営業,中,課長,18,2025-03-31,あり,達成,なし,電話,電話,設定不備,4
2024-04-15 23:36,HD2404150852,PCトラブル,マーケ,低,主任,25,2024-04-16,なし,達成,なし,オンサイト,チケット,設定不備,3
2024-01-20 20:40,HD2401200853,プリンタ,マーケ,低,係長,36,2024-01-20,あり,達成,あり,オンサイト,メール,その他,5
2026-04-30 07:31,HD2604300854,PCトラブル,情シス,低,係長,22,2026-04-30,あり,達成,なし,リモート,チケット,外部要因,5
2025-05-10 01:37,HD2505100855,SaaS利用,人事,中,課長,54,2025-05-10,あり,達成,なし,リモート,メール,教育不足,5
2026-02-05 07:19,HD2602050856,アカウント,製造,低,課長,33,2026-02-05,あり,達成,なし,電話,チケット,設定不備,5
2025-10-03 13:03,HD2510030857,業務システム,製造,低,課長,43,2025-10-03,あり,達成,なし,電話,電話,仕様,4
2024-02-05 12:30,HD2402050858,メール,営業,低,係長,18,2024-02-05,なし,達成,なし,オンサイト,チャット,ハード故障,4
2024-09-26 03:08,HD2409260859,アカウント,総務,高,課長,117,2024-09-26,あり,達成,なし,リモート,電話,設定不備,5
2025-04-28 19:48,HD2504280860,PCトラブル,経理,中,主任,45,2025-04-28,あり,達成,なし,オンサイト,チャット,仕様,4
2024-05-07 17:03,HD2405070861,PCトラブル,製造,低,課長,5,2024-05-07,あり,達成,なし,リモート,チャット,教育不足,5
2026-03-04 21:49,HD2603040862,セキュリティ,情シス,中,係長,66,2026-03-04,なし,達成,あり,リモート,チケット,設定不備,1
2025-08-05 20:07,HD2508050863,メール,営業,中,課長,50,2025-08-05,あり,達成,なし,リモート,メール,教育不足,5
2025-06-17 03:33,HD2506170864,PCトラブル,経理,低,主任,23,2025-06-17,あり,達成,あり,オンサイト,チャット,設定不備,4
2025-08-16 16:17,HD2508160865,SaaS利用,営業,中,係長,24,2025-08-16,なし,達成,なし,オンサイト,チャット,設定不備,4
2024-02-24 22:57,HD2402240866,アカウント,マーケ,中,係長,63,2024-02-25,なし,達成,なし,オンサイト,電話,外部要因,4
2025-12-15 00:08,HD2512150867,メール,開発,低,主任,26,2025-12-15,あり,達成,なし,リモート,チケット,仕様,5
2024-03-28 11:26,HD2403280868,ネットワーク,開発,中,係長,82,2024-03-28,あり,達成,なし,オンサイト,チケット,ハード故障,5
2024-12-17 13:33,HD2412170869,VPN,開発,低,課長,23,2024-12-17,あり,達成,なし,オンサイト,チケット,設定不備,5
2025-10-17 21:15,HD2510170870,SaaS利用,法務,高,課長,80,2025-10-17,あり,達成,なし,オンサイト,チャット,ハード故障,5
2025-02-07 01:15,HD2502070871,プリンタ,情シス,低,係長,21,2025-02-07,なし,達成,なし,リモート,チケット,設定不備,4
2024-04-11 13:11,HD2404110872,業務システム,情シス,高,主任,184,2024-04-11,あり,未達,あり,オンサイト,チケット,外部要因,1
2024-12-09 01:19,HD2412090873,アカウント,総務,中,課長,32,2024-12-09,あり,達成,なし,リモート,対面,設定不備,4
2024-07-30 10:23,HD2407300874,プリンタ,営業,高,係長,101,2024-07-30,あり,未達,なし,リモート,チケット,外部要因,3
2025-01-04 23:56,HD2501040875,PCトラブル,開発,中,主任,16,2025-01-05,あり,達成,なし,オンサイト,チャット,教育不足,5
2025-07-25 20:16,HD2507250876,メール,人事,低,係長,35,2025-07-25,あり,達成,なし,電話,チケット,仕様,5
2025-11-14 00:52,HD2511140877,SaaS利用,法務,低,主任,17,2025-11-14,あり,達成,なし,オンサイト,チケット,脆弱性,5
2025-04-13 13:55,HD2504130878,プリンタ,営業,低,課長,37,2025-04-13,あり,達成,あり,リモート,チケット,ハード故障,5
2025-07-24 09:57,HD2507240879,VPN,マーケ,中,係長,76,2025-07-24,あり,達成,なし,リモート,チャット,設定不備,5
2024-02-03 16:28,HD2402030880,PCトラブル,総務,中,主任,55,2024-02-03,なし,達成,なし,リモート,チケット,ハード故障,3
2025-09-15 20:10,HD2509150881,業務システム,情シス,中,課長,76,2025-09-15,なし,達成,なし,リモート,電話,教育不足,3
2025-07-10 20:56,HD2507100882,業務システム,営業,高,課長,114,2025-07-10,あり,達成,なし,オンサイト,メール,教育不足,5
2024-03-29 02:41,HD2403290883,PCトラブル,営業,中,係長,31,2024-03-29,あり,達成,なし,リモート,チケット,設定不備,5
2024-04-13 09:05,HD2404130884,アカウント,マーケ,低,主任,14,2024-04-13,あり,達成,なし,リモート,チャット,設定不備,5
2025-02-17 09:21,HD2502170885,アカウント,人事,中,係長,57,2025-02-17,あり,達成,なし,リモート,メール,教育不足,5
2025-04-20 08:33,HD2504200886,アカウント,経理,緊急,係長,180,2025-04-20,あり,未達,なし,リモート,チケット,設定不備,3
2025-12-19 10:21,HD2512190887,メール,製造,高,係長,125,2025-12-19,なし,達成,なし,オンサイト,チャット,教育不足,5
2025-06-22 06:35,HD2506220888,業務システム,経理,低,係長,29,2025-06-22,なし,達成,なし,リモート,チャット,その他,3
2024-07-01 21:46,HD2407010889,PCトラブル,マーケ,中,係長,71,2024-07-01,あり,達成,なし,オンサイト,チャット,ハード故障,5
2025-03-31 09:17,HD2503310890,VPN,開発,中,主任,52,2025-03-31,なし,達成,なし,リモート,電話,教育不足,3
2025-11-04 09:01,HD2511040891,ネットワーク,経理,高,主任,96,2025-11-04,なし,未達,なし,オンサイト,チケット,ハード故障,3
2024-07-29 06:06,HD2407290892,セキュリティ,製造,低,係長,26,2024-07-29,あり,達成,なし,リモート,チャット,設定不備,5
2025-06-24 04:05,HD2506240893,PCトラブル,営業,低,主任,24,2025-06-24,あり,達成,なし,電話,電話,設定不備,5
2025-11-27 01:20,HD2511270894,SaaS利用,情シス,低,課長,34,2025-11-27,あり,達成,なし,リモート,チケット,教育不足,5
2024-08-17 16:46,HD2408170895,業務システム,情シス,中,係長,54,2024-08-17,あり,達成,なし,オンサイト,メール,その他,5
2026-03-17 06:38,HD2603170896,アカウント,開発,高,係長,76,2026-03-17,あり,達成,なし,リモート,チャット,その他,5
2024-03-20 12:27,HD2403200897,アカウント,マーケ,低,課長,23,2024-03-20,あり,達成,なし,リモート,チャット,設定不備,5
2025-04-06 14:14,HD2504060898,PCトラブル,営業,低,主任,10,2025-04-06,あり,達成,なし,リモート,チケット,設定不備,5
2025-01-22 05:20,HD2501220899,業務システム,人事,中,課長,114,2025-01-22,あり,達成,なし,リモート,対面,仕様,5
2024-10-20 03:10,HD2410200900,メール,法務,低,係長,38,2024-10-20,なし,達成,なし,リモート,メール,設定不備,3
2024-03-21 18:18,HD2403210901,VPN,法務,低,主任,35,2024-03-21,あり,達成,なし,リモート,チケット,教育不足,5
2024-10-19 09:00,HD2410190902,その他,情シス,中,課長,93,2024-10-19,あり,達成,なし,リモート,メール,教育不足,4
2025-03-17 22:06,HD2503170903,PCトラブル,経理,中,課長,16,2025-03-17,あり,達成,なし,リモート,チケット,教育不足,5
2025-02-15 18:28,HD2502150904,PCトラブル,経理,中,課長,37,2025-02-15,あり,達成,なし,リモート,メール,外部要因,5
2025-01-24 01:18,HD2501240905,PCトラブル,開発,低,課長,26,2025-01-24,あり,達成,なし,リモート,チケット,設定不備,5
2025-01-28 04:35,HD2501280906,セキュリティ,製造,高,課長,224,2025-01-28,なし,未達,なし,リモート,メール,外部要因,2
2025-04-12 03:13,HD2504120907,PCトラブル,情シス,低,係長,24,2025-04-12,あり,達成,なし,リモート,チケット,仕様,5
2024-06-19 01:18,HD2406190908,PCトラブル,開発,高,係長,142,2024-06-19,あり,達成,なし,電話,チケット,設定不備,4
2024-07-14 09:55,HD2407140909,PCトラブル,総務,低,課長,23,2024-07-14,あり,達成,なし,リモート,チケット,設定不備,5
2024-10-10 16:11,HD2410100910,VPN,人事,中,係長,66,2024-10-10,あり,達成,なし,リモート,チケット,教育不足,4
2024-04-08 10:28,HD2404080911,業務システム,法務,低,係長,40,2024-04-08,あり,達成,なし,オンサイト,メール,設定不備,4
2024-10-31 18:12,HD2410310912,VPN,人事,高,係長,155,2024-10-31,あり,未達,あり,リモート,チケット,設定不備,2
2025-07-01 04:52,HD2507010913,PCトラブル,マーケ,中,主任,65,2025-07-01,あり,達成,あり,リモート,メール,仕様,4
2025-07-27 13:27,HD2507270914,アカウント,総務,中,係長,58,2025-07-27,あり,達成,なし,リモート,チャット,ハード故障,5
2024-01-30 17:21,HD2401300915,PCトラブル,営業,低,課長,18,2024-01-30,あり,達成,なし,リモート,電話,脆弱性,4
2025-04-29 16:05,HD2504290916,アカウント,情シス,低,課長,29,2025-04-29,あり,達成,なし,リモート,チケット,外部要因,5
2024-12-30 06:28,HD2412300917,PCトラブル,製造,中,係長,78,2024-12-30,あり,達成,なし,リモート,チケット,設定不備,5
2025-04-02 17:14,HD2504020918,アカウント,開発,緊急,主任,290,2025-04-02,あり,未達,なし,リモート,チャット,外部要因,1
2024-09-28 09:53,HD2409280919,その他,経理,中,課長,79,2024-09-28,あり,達成,なし,電話,電話,その他,4
2025-03-25 12:56,HD2503250920,ネットワーク,マーケ,高,係長,81,2025-03-25,なし,達成,なし,リモート,チャット,仕様,3
2024-07-08 02:21,HD2407080921,業務システム,総務,中,係長,45,2024-07-08,あり,達成,なし,リモート,チャット,仕様,4
2025-01-11 14:13,HD2501110922,セキュリティ,法務,中,課長,33,2025-01-11,あり,達成,なし,リモート,チケット,教育不足,5
2024-10-17 20:39,HD2410170923,VPN,経理,中,主任,46,2024-10-17,あり,達成,なし,電話,チケット,設定不備,5
2025-06-11 17:37,HD2506110924,アカウント,総務,中,主任,60,2025-06-11,あり,達成,なし,オンサイト,チケット,教育不足,5
2025-02-08 10:25,HD2502080925,PCトラブル,開発,低,係長,44,2025-02-08,あり,達成,なし,オンサイト,メール,教育不足,5
2025-05-15 15:09,HD2505150926,業務システム,経理,低,主任,19,2025-05-15,あり,達成,なし,リモート,チケット,設定不備,5
2024-01-08 01:11,HD2401080927,VPN,法務,低,主任,26,2024-01-08,あり,達成,なし,リモート,チケット,設定不備,5
2025-12-24 14:20,HD2512240928,ネットワーク,情シス,中,係長,64,2025-12-24,なし,達成,なし,リモート,チャット,設定不備,4
2025-02-16 11:29,HD2502160929,PCトラブル,総務,低,課長,33,2025-02-16,あり,達成,なし,リモート,チケット,仕様,5
2024-11-20 04:51,HD2411200930,VPN,法務,中,課長,37,2024-11-20,あり,達成,なし,リモート,チャット,教育不足,5
2025-10-21 05:10,HD2510210931,SaaS利用,法務,中,主任,59,2025-10-21,あり,達成,なし,オンサイト,メール,教育不足,4
2024-07-12 20:06,HD2407120932,SaaS利用,法務,中,課長,71,2024-07-12,あり,達成,なし,リモート,電話,外部要因,5
2024-09-10 11:49,HD2409100933,アカウント,開発,高,課長,154,2024-09-10,あり,未達,なし,リモート,チャット,教育不足,2
2024-10-02 17:25,HD2410020934,その他,マーケ,低,課長,18,2024-10-02,あり,達成,なし,リモート,メール,設定不備,5
2025-11-08 06:36,HD2511080935,アカウント,総務,中,係長,87,2025-11-08,あり,達成,なし,リモート,チャット,設定不備,4
2026-02-13 01:10,HD2602130936,アカウント,人事,中,課長,73,2026-02-13,あり,達成,なし,リモート,チケット,設定不備,5
2025-06-09 23:50,HD2506090937,PCトラブル,開発,中,課長,14,2025-06-10,なし,達成,なし,リモート,メール,教育不足,3
2024-02-24 06:28,HD2402240938,プリンタ,営業,中,課長,106,2024-02-24,なし,達成,なし,リモート,電話,設定不備,5
2025-08-08 12:17,HD2508080939,セキュリティ,マーケ,低,係長,44,2025-08-08,あり,達成,あり,オンサイト,メール,設定不備,5
2026-03-08 00:07,HD2603080940,ネットワーク,開発,中,課長,24,2026-03-08,あり,達成,なし,リモート,チケット,教育不足,5
2025-06-27 11:38,HD2506270941,メール,法務,低,主任,10,2025-06-27,なし,達成,なし,オンサイト,チケット,設定不備,3
2024-09-11 10:01,HD2409110942,SaaS利用,製造,高,係長,68,2024-09-11,あり,達成,なし,オンサイト,メール,外部要因,5
2024-12-10 09:38,HD2412100943,ネットワーク,総務,低,課長,28,2024-12-10,あり,達成,あり,電話,メール,教育不足,5
2024-06-22 13:42,HD2406220944,VPN,営業,低,係長,16,2024-06-22,なし,達成,なし,オンサイト,電話,ハード故障,4
2024-09-04 07:31,HD2409040945,その他,製造,低,主任,21,2024-09-04,あり,達成,なし,リモート,チケット,教育不足,5
2024-02-14 12:01,HD2402140946,アカウント,開発,中,主任,6,2024-02-14,あり,達成,なし,電話,チケット,設定不備,5
2025-09-14 19:05,HD2509140947,PCトラブル,製造,中,係長,60,2025-09-14,あり,達成,なし,リモート,メール,教育不足,5
2024-01-31 00:53,HD2401310948,PCトラブル,営業,低,係長,13,2024-01-31,あり,達成,なし,リモート,チケット,設定不備,5
2025-03-16 20:42,HD2503160949,メール,開発,緊急,主任,227,2025-03-17,あり,未達,なし,リモート,チケット,ハード故障,1
2024-05-07 02:45,HD2405070950,アカウント,総務,高,主任,57,2024-05-07,あり,達成,あり,リモート,チケット,設定不備,5
2025-07-02 10:10,HD2507020951,業務システム,人事,低,課長,48,2025-07-02,あり,達成,なし,リモート,メール,設定不備,4
2024-11-28 07:17,HD2411280952,PCトラブル,経理,低,課長,32,2024-11-28,あり,達成,なし,リモート,チケット,設定不備,5
2026-02-02 11:35,HD2602020953,業務システム,営業,中,課長,85,2026-02-02,なし,達成,なし,オンサイト,チケット,脆弱性,3
2025-10-11 21:39,HD2510110954,アカウント,開発,高,課長,113,2025-10-11,あり,達成,なし,リモート,チャット,仕様,5
2024-10-05 22:20,HD2410050955,アカウント,経理,高,係長,72,2024-10-05,なし,達成,なし,リモート,メール,外部要因,3
2025-07-29 01:40,HD2507290956,メール,経理,低,課長,20,2025-07-29,あり,達成,なし,オンサイト,チケット,教育不足,5
2025-04-23 19:47,HD2504230957,VPN,経理,中,係長,80,2025-04-23,あり,達成,なし,リモート,チャット,教育不足,5
2025-01-14 11:31,HD2501140958,PCトラブル,営業,緊急,係長,51,2025-01-14,あり,達成,なし,オンサイト,メール,教育不足,5
2026-05-21 03:38,HD2605210959,SaaS利用,製造,中,主任,19,2026-05-21,あり,達成,なし,オンサイト,チケット,設定不備,5
2026-02-02 14:22,HD2602020960,PCトラブル,開発,低,主任,21,2026-02-02,あり,達成,あり,リモート,チケット,脆弱性,5
2024-05-17 11:01,HD2405170961,PCトラブル,法務,高,主任,88,2024-05-17,あり,達成,なし,オンサイト,チャット,ハード故障,5
2025-08-21 10:56,HD2508210962,アカウント,総務,中,課長,87,2025-08-21,あり,達成,なし,リモート,チケット,教育不足,5
2024-01-07 07:22,HD2401070963,メール,総務,低,課長,27,2024-01-07,あり,達成,なし,オンサイト,チャット,教育不足,5
2024-05-18 12:52,HD2405180964,メール,情シス,中,課長,69,2024-05-18,あり,達成,なし,リモート,チャット,仕様,5
2024-01-19 18:04,HD2401190965,アカウント,マーケ,低,課長,26,2024-01-19,あり,達成,なし,リモート,チャット,仕様,4
2026-02-28 16:55,HD2602280966,アカウント,情シス,低,主任,20,2026-02-28,あり,達成,なし,リモート,チケット,設定不備,5
2025-07-12 23:47,HD2507120967,メール,経理,高,課長,111,2025-07-13,あり,未達,なし,電話,メール,仕様,3
2025-07-26 10:04,HD2507260968,PCトラブル,マーケ,高,係長,176,2025-07-26,あり,未達,なし,電話,チャット,設定不備,1
2025-01-16 08:51,HD2501160969,PCトラブル,マーケ,中,課長,63,2025-01-16,なし,達成,なし,オンサイト,チャット,脆弱性,3
2024-02-23 03:28,HD2402230970,プリンタ,法務,低,係長,29,2024-02-23,あり,達成,なし,オンサイト,チャット,教育不足,4
2024-01-26 07:31,HD2401260971,PCトラブル,人事,低,課長,25,2024-01-26,あり,達成,なし,電話,チャット,脆弱性,4
2026-04-07 18:34,HD2604070972,プリンタ,総務,低,主任,31,2026-04-07,あり,達成,なし,リモート,チケット,教育不足,5
2026-04-12 09:57,HD2604120973,ネットワーク,人事,低,課長,32,2026-04-12,あり,達成,なし,オンサイト,メール,外部要因,5
2025-11-17 12:59,HD2511170974,ネットワーク,開発,低,課長,33,2025-11-17,あり,達成,なし,リモート,メール,脆弱性,5
2026-05-19 13:16,HD2605190975,業務システム,営業,中,主任,97,2026-05-19,あり,達成,なし,電話,メール,ハード故障,5
2024-03-03 08:05,HD2403030976,アカウント,経理,低,主任,30,2024-03-03,なし,達成,なし,電話,メール,脆弱性,4
2024-11-10 22:49,HD2411100977,PCトラブル,製造,中,課長,42,2024-11-10,あり,達成,なし,リモート,電話,設定不備,4
2025-03-21 06:31,HD2503210978,PCトラブル,経理,中,課長,90,2025-03-21,あり,達成,なし,リモート,チャット,ハード故障,4
2026-05-24 11:55,HD2605240979,PCトラブル,営業,低,係長,14,2026-05-24,あり,達成,なし,電話,電話,その他,5
2024-04-26 16:39,HD2404260980,メール,経理,低,主任,32,2024-04-26,あり,達成,なし,リモート,メール,ハード故障,4
2024-05-17 21:36,HD2405170981,PCトラブル,営業,中,係長,23,2024-05-17,あり,達成,なし,オンサイト,チケット,仕様,4
2026-05-18 10:16,HD2605180982,業務システム,マーケ,高,主任,206,2026-05-18,あり,未達,なし,オンサイト,メール,設定不備,2
2026-04-16 19:44,HD2604160983,SaaS利用,情シス,低,主任,12,2026-04-16,あり,達成,なし,リモート,メール,設定不備,5
2024-03-27 18:30,HD2403270984,業務システム,情シス,中,係長,194,2024-03-27,あり,達成,なし,リモート,チャット,設定不備,5
2024-06-23 04:56,HD2406230985,SaaS利用,人事,緊急,課長,161,2024-06-23,あり,未達,なし,オンサイト,チケット,教育不足,1
2025-04-29 20:14,HD2504290986,アカウント,法務,高,係長,93,2025-04-29,あり,達成,なし,リモート,電話,教育不足,5
2025-07-31 05:45,HD2507310987,プリンタ,マーケ,低,課長,18,2025-07-31,あり,達成,なし,オンサイト,チケット,教育不足,5
2024-05-05 08:26,HD2405050988,PCトラブル,情シス,低,主任,27,2024-05-05,あり,達成,なし,オンサイト,チケット,設定不備,5
2025-11-13 20:51,HD2511130989,PCトラブル,総務,中,係長,80,2025-11-13,あり,達成,なし,リモート,チケット,教育不足,5
2025-10-12 00:03,HD2510120990,セキュリティ,製造,低,主任,41,2025-10-12,なし,達成,なし,リモート,メール,教育不足,3
2024-08-29 22:10,HD2408290991,業務システム,製造,低,係長,42,2024-08-29,あり,達成,なし,リモート,チャット,設定不備,4
2024-04-21 10:41,HD2404210992,その他,情シス,中,主任,57,2024-04-21,あり,達成,なし,リモート,メール,外部要因,4
2024-11-10 15:28,HD2411100993,SaaS利用,マーケ,低,係長,30,2024-11-10,なし,達成,なし,リモート,チケット,設定不備,4
2026-03-17 03:30,HD2603170994,PCトラブル,経理,低,係長,34,2026-03-17,あり,達成,なし,リモート,電話,設定不備,5
2026-02-13 00:30,HD2602130995,アカウント,マーケ,中,係長,27,2026-02-13,あり,達成,なし,電話,メール,仕様,4
2025-02-20 16:33,HD2502200996,アカウント,総務,中,主任,27,2025-02-20,あり,達成,なし,電話,電話,仕様,4
2025-10-30 09:57,HD2510300997,PCトラブル,人事,中,主任,48,2025-10-30,あり,達成,なし,オンサイト,チャット,設定不備,4
2025-10-11 04:15,HD2510110998,PCトラブル,マーケ,低,課長,14,2025-10-11,あり,達成,なし,リモート,チャット,仕様,4
2024-09-16 06:21,HD2409160999,メール,総務,低,係長,31,2024-09-16,なし,達成,なし,リモート,メール,ハード故障,3
2025-10-05 02:19,HD2510051000,アカウント,開発,緊急,主任,86,2025-10-05,あり,未達,なし,リモート,チケット,脆弱性,2
2025-09-08 17:20,HD2509081001,PCトラブル,経理,中,主任,35,2025-09-08,あり,達成,なし,電話,電話,外部要因,5
2026-03-06 00:27,HD2603061002,PCトラブル,営業,中,課長,55,2026-03-06,あり,達成,なし,電話,チケット,教育不足,5
2025-05-23 17:40,HD2505231003,メール,経理,低,課長,26,2025-05-23,あり,達成,なし,オンサイト,チケット,設定不備,4
2024-08-13 21:58,HD2408131004,PCトラブル,総務,低,主任,16,2024-08-13,あり,達成,あり,リモート,チケット,外部要因,5
2024-11-24 23:50,HD2411241005,メール,法務,高,課長,144,2024-11-25,あり,未達,なし,リモート,チャット,教育不足,1
2026-01-11 09:39,HD2601111006,セキュリティ,開発,中,課長,101,2026-01-11,あり,達成,なし,電話,チケット,教育不足,5
2025-06-23 09:42,HD2506231007,アカウント,マーケ,低,主任,35,2025-06-23,なし,達成,なし,リモート,チャット,ハード故障,3
2026-02-08 08:16,HD2602081008,アカウント,経理,中,主任,53,2026-02-08,あり,達成,なし,オンサイト,チケット,設定不備,5
2025-12-14 12:55,HD2512141009,ネットワーク,マーケ,低,課長,31,2025-12-14,あり,達成,あり,オンサイト,チャット,設定不備,4
2026-05-23 09:04,HD2605231010,PCトラブル,経理,中,係長,45,2026-05-23,あり,達成,なし,リモート,チャット,仕様,4
2025-10-07 23:58,HD2510071011,セキュリティ,開発,低,課長,28,2025-10-08,なし,達成,なし,リモート,チャット,脆弱性,3
2025-12-26 05:20,HD2512261012,PCトラブル,人事,中,課長,87,2025-12-26,あり,達成,なし,リモート,チケット,仕様,5
2025-03-22 01:26,HD2503221013,SaaS利用,情シス,中,係長,52,2025-03-22,なし,達成,なし,リモート,電話,設定不備,4
2026-03-27 00:46,HD2603271014,VPN,経理,高,課長,141,2026-03-27,あり,達成,なし,リモート,チケット,設定不備,5
2026-01-05 20:08,HD2601051015,セキュリティ,開発,中,課長,79,2026-01-05,あり,達成,なし,電話,チケット,脆弱性,5
2026-05-16 04:37,HD2605161016,SaaS利用,営業,高,係長,185,2026-05-16,あり,未達,なし,リモート,メール,その他,3
2025-06-17 17:37,HD2506171017,アカウント,法務,低,課長,32,2025-06-17,あり,達成,なし,オンサイト,電話,仕様,5
2025-08-25 11:43,HD2508251018,アカウント,法務,中,課長,67,2025-08-25,あり,達成,なし,リモート,電話,仕様,5
2024-11-25 20:17,HD2411251019,業務システム,人事,高,課長,148,2024-11-25,あり,未達,なし,リモート,チケット,外部要因,1
2024-10-17 10:16,HD2410171020,アカウント,営業,緊急,主任,162,2024-10-17,あり,未達,なし,オンサイト,チャット,教育不足,1
2025-04-15 03:39,HD2504151021,ネットワーク,製造,中,課長,54,2025-04-15,あり,達成,なし,電話,チケット,仕様,5
2024-05-03 22:22,HD2405031022,アカウント,製造,低,課長,26,2024-05-03,あり,達成,なし,電話,メール,設定不備,5
2025-02-02 15:01,HD2502021023,業務システム,開発,低,課長,27,2025-02-02,あり,達成,なし,オンサイト,チャット,教育不足,5
2024-03-13 00:36,HD2403131024,ネットワーク,開発,低,主任,18,2024-03-13,なし,達成,なし,リモート,電話,ハード故障,5
2026-02-14 10:39,HD2602141025,PCトラブル,マーケ,低,係長,49,2026-02-14,あり,達成,なし,オンサイト,チケット,ハード故障,4
2024-09-02 23:47,HD2409021026,SaaS利用,情シス,低,係長,32,2024-09-03,あり,達成,なし,電話,チケット,その他,5
2025-01-26 02:10,HD2501261027,VPN,マーケ,中,課長,53,2025-01-26,なし,達成,なし,オンサイト,チケット,仕様,3
2024-02-01 00:39,HD2402011028,ネットワーク,開発,低,主任,18,2024-02-01,あり,達成,あり,リモート,チャット,ハード故障,4
2025-09-12 02:34,HD2509121029,アカウント,情シス,低,主任,31,2025-09-12,あり,達成,なし,リモート,メール,仕様,5
2025-03-22 14:28,HD2503221030,業務システム,マーケ,低,主任,46,2025-03-22,なし,達成,なし,リモート,電話,設定不備,4
2025-12-01 00:06,HD2512011031,プリンタ,情シス,低,主任,27,2025-12-01,なし,達成,あり,リモート,チャット,設定不備,1
2025-10-19 23:47,HD2510191032,PCトラブル,法務,低,課長,40,2025-10-20,あり,達成,なし,リモート,チケット,設定不備,4
2024-10-24 17:05,HD2410241033,セキュリティ,マーケ,高,主任,192,2024-10-24,あり,未達,なし,リモート,電話,その他,1
2024-07-23 04:35,HD2407231034,メール,総務,低,課長,26,2024-07-23,あり,達成,なし,電話,チケット,設定不備,4
2026-02-14 11:40,HD2602141035,アカウント,情シス,低,係長,8,2026-02-14,あり,達成,なし,リモート,チャット,教育不足,5
2025-08-13 22:47,HD2508131036,PCトラブル,製造,低,係長,5,2025-08-13,あり,達成,なし,リモート,対面,外部要因,5
2025-09-13 15:47,HD2509131037,アカウント,経理,中,主任,47,2025-09-13,あり,達成,なし,リモート,チケット,教育不足,5
2025-03-27 01:10,HD2503271038,VPN,人事,中,課長,55,2025-03-27,あり,達成,なし,オンサイト,チケット,設定不備,5
2024-01-16 21:04,HD2401161039,ネットワーク,総務,高,主任,141,2024-01-16,あり,未達,なし,電話,チケット,外部要因,2
2026-04-30 19:15,HD2604301040,セキュリティ,総務,中,課長,24,2026-04-30,あり,達成,あり,電話,チケット,ハード故障,5
2025-07-08 09:34,HD2507081041,セキュリティ,経理,緊急,主任,91,2025-07-08,あり,未達,なし,リモート,チャット,外部要因,3
2024-11-16 12:31,HD2411161042,ネットワーク,開発,中,係長,45,2024-11-16,あり,達成,なし,リモート,チケット,外部要因,5
2024-08-08 22:36,HD2408081043,プリンタ,人事,中,主任,137,2024-08-09,あり,達成,あり,リモート,チャット,設定不備,5
2024-06-07 22:30,HD2406071044,PCトラブル,経理,中,係長,83,2024-06-07,あり,達成,なし,リモート,チケット,設定不備,5
2025-09-18 06:52,HD2509181045,その他,経理,中,課長,93,2025-09-18,なし,達成,なし,リモート,チャット,設定不備,4
2026-05-26 11:19,HD2605261046,メール,営業,低,主任,39,2026-05-26,あり,達成,なし,電話,チケット,設定不備,5
2025-02-03 00:57,HD2502031047,SaaS利用,経理,中,課長,58,2025-02-03,あり,達成,なし,リモート,チャット,その他,5
2024-09-06 02:12,HD2409061048,メール,マーケ,中,課長,79,2024-09-06,なし,達成,なし,オンサイト,チケット,外部要因,4
2025-04-15 18:18,HD2504151049,SaaS利用,法務,低,課長,11,2025-04-15,あり,達成,なし,オンサイト,チケット,教育不足,5
2025-04-09 02:42,HD2504091050,PCトラブル,営業,低,係長,42,2025-04-09,あり,達成,なし,電話,チャット,設定不備,5
2024-11-13 19:59,HD2411131051,セキュリティ,情シス,中,係長,107,2024-11-13,あり,達成,なし,オンサイト,メール,教育不足,5
2024-01-22 10:11,HD2401221052,SaaS利用,経理,緊急,課長,233,2024-01-22,なし,未達,なし,リモート,チケット,教育不足,2
2025-11-03 17:48,HD2511031053,PCトラブル,人事,中,課長,62,2025-11-03,あり,達成,なし,リモート,電話,教育不足,5
2024-05-09 13:20,HD2405091054,ネットワーク,開発,低,課長,10,2024-05-09,あり,達成,なし,オンサイト,チャット,脆弱性,5
2024-11-23 04:24,HD2411231055,VPN,人事,中,係長,95,2024-11-23,あり,達成,なし,リモート,チャット,ハード故障,5
2024-03-31 07:13,HD2403311056,PCトラブル,製造,中,課長,74,2024-03-31,あり,達成,なし,オンサイト,チャット,外部要因,4
2024-11-20 00:47,HD2411201057,アカウント,経理,中,主任,73,2024-11-20,あり,達成,なし,リモート,チケット,設定不備,5
2026-03-20 13:46,HD2603201058,PCトラブル,開発,緊急,主任,126,2026-03-20,あり,未達,なし,リモート,メール,設定不備,2
2024-08-04 21:18,HD2408041059,アカウント,総務,中,課長,84,2024-08-04,あり,達成,なし,リモート,チャット,教育不足,5
2025-10-28 01:14,HD2510281060,業務システム,経理,低,係長,26,2025-10-28,あり,達成,なし,リモート,チャット,仕様,5
2026-04-06 13:56,HD2604061061,メール,情シス,中,主任,57,2026-04-06,あり,達成,なし,リモート,チャット,設定不備,4
2024-11-20 10:30,HD2411201062,ネットワーク,人事,低,課長,15,2024-11-20,あり,達成,あり,オンサイト,メール,教育不足,4
2025-01-19 01:41,HD2501191063,メール,マーケ,低,主任,31,2025-01-19,あり,達成,なし,リモート,電話,設定不備,5
2025-08-10 00:24,HD2508101064,PCトラブル,情シス,高,係長,107,2025-08-10,あり,達成,なし,リモート,チャット,ハード故障,5
2024-11-26 18:48,HD2411261065,PCトラブル,法務,中,課長,75,2024-11-26,あり,達成,なし,リモート,チケット,教育不足,4
2024-09-07 22:09,HD2409071066,アカウント,経理,中,係長,85,2024-09-07,あり,達成,なし,リモート,チャット,設定不備,5
2026-05-10 21:46,HD2605101067,アカウント,総務,中,係長,50,2026-05-10,あり,達成,なし,リモート,チケット,その他,5
2025-08-20 20:49,HD2508201068,その他,法務,中,課長,86,2025-08-20,あり,達成,なし,リモート,チャット,教育不足,5
2024-09-08 01:16,HD2409081069,PCトラブル,総務,高,課長,152,2024-09-08,あり,未達,なし,リモート,チケット,設定不備,3
2025-09-25 14:32,HD2509251070,セキュリティ,総務,低,主任,28,2025-09-25,なし,達成,なし,オンサイト,チケット,教育不足,4
2025-01-05 01:16,HD2501051071,SaaS利用,製造,低,係長,26,2025-01-05,あり,達成,なし,リモート,メール,ハード故障,5
2024-01-31 12:34,HD2401311072,アカウント,総務,低,主任,38,2024-01-31,あり,達成,なし,リモート,チケット,設定不備,4
2026-01-29 03:26,HD2601291073,SaaS利用,情シス,中,課長,64,2026-01-29,なし,達成,なし,電話,チケット,教育不足,3
2024-06-03 02:54,HD2406031074,VPN,製造,低,課長,8,2024-06-03,なし,達成,なし,電話,チケット,ハード故障,5
2024-09-25 00:38,HD2409251075,アカウント,営業,緊急,課長,213,2024-09-25,あり,未達,なし,リモート,チケット,ハード故障,2
2024-11-10 01:50,HD2411101076,SaaS利用,営業,低,係長,30,2024-11-10,なし,達成,なし,リモート,チケット,設定不備,4
2026-04-15 13:20,HD2604151077,SaaS利用,総務,低,主任,13,2026-04-15,なし,達成,なし,リモート,電話,外部要因,4
2025-03-12 00:08,HD2503121078,VPN,開発,高,主任,84,2025-03-12,あり,達成,なし,リモート,チケット,設定不備,4
2024-01-15 12:21,HD2401151079,ネットワーク,総務,高,課長,248,2024-01-15,あり,未達,なし,リモート,メール,ハード故障,3
2025-07-06 05:19,HD2507061080,業務システム,開発,中,主任,106,2025-07-06,あり,達成,なし,電話,メール,設定不備,5
2026-02-25 13:52,HD2602251081,PCトラブル,情シス,中,係長,91,2026-02-25,あり,達成,なし,リモート,チャット,設定不備,5
2024-05-01 23:52,HD2405011082,業務システム,人事,低,係長,46,2024-05-02,あり,達成,なし,リモート,チケット,設定不備,5
2025-06-03 07:47,HD2506031083,アカウント,情シス,低,主任,30,2025-06-03,あり,達成,なし,電話,チケット,設定不備,4
2024-01-29 03:57,HD2401291084,PCトラブル,経理,中,係長,29,2024-01-29,あり,達成,あり,リモート,メール,ハード故障,4
2025-12-11 03:39,HD2512111085,SaaS利用,開発,低,係長,29,2025-12-11,あり,達成,なし,電話,メール,設定不備,5
2024-11-28 07:54,HD2411281086,プリンタ,経理,中,主任,23,2024-11-28,あり,達成,なし,オンサイト,チケット,仕様,4
2026-05-21 07:24,HD2605211087,アカウント,総務,中,主任,42,2026-05-21,あり,達成,なし,電話,チャット,ハード故障,5
2024-05-13 19:29,HD2405131088,プリンタ,法務,中,主任,50,2024-05-13,あり,達成,なし,リモート,チャット,その他,5
2026-04-22 04:35,HD2604221089,アカウント,情シス,中,課長,34,2026-04-22,あり,達成,なし,オンサイト,チャット,教育不足,5
2025-01-26 11:41,HD2501261090,アカウント,総務,高,係長,136,2025-01-26,あり,達成,なし,リモート,チケット,設定不備,5
2025-12-26 14:39,HD2512261091,VPN,人事,低,主任,10,2025-12-26,あり,達成,なし,オンサイト,電話,脆弱性,4
2024-09-27 02:08,HD2409271092,PCトラブル,人事,低,係長,27,2024-09-27,あり,達成,なし,リモート,チケット,仕様,5
2024-04-26 14:27,HD2404261093,PCトラブル,人事,緊急,係長,174,2024-04-26,あり,未達,なし,リモート,チケット,外部要因,1
2024-07-07 19:15,HD2407071094,PCトラブル,開発,低,係長,43,2024-07-07,なし,達成,なし,リモート,電話,ハード故障,4
2024-09-02 07:16,HD2409021095,業務システム,営業,低,係長,27,2024-09-02,あり,達成,なし,リモート,チケット,脆弱性,4
2025-02-16 23:19,HD2502161096,PCトラブル,情シス,低,主任,15,2025-02-16,あり,達成,なし,リモート,チケット,その他,5
2026-01-07 03:47,HD2601071097,SaaS利用,経理,低,課長,30,2026-01-07,あり,達成,なし,オンサイト,チケット,設定不備,4
2025-01-01 09:17,HD2501011098,PCトラブル,マーケ,高,課長,137,2025-01-01,あり,達成,なし,リモート,チケット,ハード故障,4
2025-01-24 02:53,HD2501241099,VPN,マーケ,高,係長,134,2025-01-24,あり,未達,なし,リモート,チケット,仕様,2
2026-02-23 18:30,HD2602231100,PCトラブル,総務,中,主任,102,2026-02-23,あり,達成,なし,リモート,チケット,仕様,5
2024-12-02 17:19,HD2412021101,アカウント,マーケ,低,主任,22,2024-12-02,あり,達成,なし,電話,チャット,教育不足,5
2025-08-01 00:51,HD2508011102,ネットワーク,法務,中,係長,18,2025-08-01,なし,達成,なし,リモート,チケット,ハード故障,3
2025-07-17 16:18,HD2507171103,PCトラブル,人事,低,主任,33,2025-07-17,あり,達成,なし,リモート,チケット,仕様,5
2026-04-17 10:16,HD2604171104,ネットワーク,経理,低,主任,31,2026-04-17,なし,達成,なし,リモート,チャット,外部要因,5
2026-05-12 11:00,HD2605121105,アカウント,情シス,中,係長,65,2026-05-12,あり,達成,なし,リモート,チケット,教育不足,5
2025-12-03 16:26,HD2512031106,PCトラブル,マーケ,低,係長,28,2025-12-03,なし,達成,なし,リモート,チャット,仕様,5
2024-03-05 22:57,HD2403051107,PCトラブル,総務,中,係長,90,2024-03-06,あり,達成,なし,リモート,電話,ハード故障,5
2024-07-06 18:49,HD2407061108,アカウント,総務,低,課長,28,2024-07-06,あり,達成,なし,オンサイト,チケット,教育不足,4
2025-07-31 13:55,HD2507311109,SaaS利用,マーケ,中,主任,63,2025-07-31,あり,達成,なし,リモート,チャット,ハード故障,5
2024-07-12 20:14,HD2407121110,ネットワーク,製造,中,課長,60,2024-07-12,あり,達成,なし,電話,メール,設定不備,5
2025-09-27 19:51,HD2509271111,ネットワーク,開発,中,主任,46,2025-09-27,あり,達成,なし,オンサイト,チャット,教育不足,5
2024-07-15 04:48,HD2407151112,SaaS利用,経理,中,課長,43,2024-07-15,なし,達成,なし,リモート,チケット,ハード故障,3
2025-09-22 01:51,HD2509221113,メール,製造,高,課長,243,2025-09-22,なし,未達,なし,電話,チャット,ハード故障,3
2025-02-02 18:46,HD2502021114,PCトラブル,法務,低,課長,20,2025-02-02,あり,達成,なし,リモート,チケット,仕様,5
2025-06-03 22:58,HD2506031115,アカウント,人事,低,係長,28,2025-06-03,あり,達成,なし,電話,電話,設定不備,4
2025-07-11 13:17,HD2507111116,アカウント,マーケ,中,課長,57,2025-07-11,あり,達成,なし,オンサイト,メール,教育不足,5
2024-09-25 21:11,HD2409251117,業務システム,製造,低,係長,15,2024-09-25,あり,達成,なし,電話,電話,外部要因,5
2025-12-20 13:32,HD2512201118,その他,開発,中,課長,34,2025-12-20,あり,達成,なし,リモート,メール,その他,5
2024-05-02 08:51,HD2405021119,PCトラブル,製造,緊急,課長,225,2024-05-02,あり,未達,なし,リモート,チャット,ハード故障,1
2025-10-20 14:08,HD2510201120,SaaS利用,法務,低,課長,40,2025-10-20,なし,達成,なし,リモート,チャット,外部要因,4
2025-08-11 05:25,HD2508111121,SaaS利用,経理,中,課長,60,2025-08-11,あり,達成,なし,リモート,電話,設定不備,5
2024-10-28 08:18,HD2410281122,アカウント,営業,低,係長,15,2024-10-28,あり,達成,なし,リモート,チャット,設定不備,5
2026-01-26 21:19,HD2601261123,PCトラブル,営業,中,課長,67,2026-01-26,あり,達成,なし,リモート,チケット,ハード故障,5
2024-09-05 16:34,HD2409051124,PCトラブル,製造,中,主任,67,2024-09-05,なし,達成,なし,リモート,チャット,ハード故障,5
2025-03-03 03:30,HD2503031125,VPN,マーケ,低,係長,5,2025-03-03,あり,達成,あり,オンサイト,メール,設定不備,5
2025-08-24 05:29,HD2508241126,VPN,法務,高,係長,135,2025-08-24,あり,未達,なし,電話,チケット,設定不備,1
2025-07-28 00:47,HD2507281127,プリンタ,経理,中,係長,87,2025-07-28,なし,達成,なし,リモート,対面,教育不足,4
2024-05-10 05:31,HD2405101128,業務システム,総務,中,係長,104,2024-05-10,あり,達成,なし,リモート,チャット,教育不足,4
2024-02-22 14:43,HD2402221129,SaaS利用,人事,低,課長,9,2024-02-22,あり,達成,なし,リモート,チャット,教育不足,4
2026-04-09 17:41,HD2604091130,アカウント,総務,低,係長,10,2026-04-09,あり,達成,なし,電話,電話,仕様,5
2025-11-18 11:29,HD2511181131,アカウント,人事,低,課長,5,2025-11-18,なし,達成,なし,リモート,チケット,教育不足,5
2025-06-19 00:12,HD2506191132,その他,開発,中,係長,37,2025-06-19,あり,達成,なし,リモート,対面,設定不備,5
2025-05-29 08:22,HD2505291133,ネットワーク,製造,緊急,課長,200,2025-05-29,あり,未達,なし,オンサイト,電話,その他,3
2025-11-19 05:45,HD2511191134,ネットワーク,マーケ,緊急,課長,99,2025-11-19,なし,未達,なし,リモート,チャット,設定不備,3
2026-01-18 18:50,HD2601181135,メール,製造,高,係長,240,2026-01-18,あり,未達,なし,オンサイト,チケット,その他,1
2024-05-04 13:00,HD2405041136,ネットワーク,マーケ,低,係長,5,2024-05-04,なし,達成,なし,リモート,電話,外部要因,5
2025-01-03 15:03,HD2501031137,ネットワーク,開発,低,係長,23,2025-01-03,なし,達成,あり,リモート,チケット,設定不備,1
2024-01-28 15:09,HD2401281138,SaaS利用,マーケ,中,主任,56,2024-01-28,あり,達成,なし,リモート,メール,ハード故障,5
2026-02-12 18:56,HD2602121139,アカウント,製造,低,主任,29,2026-02-12,あり,達成,なし,電話,チャット,設定不備,4
2025-12-15 08:38,HD2512151140,業務システム,総務,低,係長,44,2025-12-15,あり,達成,なし,リモート,チケット,脆弱性,5
2024-08-11 08:15,HD2408111141,PCトラブル,経理,低,課長,38,2024-08-11,あり,達成,なし,電話,チャット,設定不備,4
2024-01-04 15:04,HD2401041142,PCトラブル,総務,高,課長,95,2024-01-04,あり,達成,なし,リモート,メール,設定不備,4
2024-09-05 22:36,HD2409051143,業務システム,マーケ,中,主任,115,2024-09-06,あり,達成,なし,オンサイト,メール,ハード故障,5
2024-10-15 11:20,HD2410151144,メール,マーケ,高,主任,84,2024-10-15,あり,達成,なし,リモート,チケット,その他,5
2026-02-06 19:23,HD2602061145,アカウント,人事,中,主任,79,2026-02-06,あり,達成,なし,リモート,チャット,設定不備,4
2026-05-09 23:54,HD2605091146,セキュリティ,営業,中,係長,101,2026-05-10,あり,達成,なし,リモート,メール,教育不足,5
2025-07-15 15:39,HD2507151147,アカウント,マーケ,低,係長,45,2025-07-15,あり,達成,なし,リモート,チケット,教育不足,5
2025-09-22 16:42,HD2509221148,VPN,営業,高,課長,154,2025-09-22,なし,未達,なし,リモート,チケット,設定不備,3
2024-08-09 10:55,HD2408091149,アカウント,開発,中,主任,34,2024-08-09,あり,達成,なし,リモート,チケット,設定不備,5
2025-08-29 09:54,HD2508291150,PCトラブル,総務,高,課長,98,2025-08-29,あり,達成,なし,リモート,チケット,ハード故障,5
2025-05-14 12:33,HD2505141151,アカウント,法務,中,課長,65,2025-05-14,あり,達成,なし,リモート,チケット,外部要因,5
2024-05-03 02:06,HD2405031152,業務システム,開発,中,主任,49,2024-05-03,あり,達成,なし,リモート,チケット,教育不足,4
2026-02-06 06:14,HD2602061153,VPN,開発,高,課長,90,2026-02-06,あり,達成,あり,リモート,チャット,その他,5
2024-07-23 13:52,HD2407231154,プリンタ,総務,高,係長,176,2024-07-23,なし,未達,なし,電話,チケット,設定不備,3
2025-06-02 19:21,HD2506021155,PCトラブル,法務,低,課長,34,2025-06-02,あり,達成,なし,電話,対面,脆弱性,5
2026-03-02 03:17,HD2603021156,アカウント,開発,高,課長,154,2026-03-02,あり,未達,なし,電話,チケット,仕様,2
2025-02-28 01:51,HD2502281157,VPN,経理,高,主任,151,2025-02-28,あり,未達,なし,リモート,チャット,教育不足,3
2026-04-21 02:15,HD2604211158,アカウント,法務,高,係長,158,2026-04-21,あり,未達,なし,電話,メール,設定不備,1
2025-06-10 22:35,HD2506101159,ネットワーク,人事,高,課長,174,2025-06-11,あり,未達,なし,電話,チケット,設定不備,3
2024-06-13 20:22,HD2406131160,メール,マーケ,中,主任,78,2024-06-13,あり,達成,なし,リモート,チャット,設定不備,5
2025-10-14 18:01,HD2510141161,業務システム,経理,中,課長,116,2025-10-14,あり,達成,なし,リモート,電話,仕様,5
2024-05-22 02:41,HD2405221162,VPN,製造,中,課長,26,2024-05-22,あり,達成,なし,リモート,チケット,外部要因,5
2024-07-04 21:44,HD2407041163,VPN,製造,高,係長,132,2024-07-04,あり,未達,なし,リモート,対面,仕様,1
2025-07-07 14:34,HD2507071164,アカウント,マーケ,高,主任,82,2025-07-07,あり,達成,なし,リモート,チケット,設定不備,5
2024-12-19 04:47,HD2412191165,セキュリティ,法務,低,主任,23,2024-12-19,なし,達成,なし,リモート,対面,仕様,4
2024-04-18 20:37,HD2404181166,PCトラブル,営業,中,主任,102,2024-04-18,あり,達成,なし,リモート,チャット,設定不備,5
2025-08-30 07:15,HD2508301167,アカウント,営業,高,係長,97,2025-08-30,あり,達成,なし,リモート,チケット,ハード故障,4
2024-04-30 04:44,HD2404301168,VPN,製造,低,主任,34,2024-04-30,あり,達成,なし,リモート,チケット,設定不備,5
2026-01-13 04:19,HD2601131169,PCトラブル,法務,低,主任,20,2026-01-13,あり,達成,あり,リモート,チケット,設定不備,4
2024-11-27 11:39,HD2411271170,PCトラブル,法務,中,課長,99,2024-11-27,あり,達成,なし,電話,対面,仕様,5
2025-03-30 08:18,HD2503301171,プリンタ,マーケ,高,課長,168,2025-03-30,あり,未達,あり,リモート,対面,教育不足,3
2025-04-01 09:53,HD2504011172,ネットワーク,情シス,中,係長,101,2025-04-01,あり,達成,なし,リモート,チケット,設定不備,5
2024-01-07 23:29,HD2401071173,アカウント,マーケ,低,課長,34,2024-01-08,あり,達成,なし,電話,チャット,仕様,5
2025-02-27 05:46,HD2502271174,メール,製造,低,課長,43,2025-02-27,あり,達成,なし,リモート,電話,ハード故障,5
2024-06-13 08:03,HD2406131175,SaaS利用,総務,中,課長,91,2024-06-13,あり,達成,なし,オンサイト,チケット,設定不備,5
2024-11-02 14:08,HD2411021176,PCトラブル,マーケ,低,主任,32,2024-11-02,あり,達成,なし,オンサイト,メール,教育不足,5
2025-10-16 06:38,HD2510161177,アカウント,人事,高,係長,61,2025-10-16,なし,達成,なし,リモート,メール,教育不足,5
2025-11-11 07:17,HD2511111178,アカウント,法務,中,主任,142,2025-11-11,あり,達成,なし,リモート,チケット,外部要因,5
2024-09-07 02:51,HD2409071179,PCトラブル,情シス,中,課長,41,2024-09-07,あり,達成,なし,電話,チケット,ハード故障,5
2024-01-13 15:04,HD2401131180,PCトラブル,営業,低,課長,28,2024-01-13,あり,達成,なし,オンサイト,チケット,設定不備,5
2024-10-27 17:05,HD2410271181,PCトラブル,マーケ,中,主任,73,2024-10-27,あり,達成,なし,リモート,チケット,仕様,5
2024-03-13 08:57,HD2403131182,メール,総務,中,係長,76,2024-03-13,あり,達成,なし,オンサイト,電話,ハード故障,5
2024-03-17 07:53,HD2403171183,VPN,マーケ,中,主任,47,2024-03-17,あり,達成,なし,リモート,チャット,その他,4
2024-07-09 04:17,HD2407091184,ネットワーク,法務,低,課長,12,2024-07-09,なし,達成,なし,リモート,チケット,設定不備,3
2026-04-16 07:54,HD2604161185,ネットワーク,法務,高,課長,96,2026-04-16,あり,達成,なし,電話,チャット,教育不足,5
2024-11-30 06:47,HD2411301186,ネットワーク,経理,低,課長,11,2024-11-30,あり,達成,なし,オンサイト,チケット,脆弱性,4
2024-04-30 04:59,HD2404301187,PCトラブル,営業,中,課長,71,2024-04-30,なし,達成,なし,リモート,チケット,ハード故障,3
2025-12-07 06:46,HD2512071188,アカウント,法務,低,課長,37,2025-12-07,あり,達成,なし,リモート,チャット,ハード故障,4
2026-01-11 08:48,HD2601111189,プリンタ,営業,中,主任,93,2026-01-11,あり,達成,なし,オンサイト,電話,設定不備,5
2025-10-17 18:30,HD2510171190,PCトラブル,法務,中,係長,78,2025-10-17,あり,達成,なし,オンサイト,チケット,その他,5
2025-07-15 06:38,HD2507151191,ネットワーク,営業,低,課長,25,2025-07-15,なし,達成,なし,電話,チケット,ハード故障,4
2024-09-24 06:13,HD2409241192,ネットワーク,製造,低,係長,18,2024-09-24,あり,達成,あり,オンサイト,メール,外部要因,5
2025-06-27 05:02,HD2506271193,VPN,営業,中,係長,68,2025-06-27,あり,達成,あり,リモート,チケット,教育不足,5
2024-06-08 22:38,HD2406081194,セキュリティ,製造,低,課長,18,2024-06-08,あり,達成,なし,電話,チケット,設定不備,5
2024-05-04 16:28,HD2405041195,アカウント,製造,中,係長,56,2024-05-04,あり,達成,あり,リモート,メール,設定不備,4
2024-06-23 03:49,HD2406231196,その他,情シス,高,係長,30,2024-06-23,なし,達成,あり,リモート,対面,教育不足,3
2025-11-30 05:18,HD2511301197,セキュリティ,情シス,低,課長,54,2025-11-30,あり,達成,なし,リモート,メール,教育不足,5
2025-08-04 22:33,HD2508041198,VPN,人事,中,係長,72,2025-08-04,あり,達成,なし,リモート,チケット,仕様,5
2024-04-06 00:24,HD2404061199,アカウント,情シス,中,課長,87,2024-04-06,あり,達成,あり,リモート,チャット,教育不足,5
2025-12-19 04:32,HD2512191200,ネットワーク,人事,高,係長,116,2025-12-19,あり,未達,なし,リモート,チャット,教育不足,3
2025-03-31 08:39,HD2503311201,その他,営業,緊急,課長,237,2025-03-31,あり,未達,なし,リモート,チケット,仕様,1
2024-11-23 07:06,HD2411231202,アカウント,法務,高,主任,127,2024-11-23,あり,未達,なし,オンサイト,チャット,仕様,3
2026-05-31 07:41,HD2605311203,業務システム,営業,中,課長,125,2026-05-31,あり,達成,なし,オンサイト,チャット,脆弱性,5
2025-05-05 09:43,HD2505051204,ネットワーク,開発,低,係長,22,2025-05-05,なし,達成,なし,リモート,電話,ハード故障,4
2025-12-18 02:33,HD2512181205,その他,総務,低,主任,13,2025-12-18,あり,達成,なし,リモート,チケット,教育不足,5
2025-03-08 07:44,HD2503081206,アカウント,法務,中,課長,12,2025-03-08,あり,達成,なし,リモート,メール,その他,5
2025-12-09 05:16,HD2512091207,アカウント,総務,高,課長,163,2025-12-09,あり,未達,なし,オンサイト,電話,ハード故障,3
2024-05-01 19:22,HD2405011208,SaaS利用,人事,高,係長,68,2024-05-01,あり,達成,なし,オンサイト,チケット,設定不備,4
2024-07-02 06:35,HD2407021209,メール,総務,低,主任,8,2024-07-02,なし,達成,なし,電話,チケット,教育不足,4
2024-08-05 05:46,HD2408051210,業務システム,マーケ,低,係長,40,2024-08-05,あり,達成,なし,電話,チケット,設定不備,5
2025-10-15 09:36,HD2510151211,アカウント,経理,高,課長,91,2025-10-15,あり,達成,なし,オンサイト,チケット,教育不足,5
2025-10-31 12:29,HD2510311212,ネットワーク,マーケ,低,課長,15,2025-10-31,あり,達成,なし,リモート,チャット,設定不備,5
2025-10-14 08:27,HD2510141213,ネットワーク,製造,中,主任,36,2025-10-14,なし,達成,なし,リモート,チャット,外部要因,4
2025-06-03 21:30,HD2506031214,業務システム,営業,緊急,課長,236,2025-06-04,なし,未達,なし,オンサイト,チャット,教育不足,3
2024-06-21 14:51,HD2406211215,VPN,経理,低,係長,35,2024-06-21,なし,達成,なし,リモート,電話,教育不足,5
2024-03-07 05:24,HD2403071216,ネットワーク,総務,緊急,主任,234,2024-03-07,なし,未達,なし,リモート,チケット,教育不足,3
2026-01-13 12:41,HD2601131217,ネットワーク,開発,低,課長,32,2026-01-13,あり,達成,なし,オンサイト,チャット,外部要因,5
2025-08-20 16:25,HD2508201218,ネットワーク,製造,中,主任,77,2025-08-20,なし,達成,なし,リモート,対面,教育不足,5
2025-03-22 09:55,HD2503221219,プリンタ,マーケ,中,課長,86,2025-03-22,あり,達成,なし,オンサイト,チケット,その他,4
2025-05-17 07:38,HD2505171220,セキュリティ,製造,中,課長,120,2025-05-17,あり,達成,なし,リモート,チャット,設定不備,4
2025-08-26 22:01,HD2508261221,ネットワーク,開発,中,係長,29,2025-08-26,あり,達成,なし,リモート,チャット,外部要因,5
2025-06-10 03:33,HD2506101222,ネットワーク,情シス,中,主任,68,2025-06-10,あり,達成,あり,電話,チケット,教育不足,5
2024-10-18 00:57,HD2410181223,SaaS利用,経理,中,課長,64,2024-10-18,あり,達成,なし,電話,チャット,外部要因,5
2024-10-14 11:53,HD2410141224,PCトラブル,情シス,低,主任,21,2024-10-14,なし,達成,なし,リモート,チケット,教育不足,3
2025-03-18 15:45,HD2503181225,業務システム,人事,中,係長,116,2025-03-18,なし,達成,なし,リモート,電話,教育不足,5
2026-04-28 15:16,HD2604281226,メール,経理,低,主任,11,2026-04-28,あり,達成,なし,リモート,電話,設定不備,5
2024-07-26 19:23,HD2407261227,プリンタ,人事,中,係長,95,2024-07-26,なし,達成,なし,リモート,チャット,教育不足,5
2024-06-22 06:29,HD2406221228,ネットワーク,法務,低,主任,20,2024-06-22,あり,達成,なし,オンサイト,電話,設定不備,5
2026-05-29 09:28,HD2605291229,PCトラブル,営業,中,課長,49,2026-05-29,なし,達成,なし,オンサイト,メール,その他,4
2024-10-21 12:55,HD2410211230,アカウント,マーケ,低,主任,13,2024-10-21,あり,達成,なし,リモート,メール,仕様,5
2025-12-26 08:24,HD2512261231,PCトラブル,マーケ,中,係長,48,2025-12-26,あり,達成,なし,リモート,電話,教育不足,5
2024-04-13 21:05,HD2404131232,アカウント,製造,低,主任,29,2024-04-13,あり,達成,なし,リモート,チャット,脆弱性,5
2025-01-25 14:38,HD2501251233,PCトラブル,情シス,低,主任,22,2025-01-25,あり,達成,なし,リモート,対面,教育不足,5
2024-03-12 08:13,HD2403121234,VPN,法務,中,係長,87,2024-03-12,あり,達成,なし,リモート,チャット,その他,5
2025-08-27 06:47,HD2508271235,VPN,法務,低,係長,18,2025-08-27,あり,達成,なし,オンサイト,チケット,設定不備,5
2024-03-31 12:35,HD2403311236,VPN,開発,中,課長,59,2024-03-31,あり,達成,なし,電話,チケット,ハード故障,5
2024-11-10 03:50,HD2411101237,アカウント,経理,高,主任,140,2024-11-10,あり,未達,なし,オンサイト,チャット,設定不備,3
2025-03-30 07:53,HD2503301238,メール,総務,緊急,課長,223,2025-03-30,あり,未達,なし,リモート,チャット,ハード故障,3
2024-02-23 02:48,HD2402231239,アカウント,製造,低,主任,40,2024-02-23,あり,達成,なし,オンサイト,チャット,設定不備,5
2026-02-26 00:17,HD2602261240,業務システム,営業,中,課長,41,2026-02-26,なし,達成,なし,リモート,メール,仕様,4
2025-04-17 00:52,HD2504171241,アカウント,情シス,低,課長,38,2025-04-17,あり,達成,なし,オンサイト,メール,設定不備,5
2025-11-23 19:12,HD2511231242,ネットワーク,経理,低,課長,35,2025-11-23,あり,達成,なし,オンサイト,チャット,脆弱性,4
2025-11-19 14:54,HD2511191243,ネットワーク,マーケ,中,主任,68,2025-11-19,あり,達成,なし,オンサイト,チャット,外部要因,5
2026-05-26 20:54,HD2605261244,ネットワーク,経理,低,課長,18,2026-05-26,あり,達成,なし,リモート,チャット,仕様,4
2024-05-25 17:18,HD2405251245,PCトラブル,人事,低,主任,22,2024-05-25,あり,達成,なし,電話,電話,教育不足,4
2024-10-22 04:48,HD2410221246,PCトラブル,製造,緊急,係長,62,2024-10-22,あり,達成,なし,オンサイト,チケット,外部要因,5
2024-11-12 06:20,HD2411121247,メール,製造,低,課長,26,2024-11-12,あり,達成,なし,電話,チャット,設定不備,5
2024-10-24 07:35,HD2410241248,VPN,人事,中,主任,18,2024-10-24,あり,達成,なし,リモート,チケット,設定不備,4
2026-01-06 01:35,HD2601061249,アカウント,開発,中,主任,5,2026-01-06,あり,達成,あり,オンサイト,電話,設定不備,5
2025-07-22 02:59,HD2507221250,PCトラブル,経理,中,課長,51,2025-07-22,なし,達成,なし,電話,メール,教育不足,3
2024-03-31 00:49,HD2403311251,アカウント,経理,中,課長,19,2024-03-31,あり,達成,なし,電話,チケット,教育不足,4
2024-05-14 05:11,HD2405141252,ネットワーク,開発,低,主任,13,2024-05-14,なし,達成,なし,リモート,メール,その他,5
2024-08-22 15:43,HD2408221253,メール,人事,低,主任,33,2024-08-22,あり,達成,なし,オンサイト,チャット,外部要因,5
2025-10-07 02:11,HD2510071254,アカウント,マーケ,低,主任,19,2025-10-07,あり,達成,なし,リモート,チャット,ハード故障,5
2025-01-13 21:38,HD2501131255,アカウント,製造,緊急,主任,191,2025-01-14,あり,未達,なし,リモート,チケット,仕様,2
2024-08-22 00:25,HD2408221256,SaaS利用,マーケ,低,係長,34,2024-08-22,なし,達成,なし,オンサイト,チケット,教育不足,4
2025-10-31 05:59,HD2510311257,PCトラブル,総務,低,課長,22,2025-10-31,あり,達成,なし,電話,メール,教育不足,5
2025-09-30 14:28,HD2509301258,SaaS利用,人事,低,課長,32,2025-09-30,あり,達成,なし,リモート,チケット,仕様,5
2024-11-21 07:34,HD2411211259,SaaS利用,経理,低,係長,21,2024-11-21,あり,達成,なし,リモート,メール,教育不足,4
2026-02-05 14:50,HD2602051260,VPN,営業,低,係長,42,2026-02-05,あり,達成,なし,リモート,電話,ハード故障,4
2025-07-12 01:53,HD2507121261,PCトラブル,情シス,中,主任,37,2025-07-12,あり,達成,なし,オンサイト,チケット,教育不足,5
2024-05-15 04:38,HD2405151262,PCトラブル,製造,低,課長,24,2024-05-15,あり,達成,なし,オンサイト,チャット,設定不備,5
2024-09-10 16:41,HD2409101263,アカウント,人事,低,課長,22,2024-09-10,あり,達成,なし,リモート,チケット,ハード故障,5
2024-05-13 16:19,HD2405131264,アカウント,情シス,中,係長,41,2024-05-13,あり,達成,なし,オンサイト,チャット,仕様,5
2025-09-11 21:40,HD2509111265,アカウント,法務,中,係長,22,2025-09-11,あり,達成,なし,オンサイト,チャット,ハード故障,4
2025-03-22 15:45,HD2503221266,アカウント,法務,中,係長,66,2025-03-22,あり,達成,なし,オンサイト,電話,設定不備,5
2024-07-04 01:30,HD2407041267,アカウント,製造,低,主任,29,2024-07-04,あり,達成,あり,電話,対面,ハード故障,5
2026-04-06 23:14,HD2604061268,アカウント,人事,高,係長,177,2026-04-07,あり,未達,あり,リモート,メール,仕様,1
2025-11-16 09:21,HD2511161269,アカウント,開発,緊急,係長,262,2025-11-16,あり,未達,なし,リモート,電話,ハード故障,3
2026-03-18 11:13,HD2603181270,VPN,人事,緊急,係長,229,2026-03-18,なし,未達,なし,オンサイト,チケット,脆弱性,3
2024-08-18 07:09,HD2408181271,VPN,製造,中,主任,57,2024-08-18,あり,達成,なし,オンサイト,チケット,教育不足,5
2025-05-12 20:29,HD2505121272,PCトラブル,経理,低,課長,8,2025-05-12,あり,達成,なし,リモート,チケット,外部要因,4
2025-12-31 11:45,HD2512311273,アカウント,営業,高,係長,169,2025-12-31,あり,未達,なし,リモート,チャット,仕様,3
2025-09-14 12:01,HD2509141274,メール,マーケ,高,課長,129,2025-09-14,あり,未達,なし,リモート,メール,ハード故障,2
2025-12-06 06:47,HD2512061275,SaaS利用,製造,中,課長,87,2025-12-06,あり,達成,なし,オンサイト,メール,仕様,5
2026-02-03 09:55,HD2602031276,SaaS利用,マーケ,緊急,主任,133,2026-02-03,あり,未達,なし,リモート,チケット,教育不足,3
2024-11-10 14:23,HD2411101277,VPN,マーケ,低,係長,29,2024-11-10,なし,達成,なし,オンサイト,対面,教育不足,4
2024-12-25 21:18,HD2412251278,アカウント,開発,中,係長,47,2024-12-25,なし,達成,なし,オンサイト,チャット,教育不足,5
2024-10-15 15:47,HD2410151279,PCトラブル,マーケ,中,課長,40,2024-10-15,あり,達成,なし,オンサイト,チケット,設定不備,4
2024-03-27 11:52,HD2403271280,メール,経理,中,係長,84,2024-03-27,あり,達成,なし,リモート,チケット,教育不足,5
2024-03-08 01:01,HD2403081281,PCトラブル,開発,低,係長,41,2024-03-08,あり,達成,なし,電話,チャット,教育不足,5
2025-05-23 18:47,HD2505231282,ネットワーク,マーケ,中,主任,54,2025-05-23,あり,達成,なし,電話,チケット,外部要因,5
2024-07-09 11:08,HD2407091283,プリンタ,情シス,低,係長,12,2024-07-09,あり,達成,なし,リモート,電話,教育不足,5
2024-04-28 09:20,HD2404281284,アカウント,法務,中,課長,5,2024-04-28,あり,達成,なし,リモート,チャット,ハード故障,5
2025-12-01 10:33,HD2512011285,PCトラブル,情シス,中,係長,47,2025-12-01,あり,達成,なし,オンサイト,チャット,教育不足,5
2026-03-12 01:41,HD2603121286,メール,開発,中,係長,19,2026-03-12,なし,達成,あり,電話,チャット,設定不備,3
2025-01-10 17:33,HD2501101287,アカウント,情シス,低,主任,26,2025-01-10,あり,達成,なし,オンサイト,チャット,設定不備,5
2025-03-11 04:37,HD2503111288,VPN,情シス,中,係長,86,2025-03-11,あり,達成,なし,リモート,メール,その他,5
2026-01-24 18:55,HD2601241289,ネットワーク,人事,高,課長,104,2026-01-24,あり,達成,なし,電話,チャット,設定不備,5
2024-10-11 07:55,HD2410111290,アカウント,人事,中,係長,41,2024-10-11,あり,達成,なし,オンサイト,メール,その他,4
2025-09-03 23:14,HD2509031291,VPN,総務,中,課長,53,2025-09-04,なし,達成,なし,電話,チャット,仕様,4
2025-07-21 14:21,HD2507211292,業務システム,人事,低,課長,17,2025-07-21,あり,達成,なし,リモート,チケット,教育不足,5
2026-02-11 03:24,HD2602111293,SaaS利用,開発,低,係長,38,2026-02-11,あり,達成,なし,オンサイト,対面,ハード故障,5
2025-10-21 22:15,HD2510211294,アカウント,開発,緊急,係長,188,2025-10-22,なし,未達,なし,リモート,メール,外部要因,2
2024-04-05 21:08,HD2404051295,PCトラブル,開発,中,係長,74,2024-04-05,あり,達成,なし,リモート,チケット,仕様,4
2025-11-05 13:27,HD2511051296,PCトラブル,製造,低,課長,45,2025-11-05,あり,達成,なし,リモート,チケット,設定不備,4
2025-09-11 12:30,HD2509111297,メール,開発,緊急,主任,213,2025-09-11,なし,未達,なし,リモート,チャット,外部要因,3
2024-06-16 21:54,HD2406161298,メール,製造,中,主任,91,2024-06-16,あり,達成,なし,リモート,メール,仕様,5
2026-02-06 06:36,HD2602061299,SaaS利用,営業,低,係長,41,2026-02-06,あり,達成,なし,リモート,チャット,仕様,4
2024-04-02 11:26,HD2404021300,PCトラブル,マーケ,中,課長,60,2024-04-02,なし,達成,なし,オンサイト,チケット,脆弱性,3
2025-06-16 02:54,HD2506161301,VPN,マーケ,低,主任,25,2025-06-16,あり,達成,あり,リモート,メール,ハード故障,5
2024-05-27 04:30,HD2405271302,VPN,開発,中,主任,100,2024-05-27,あり,達成,なし,リモート,チケット,設定不備,5
2025-05-06 12:19,HD2505061303,PCトラブル,法務,低,係長,36,2025-05-06,なし,達成,なし,リモート,チケット,教育不足,4
2025-05-17 03:05,HD2505171304,PCトラブル,製造,中,主任,5,2025-05-17,あり,達成,なし,リモート,メール,脆弱性,5
2025-04-01 21:17,HD2504011305,VPN,開発,低,係長,29,2025-04-01,あり,達成,なし,オンサイト,チャット,脆弱性,4
2024-08-07 19:59,HD2408071306,アカウント,製造,中,主任,51,2024-08-07,あり,達成,なし,リモート,チケット,設定不備,5
2025-06-24 00:46,HD2506241307,PCトラブル,製造,中,課長,77,2025-06-24,あり,達成,なし,リモート,チャット,外部要因,5
2024-12-12 18:01,HD2412121308,PCトラブル,経理,高,課長,186,2024-12-12,あり,未達,なし,オンサイト,チャット,仕様,3
2026-04-01 00:52,HD2604011309,メール,人事,低,係長,10,2026-04-01,あり,達成,あり,リモート,チャット,その他,5
2025-04-24 02:31,HD2504241310,セキュリティ,総務,低,主任,31,2025-04-24,なし,達成,なし,リモート,チャット,ハード故障,4
2026-04-13 20:34,HD2604131311,SaaS利用,マーケ,高,課長,151,2026-04-13,あり,未達,なし,電話,メール,ハード故障,3
2025-07-27 11:19,HD2507271312,PCトラブル,経理,低,主任,13,2025-07-27,あり,達成,なし,リモート,チャット,仕様,5
2024-01-06 08:44,HD2401061313,VPN,営業,低,主任,17,2024-01-06,あり,達成,なし,リモート,メール,外部要因,5
2025-08-11 23:02,HD2508111314,ネットワーク,営業,中,係長,61,2025-08-12,あり,達成,なし,オンサイト,チケット,脆弱性,5
2025-07-27 14:37,HD2507271315,ネットワーク,営業,緊急,係長,317,2025-07-27,あり,未達,なし,リモート,チケット,ハード故障,3
2025-02-18 11:08,HD2502181316,PCトラブル,法務,中,係長,54,2025-02-18,あり,達成,なし,オンサイト,チャット,仕様,5
2024-05-24 19:09,HD2405241317,アカウント,営業,中,主任,63,2024-05-24,あり,達成,なし,リモート,対面,教育不足,5
2024-06-21 06:57,HD2406211318,PCトラブル,営業,低,主任,28,2024-06-21,あり,達成,なし,リモート,チャット,ハード故障,5
2025-10-21 21:04,HD2510211319,セキュリティ,製造,低,主任,7,2025-10-21,あり,達成,なし,リモート,チケット,教育不足,5
2026-04-21 03:29,HD2604211320,PCトラブル,人事,中,課長,65,2026-04-21,あり,達成,なし,オンサイト,チャット,仕様,5
2024-08-08 08:16,HD2408081321,メール,経理,低,課長,18,2024-08-08,あり,達成,なし,リモート,メール,ハード故障,5
2026-05-09 12:14,HD2605091322,PCトラブル,人事,低,主任,28,2026-05-09,あり,達成,なし,リモート,電話,教育不足,5
2026-05-01 10:46,HD2605011323,PCトラブル,マーケ,高,主任,186,2026-05-01,あり,未達,なし,電話,メール,その他,1
2025-01-11 11:07,HD2501111324,PCトラブル,人事,高,主任,151,2025-01-11,あり,未達,なし,オンサイト,チャット,その他,1
2024-03-07 20:32,HD2403071325,アカウント,経理,高,課長,134,2024-03-07,あり,未達,なし,電話,メール,設定不備,3
2025-06-06 07:14,HD2506061326,ネットワーク,人事,中,係長,50,2025-06-06,あり,達成,なし,リモート,対面,設定不備,5
2025-06-04 01:36,HD2506041327,アカウント,開発,緊急,課長,58,2025-06-04,あり,未達,なし,リモート,チャット,設定不備,3
2024-11-17 00:37,HD2411171328,PCトラブル,営業,中,課長,38,2024-11-17,あり,達成,なし,リモート,チケット,設定不備,5
2024-04-09 19:41,HD2404091329,メール,法務,低,係長,44,2024-04-09,あり,達成,なし,リモート,チャット,設定不備,5
2025-09-30 08:38,HD2509301330,SaaS利用,営業,低,係長,26,2025-09-30,なし,達成,あり,リモート,チケット,教育不足,3
2025-10-20 23:59,HD2510201331,アカウント,総務,低,係長,27,2025-10-21,あり,達成,なし,リモート,チケット,外部要因,5
2025-11-23 22:45,HD2511231332,業務システム,マーケ,低,課長,44,2025-11-23,あり,達成,なし,リモート,チケット,ハード故障,5
2024-02-24 23:08,HD2402241333,ネットワーク,法務,中,課長,97,2024-02-25,なし,達成,なし,リモート,チケット,教育不足,4
2024-09-22 00:25,HD2409221334,VPN,総務,中,主任,33,2024-09-22,あり,達成,なし,リモート,メール,ハード故障,4
2024-06-13 19:31,HD2406131335,セキュリティ,総務,低,課長,20,2024-06-13,あり,達成,なし,オンサイト,チケット,外部要因,5
2025-12-26 22:36,HD2512261336,その他,経理,中,係長,91,2025-12-27,なし,達成,なし,電話,チケット,教育不足,4
2024-07-20 20:14,HD2407201337,アカウント,製造,中,課長,126,2024-07-20,あり,達成,なし,リモート,チケット,設定不備,5
2025-03-02 00:11,HD2503021338,ネットワーク,総務,高,課長,129,2025-03-02,なし,達成,なし,リモート,対面,設定不備,4
2024-01-20 06:12,HD2401201339,PCトラブル,法務,高,係長,170,2024-01-20,あり,未達,なし,オンサイト,メール,外部要因,2
2025-02-24 08:02,HD2502241340,その他,人事,低,係長,21,2025-02-24,あり,達成,なし,オンサイト,チャット,教育不足,5
2024-10-04 10:44,HD2410041341,ネットワーク,人事,中,主任,63,2024-10-04,あり,達成,なし,オンサイト,チャット,設定不備,5
2024-02-20 13:25,HD2402201342,メール,営業,低,課長,17,2024-02-20,あり,達成,なし,リモート,電話,外部要因,5
2025-08-01 08:59,HD2508011343,アカウント,情シス,低,課長,31,2025-08-01,あり,達成,なし,オンサイト,チケット,教育不足,5
2025-06-05 21:19,HD2506051344,業務システム,経理,高,係長,15,2025-06-05,あり,達成,なし,オンサイト,チャット,外部要因,4
2025-10-06 20:32,HD2510061345,アカウント,法務,中,係長,47,2025-10-06,あり,達成,なし,リモート,チャット,設定不備,4
2024-08-06 18:20,HD2408061346,アカウント,総務,緊急,主任,172,2024-08-06,あり,未達,なし,リモート,チケット,その他,1
2026-05-27 22:41,HD2605271347,アカウント,情シス,低,課長,38,2026-05-27,あり,達成,なし,リモート,メール,ハード故障,5
2024-12-16 11:50,HD2412161348,VPN,製造,低,課長,31,2024-12-16,あり,達成,なし,オンサイト,メール,外部要因,4
2026-02-18 08:46,HD2602181349,セキュリティ,法務,低,課長,42,2026-02-18,あり,達成,あり,リモート,チャット,その他,4
2024-01-23 15:27,HD2401231350,プリンタ,マーケ,低,係長,14,2024-01-23,あり,達成,なし,リモート,メール,仕様,5
2024-03-18 07:47,HD2403181351,メール,人事,高,係長,104,2024-03-18,なし,未達,なし,リモート,チケット,設定不備,3
2024-07-11 08:07,HD2407111352,アカウント,情シス,低,課長,13,2024-07-11,あり,達成,なし,電話,メール,仕様,5
2025-08-25 23:28,HD2508251353,セキュリティ,マーケ,低,係長,17,2025-08-25,あり,達成,なし,リモート,電話,教育不足,5
2024-06-22 08:16,HD2406221354,ネットワーク,開発,中,主任,50,2024-06-22,あり,達成,あり,リモート,チケット,設定不備,5
2025-09-19 08:05,HD2509191355,プリンタ,開発,高,課長,91,2025-09-19,あり,達成,なし,リモート,チャット,脆弱性,5
2025-06-18 13:04,HD2506181356,PCトラブル,開発,低,主任,26,2025-06-18,なし,達成,なし,リモート,メール,外部要因,4
2024-02-04 05:55,HD2402041357,PCトラブル,マーケ,低,課長,19,2024-02-04,あり,達成,なし,リモート,チャット,教育不足,4
2025-08-07 23:11,HD2508071358,ネットワーク,総務,中,係長,30,2025-08-07,あり,達成,なし,オンサイト,チケット,その他,5
2024-05-06 05:56,HD2405061359,アカウント,情シス,中,課長,5,2024-05-06,あり,達成,なし,リモート,チケット,仕様,5
2025-06-19 18:44,HD2506191360,VPN,経理,低,主任,38,2025-06-19,なし,達成,なし,オンサイト,チケット,設定不備,3
2026-01-17 19:54,HD2601171361,VPN,開発,中,課長,93,2026-01-17,あり,達成,なし,オンサイト,チケット,設定不備,4
2026-05-17 19:24,HD2605171362,プリンタ,人事,低,係長,28,2026-05-17,なし,達成,なし,リモート,チケット,設定不備,4
2025-01-18 16:50,HD2501181363,アカウント,製造,中,係長,71,2025-01-18,あり,達成,なし,リモート,チャット,教育不足,5
2024-01-07 22:52,HD2401071364,セキュリティ,経理,中,課長,97,2024-01-08,あり,達成,なし,リモート,対面,設定不備,5
2026-01-19 12:19,HD2601191365,ネットワーク,経理,中,課長,5,2026-01-19,あり,達成,なし,リモート,チケット,その他,4
2024-09-16 17:38,HD2409161366,SaaS利用,経理,低,係長,27,2024-09-16,あり,達成,なし,リモート,チャット,ハード故障,5
2025-12-06 00:23,HD2512061367,SaaS利用,マーケ,低,主任,21,2025-12-06,なし,達成,なし,オンサイト,チャット,設定不備,4
2025-10-06 05:58,HD2510061368,アカウント,開発,低,係長,14,2025-10-06,あり,達成,なし,オンサイト,メール,教育不足,5
2026-01-16 22:23,HD2601161369,SaaS利用,マーケ,低,主任,32,2026-01-16,あり,達成,なし,リモート,チケット,その他,4
2025-03-12 09:25,HD2503121370,PCトラブル,経理,中,係長,51,2025-03-12,あり,達成,なし,リモート,チケット,設定不備,4
2025-02-21 10:06,HD2502211371,SaaS利用,製造,低,課長,21,2025-02-21,あり,達成,なし,オンサイト,チケット,教育不足,5
2025-05-24 23:45,HD2505241372,PCトラブル,人事,高,課長,134,2025-05-25,あり,未達,なし,電話,チケット,外部要因,3
2024-08-28 05:22,HD2408281373,その他,法務,低,課長,35,2024-08-28,あり,達成,なし,電話,チャット,仕様,5
2026-03-28 11:52,HD2603281374,VPN,営業,中,課長,71,2026-03-28,なし,達成,あり,オンサイト,チケット,その他,2
2025-06-14 23:18,HD2506141375,プリンタ,総務,中,主任,53,2025-06-15,あり,達成,なし,リモート,チケット,その他,5
2025-10-12 10:29,HD2510121376,ネットワーク,経理,低,主任,5,2025-10-12,なし,達成,あり,電話,チケット,設定不備,3
2025-03-09 05:39,HD2503091377,ネットワーク,製造,低,係長,28,2025-03-09,あり,達成,なし,オンサイト,チケット,教育不足,5
2025-08-27 02:46,HD2508271378,SaaS利用,営業,低,課長,33,2025-08-27,あり,達成,なし,オンサイト,電話,ハード故障,5
2026-02-03 06:11,HD2602031379,ネットワーク,経理,中,課長,67,2026-02-03,あり,達成,なし,リモート,チケット,教育不足,5
2025-12-22 21:14,HD2512221380,その他,経理,中,主任,81,2025-12-22,あり,達成,なし,リモート,チケット,教育不足,5
2025-04-17 11:39,HD2504171381,PCトラブル,製造,緊急,主任,155,2025-04-17,あり,未達,なし,リモート,チケット,脆弱性,3
2024-09-26 06:29,HD2409261382,PCトラブル,総務,緊急,課長,175,2024-09-26,あり,未達,なし,電話,電話,設定不備,2
2025-12-18 12:08,HD2512181383,業務システム,開発,高,課長,154,2025-12-18,なし,未達,なし,リモート,電話,仕様,2
2025-01-18 00:14,HD2501181384,ネットワーク,法務,低,係長,15,2025-01-18,あり,達成,なし,リモート,チャット,教育不足,5
2024-09-06 22:06,HD2409061385,アカウント,人事,中,係長,49,2024-09-06,あり,達成,あり,リモート,チケット,教育不足,5
2024-04-18 08:34,HD2404181386,業務システム,情シス,低,係長,49,2024-04-18,あり,達成,あり,電話,チケット,教育不足,5
2024-07-08 11:45,HD2407081387,その他,マーケ,中,課長,32,2024-07-08,あり,達成,なし,オンサイト,チャット,仕様,5
2024-04-02 15:58,HD2404021388,ネットワーク,製造,低,課長,47,2024-04-02,あり,達成,なし,リモート,チャット,教育不足,5
2025-12-27 02:55,HD2512271389,業務システム,法務,中,課長,27,2025-12-27,あり,達成,なし,リモート,チケット,その他,5
2024-01-31 06:07,HD2401311390,SaaS利用,製造,低,主任,26,2024-01-31,あり,達成,なし,リモート,チケット,教育不足,5
2025-01-17 21:37,HD2501171391,アカウント,製造,低,主任,12,2025-01-17,あり,達成,あり,オンサイト,チケット,設定不備,5
2026-03-23 11:16,HD2603231392,PCトラブル,営業,低,主任,26,2026-03-23,あり,達成,なし,リモート,電話,教育不足,5
2025-11-05 01:12,HD2511051393,PCトラブル,人事,中,課長,51,2025-11-05,あり,達成,なし,リモート,チケット,設定不備,5
2025-03-27 18:31,HD2503271394,セキュリティ,営業,中,課長,75,2025-03-27,なし,達成,なし,電話,電話,その他,5
2024-11-04 01:04,HD2411041395,業務システム,開発,中,主任,56,2024-11-04,あり,達成,なし,電話,チケット,設定不備,5
2025-05-06 04:10,HD2505061396,プリンタ,マーケ,中,課長,93,2025-05-06,あり,達成,なし,リモート,チャット,仕様,5
2024-02-23 12:46,HD2402231397,ネットワーク,経理,高,主任,102,2024-02-23,あり,未達,なし,オンサイト,チケット,設定不備,3
2025-10-12 03:26,HD2510121398,プリンタ,総務,低,係長,28,2025-10-12,あり,達成,なし,リモート,チャット,教育不足,5
2024-08-14 12:09,HD2408141399,メール,製造,低,係長,11,2024-08-14,なし,達成,なし,リモート,メール,仕様,3
2025-07-28 03:55,HD2507281400,PCトラブル,開発,中,課長,76,2025-07-28,あり,達成,あり,オンサイト,チケット,設定不備,5
2026-05-25 10:48,HD2605251401,メール,人事,低,課長,11,2026-05-25,あり,達成,なし,リモート,チャット,設定不備,5
2024-06-07 23:11,HD2406071402,業務システム,開発,緊急,主任,345,2024-06-08,なし,未達,なし,リモート,対面,外部要因,1
2024-02-15 12:07,HD2402151403,SaaS利用,経理,緊急,課長,176,2024-02-15,あり,未達,なし,オンサイト,チケット,教育不足,3
2024-08-04 00:44,HD2408041404,ネットワーク,開発,中,主任,52,2024-08-04,あり,達成,なし,リモート,チャット,設定不備,5
2024-05-16 12:35,HD2405161405,PCトラブル,情シス,低,係長,22,2024-05-16,あり,達成,なし,オンサイト,チャット,設定不備,4
2026-04-23 15:17,HD2604231406,その他,開発,中,主任,42,2026-04-23,あり,達成,なし,オンサイト,メール,設定不備,5
2026-04-09 00:13,HD2604091407,VPN,情シス,中,課長,75,2026-04-09,あり,達成,なし,リモート,電話,設定不備,4
2024-06-28 01:30,HD2406281408,業務システム,総務,中,課長,64,2024-06-28,なし,達成,なし,オンサイト,チケット,設定不備,5
2024-06-14 10:55,HD2406141409,業務システム,情シス,中,主任,62,2024-06-14,あり,達成,なし,電話,チャット,教育不足,5
2026-02-28 18:40,HD2602281410,プリンタ,開発,中,係長,92,2026-02-28,あり,達成,なし,オンサイト,チケット,設定不備,5
2024-03-20 01:05,HD2403201411,セキュリティ,情シス,中,係長,39,2024-03-20,なし,達成,なし,オンサイト,チャット,教育不足,4
2026-04-20 07:10,HD2604201412,PCトラブル,営業,低,主任,43,2026-04-20,なし,達成,なし,オンサイト,チャット,設定不備,5
2024-09-15 18:05,HD2409151413,セキュリティ,開発,中,係長,110,2024-09-15,あり,達成,なし,リモート,チケット,設定不備,5
2026-01-19 23:09,HD2601191414,セキュリティ,経理,高,課長,90,2026-01-20,あり,達成,なし,リモート,メール,ハード故障,5
2024-08-25 15:14,HD2408251415,アカウント,営業,中,課長,53,2024-08-25,なし,達成,なし,リモート,対面,教育不足,5
2024-12-11 12:52,HD2412111416,ネットワーク,営業,高,課長,147,2024-12-11,あり,未達,なし,オンサイト,チケット,教育不足,2
2024-05-30 22:27,HD2405301417,SaaS利用,開発,高,主任,131,2024-05-31,あり,達成,なし,リモート,メール,ハード故障,4
2024-08-21 07:44,HD2408211418,プリンタ,法務,低,主任,38,2024-08-21,あり,達成,なし,オンサイト,電話,仕様,5
2025-11-17 15:11,HD2511171419,SaaS利用,営業,中,主任,58,2025-11-17,あり,達成,なし,オンサイト,メール,教育不足,4
2024-06-21 14:10,HD2406211420,PCトラブル,製造,中,主任,119,2024-06-21,あり,達成,なし,リモート,チャット,教育不足,5
2026-05-11 14:41,HD2605111421,PCトラブル,製造,中,課長,86,2026-05-11,なし,達成,なし,リモート,チケット,ハード故障,4
2025-12-02 21:12,HD2512021422,メール,営業,高,係長,155,2025-12-02,なし,達成,なし,リモート,チケット,設定不備,4
2024-08-24 03:15,HD2408241423,VPN,マーケ,低,課長,31,2024-08-24,なし,達成,なし,リモート,メール,教育不足,3
2025-03-21 10:15,HD2503211424,VPN,経理,中,主任,28,2025-03-21,あり,達成,なし,電話,メール,教育不足,5
2024-01-02 14:47,HD2401021425,PCトラブル,情シス,緊急,主任,73,2024-01-02,あり,達成,なし,リモート,チャット,設定不備,5
2025-04-09 03:22,HD2504091426,SaaS利用,情シス,低,係長,43,2025-04-09,あり,達成,なし,オンサイト,電話,教育不足,5
2024-07-11 09:08,HD2407111427,業務システム,経理,低,課長,44,2024-07-11,あり,達成,なし,リモート,メール,教育不足,4
2024-06-08 00:51,HD2406081428,アカウント,マーケ,低,主任,26,2024-06-08,あり,達成,なし,リモート,チャット,設定不備,5
2024-11-03 09:23,HD2411031429,その他,経理,中,主任,50,2024-11-03,なし,達成,なし,リモート,メール,その他,5
2025-07-03 00:03,HD2507031430,業務システム,経理,中,課長,111,2025-07-03,なし,達成,あり,リモート,チケット,教育不足,3
2026-02-18 05:39,HD2602181431,PCトラブル,人事,高,課長,176,2026-02-18,あり,未達,なし,リモート,メール,その他,1
2025-08-18 12:57,HD2508181432,その他,法務,低,係長,21,2025-08-18,あり,達成,なし,リモート,チケット,ハード故障,4
2024-09-19 08:10,HD2409191433,PCトラブル,営業,中,係長,67,2024-09-19,あり,達成,なし,電話,メール,仕様,5
2024-03-29 03:30,HD2403291434,VPN,営業,低,主任,25,2024-03-29,あり,達成,なし,リモート,チャット,教育不足,5
2025-09-27 18:39,HD2509271435,PCトラブル,マーケ,低,係長,10,2025-09-27,あり,達成,なし,オンサイト,チケット,設定不備,5
2024-12-11 00:43,HD2412111436,PCトラブル,営業,高,主任,184,2024-12-11,あり,未達,なし,オンサイト,チケット,教育不足,1
2026-04-11 00:36,HD2604111437,PCトラブル,人事,低,主任,21,2026-04-11,あり,達成,なし,リモート,チケット,仕様,5
2025-02-25 22:44,HD2502251438,業務システム,総務,中,課長,104,2025-02-26,あり,達成,なし,リモート,チケット,脆弱性,5
2025-09-17 05:55,HD2509171439,セキュリティ,法務,低,係長,40,2025-09-17,あり,達成,なし,リモート,チャット,設定不備,5
2026-03-10 16:00,HD2603101440,SaaS利用,総務,低,係長,10,2026-03-10,なし,達成,なし,電話,電話,教育不足,4
2024-09-07 14:34,HD2409071441,アカウント,法務,高,主任,71,2024-09-07,あり,達成,なし,リモート,チケット,設定不備,5
2024-01-06 16:18,HD2401061442,PCトラブル,営業,高,課長,134,2024-01-06,あり,達成,なし,電話,電話,脆弱性,5
2025-02-08 18:33,HD2502081443,PCトラブル,営業,低,課長,24,2025-02-08,あり,達成,なし,リモート,メール,設定不備,5
2025-08-04 14:37,HD2508041444,ネットワーク,マーケ,低,課長,13,2025-08-04,あり,達成,なし,電話,チャット,設定不備,5
2024-12-28 02:30,HD2412281445,メール,製造,低,係長,25,2024-12-28,あり,達成,なし,電話,電話,外部要因,4
2026-03-28 06:33,HD2603281446,ネットワーク,人事,低,主任,23,2026-03-28,あり,達成,なし,オンサイト,チケット,設定不備,5
2026-04-12 19:54,HD2604121447,VPN,情シス,低,係長,25,2026-04-12,あり,達成,なし,リモート,チャット,ハード故障,5
2025-02-07 22:49,HD2502071448,ネットワーク,製造,高,課長,59,2025-02-07,あり,達成,なし,オンサイト,チケット,設定不備,5
2024-07-10 06:48,HD2407101449,プリンタ,製造,低,課長,36,2024-07-10,なし,達成,なし,リモート,チケット,教育不足,5
2024-02-14 15:17,HD2402141450,メール,経理,低,課長,21,2024-02-14,あり,達成,なし,リモート,対面,教育不足,4
2024-03-11 07:12,HD2403111451,VPN,営業,中,係長,101,2024-03-11,なし,達成,なし,リモート,メール,設定不備,5
2026-05-14 09:44,HD2605141452,ネットワーク,情シス,低,主任,13,2026-05-14,あり,達成,なし,リモート,チャット,設定不備,4
2024-11-23 14:40,HD2411231453,アカウント,人事,高,主任,125,2024-11-23,なし,未達,なし,リモート,チケット,脆弱性,2
2025-04-13 18:05,HD2504131454,PCトラブル,人事,低,課長,25,2025-04-13,あり,達成,なし,リモート,チケット,脆弱性,5
2025-09-01 06:36,HD2509011455,アカウント,経理,低,課長,23,2025-09-01,なし,達成,なし,リモート,メール,ハード故障,4
2025-02-13 10:39,HD2502131456,アカウント,情シス,中,主任,75,2025-02-13,あり,達成,なし,電話,チケット,設定不備,5
2026-04-19 08:13,HD2604191457,アカウント,製造,低,係長,33,2026-04-19,なし,達成,なし,電話,チャット,ハード故障,3
2024-10-01 17:41,HD2410011458,SaaS利用,情シス,中,主任,56,2024-10-01,なし,達成,あり,リモート,対面,設定不備,3
2026-05-21 14:30,HD2605211459,PCトラブル,製造,低,係長,33,2026-05-21,なし,達成,あり,電話,メール,仕様,3
2025-07-23 19:36,HD2507231460,VPN,製造,低,課長,43,2025-07-23,あり,達成,なし,電話,メール,仕様,5
2024-08-27 13:18,HD2408271461,PCトラブル,マーケ,低,係長,30,2024-08-27,あり,達成,なし,リモート,電話,教育不足,5
2025-02-26 17:15,HD2502261462,PCトラブル,情シス,高,主任,29,2025-02-26,あり,達成,なし,リモート,チャット,ハード故障,5
2025-11-09 09:00,HD2511091463,PCトラブル,マーケ,中,係長,45,2025-11-09,あり,達成,なし,オンサイト,メール,設定不備,4
2026-03-10 20:34,HD2603101464,業務システム,人事,高,係長,228,2026-03-11,あり,未達,なし,電話,電話,脆弱性,3
2024-03-15 16:26,HD2403151465,VPN,営業,中,係長,66,2024-03-15,あり,達成,なし,オンサイト,チケット,教育不足,5
2025-01-24 05:40,HD2501241466,ネットワーク,総務,低,主任,5,2025-01-24,あり,達成,なし,オンサイト,チケット,設定不備,5
2024-03-27 02:03,HD2403271467,SaaS利用,マーケ,中,係長,45,2024-03-27,あり,達成,なし,リモート,電話,教育不足,4
2025-12-20 15:29,HD2512201468,ネットワーク,マーケ,低,係長,11,2025-12-20,あり,達成,なし,リモート,チケット,設定不備,5
2024-05-17 23:09,HD2405171469,PCトラブル,人事,中,主任,87,2024-05-18,あり,達成,なし,電話,チャット,外部要因,5
2025-03-17 05:34,HD2503171470,その他,経理,低,課長,21,2025-03-17,あり,達成,なし,リモート,電話,ハード故障,5
2024-01-12 04:21,HD2401121471,ネットワーク,開発,低,主任,14,2024-01-12,あり,達成,なし,リモート,チケット,設定不備,5
2026-04-12 00:13,HD2604121472,PCトラブル,開発,高,主任,142,2026-04-12,あり,未達,なし,オンサイト,チャット,設定不備,3
2024-04-23 02:34,HD2404231473,その他,開発,高,課長,180,2024-04-23,あり,未達,なし,リモート,電話,外部要因,3
2025-02-27 09:36,HD2502271474,SaaS利用,人事,低,係長,14,2025-02-27,あり,達成,なし,リモート,チャット,設定不備,5
2024-05-07 00:01,HD2405071475,ネットワーク,マーケ,低,課長,5,2024-05-07,あり,達成,なし,オンサイト,チケット,仕様,5
2026-03-19 13:19,HD2603191476,PCトラブル,人事,高,主任,158,2026-03-19,あり,未達,なし,オンサイト,チケット,設定不備,1
2025-06-10 19:22,HD2506101477,PCトラブル,営業,低,課長,8,2025-06-10,あり,達成,なし,オンサイト,メール,教育不足,5
2024-05-01 07:57,HD2405011478,PCトラブル,法務,高,主任,161,2024-05-01,あり,達成,なし,オンサイト,メール,脆弱性,4
2025-08-03 08:48,HD2508031479,アカウント,開発,中,課長,56,2025-08-03,あり,達成,あり,リモート,チケット,ハード故障,4
2024-11-08 00:45,HD2411081480,メール,経理,低,主任,37,2024-11-08,あり,達成,なし,オンサイト,チャット,脆弱性,5
2026-03-05 10:32,HD2603051481,メール,人事,中,課長,66,2026-03-05,なし,達成,なし,リモート,チケット,教育不足,4
2025-12-26 20:42,HD2512261482,業務システム,製造,高,課長,122,2025-12-26,なし,未達,なし,リモート,チャット,その他,3
2024-01-11 13:09,HD2401111483,ネットワーク,情シス,低,主任,21,2024-01-11,あり,達成,なし,オンサイト,チケット,設定不備,5
2024-05-10 13:56,HD2405101484,セキュリティ,営業,中,課長,95,2024-05-10,なし,達成,なし,オンサイト,チケット,教育不足,3
2026-02-17 04:25,HD2602171485,アカウント,人事,中,主任,40,2026-02-17,あり,達成,なし,リモート,メール,脆弱性,5
2025-08-12 04:55,HD2508121486,PCトラブル,経理,中,係長,58,2025-08-12,なし,達成,なし,リモート,チケット,教育不足,5
2024-09-02 18:41,HD2409021487,セキュリティ,開発,中,主任,43,2024-09-02,あり,達成,なし,オンサイト,チャット,教育不足,5
2026-01-13 05:20,HD2601131488,セキュリティ,製造,中,主任,144,2026-01-13,あり,達成,なし,オンサイト,チャット,その他,5
2025-09-11 09:10,HD2509111489,PCトラブル,法務,低,係長,22,2025-09-11,あり,達成,なし,リモート,チャット,仕様,5
2024-09-11 01:27,HD2409111490,業務システム,開発,低,係長,36,2024-09-11,なし,達成,なし,リモート,チャット,設定不備,4
2025-06-23 23:15,HD2506231491,プリンタ,法務,低,主任,23,2025-06-23,なし,達成,なし,電話,チャット,教育不足,5
2025-07-18 08:23,HD2507181492,VPN,製造,低,主任,27,2025-07-18,あり,達成,なし,オンサイト,メール,その他,5
2024-01-03 19:32,HD2401031493,ネットワーク,人事,低,主任,15,2024-01-03,あり,達成,なし,オンサイト,チケット,教育不足,4
2026-03-19 04:32,HD2603191494,アカウント,マーケ,中,係長,34,2026-03-19,なし,達成,なし,オンサイト,チャット,教育不足,3
2025-01-16 13:28,HD2501161495,業務システム,製造,低,係長,48,2025-01-16,あり,達成,なし,リモート,チケット,仕様,4
2024-02-24 16:40,HD2402241496,アカウント,総務,低,係長,31,2024-02-24,なし,達成,なし,リモート,チケット,ハード故障,5
2024-10-07 10:20,HD2410071497,PCトラブル,営業,中,係長,43,2024-10-07,あり,達成,なし,リモート,メール,ハード故障,4
2025-12-28 17:29,HD2512281498,プリンタ,製造,低,課長,27,2025-12-28,あり,達成,なし,電話,電話,ハード故障,4
2024-01-27 22:55,HD2401271499,メール,人事,中,主任,39,2024-01-27,なし,達成,なし,リモート,チケット,教育不足,4
2026-05-04 06:21,HD2605041500,SaaS利用,総務,中,課長,46,2026-05-04,あり,達成,なし,リモート,電話,設定不備,5
2025-01-14 03:56,HD2501141501,PCトラブル,法務,高,係長,93,2025-01-14,あり,達成,なし,リモート,チケット,設定不備,5
2024-02-16 11:20,HD2402161502,VPN,開発,高,課長,78,2024-02-16,あり,達成,なし,リモート,チャット,教育不足,4
2025-09-27 21:25,HD2509271503,PCトラブル,人事,低,主任,22,2025-09-27,あり,達成,なし,オンサイト,チケット,設定不備,5
2025-01-30 19:25,HD2501301504,ネットワーク,マーケ,中,課長,88,2025-01-30,あり,達成,あり,オンサイト,チケット,教育不足,5
2025-11-09 11:40,HD2511091505,アカウント,人事,高,主任,106,2025-11-09,あり,達成,なし,オンサイト,チャット,外部要因,4
2025-05-20 20:04,HD2505201506,ネットワーク,総務,高,係長,130,2025-05-20,あり,未達,なし,電話,メール,設定不備,3
2026-02-14 22:47,HD2602141507,PCトラブル,製造,低,課長,32,2026-02-14,あり,達成,なし,リモート,チケット,その他,5
2025-11-28 03:02,HD2511281508,SaaS利用,人事,高,課長,92,2025-11-28,あり,達成,なし,リモート,チャット,その他,5
2026-05-16 03:59,HD2605161509,ネットワーク,開発,中,課長,54,2026-05-16,あり,達成,なし,オンサイト,チケット,仕様,4
2025-02-26 12:56,HD2502261510,アカウント,情シス,低,課長,11,2025-02-26,あり,達成,あり,オンサイト,チャット,教育不足,5
2026-02-11 09:29,HD2602111511,ネットワーク,総務,低,主任,30,2026-02-11,あり,達成,なし,電話,チケット,脆弱性,5
2025-11-14 05:38,HD2511141512,業務システム,法務,高,係長,184,2025-11-14,あり,未達,なし,オンサイト,メール,外部要因,3
2025-11-18 01:31,HD2511181513,アカウント,情シス,高,主任,127,2025-11-18,あり,未達,なし,電話,電話,設定不備,3
2026-04-17 00:23,HD2604171514,ネットワーク,製造,中,係長,53,2026-04-17,なし,達成,なし,電話,チケット,設定不備,5
2026-04-29 14:46,HD2604291515,VPN,法務,低,課長,17,2026-04-29,あり,達成,あり,リモート,メール,ハード故障,5
2025-06-20 20:27,HD2506201516,その他,総務,高,主任,166,2025-06-20,あり,未達,なし,リモート,メール,設定不備,1
2024-01-17 17:51,HD2401171517,PCトラブル,営業,低,課長,15,2024-01-17,あり,達成,なし,リモート,チャット,ハード故障,5
2025-05-06 19:21,HD2505061518,プリンタ,情シス,低,係長,12,2025-05-06,あり,達成,なし,リモート,チャット,教育不足,5
2026-01-28 05:31,HD2601281519,ネットワーク,人事,高,係長,238,2026-01-28,あり,未達,なし,リモート,チャット,設定不備,3
2024-04-28 01:07,HD2404281520,PCトラブル,製造,中,係長,58,2024-04-28,あり,達成,なし,電話,チケット,脆弱性,5
2026-02-08 11:47,HD2602081521,メール,開発,中,係長,38,2026-02-08,あり,達成,なし,リモート,メール,設定不備,4
2025-11-16 18:18,HD2511161522,SaaS利用,製造,中,課長,43,2025-11-16,あり,達成,なし,リモート,チケット,外部要因,4
2025-11-20 00:25,HD2511201523,PCトラブル,開発,低,係長,25,2025-11-20,あり,達成,なし,リモート,電話,外部要因,5
2025-05-27 12:26,HD2505271524,ネットワーク,総務,中,課長,82,2025-05-27,なし,達成,なし,リモート,チケット,仕様,3
2024-04-27 19:00,HD2404271525,アカウント,開発,高,課長,107,2024-04-27,あり,達成,なし,リモート,チケット,設定不備,5
2024-02-07 00:04,HD2402071526,アカウント,製造,緊急,主任,237,2024-02-07,あり,未達,なし,オンサイト,チケット,その他,3
2026-01-06 04:57,HD2601061527,ネットワーク,人事,低,主任,28,2026-01-06,あり,達成,なし,リモート,メール,ハード故障,5
2024-09-17 21:33,HD2409171528,アカウント,開発,中,主任,29,2024-09-17,あり,達成,なし,リモート,チケット,設定不備,5
2026-01-20 20:30,HD2601201529,PCトラブル,経理,高,係長,112,2026-01-20,あり,未達,なし,リモート,電話,脆弱性,2
2025-12-06 15:10,HD2512061530,プリンタ,製造,中,係長,74,2025-12-06,あり,達成,なし,オンサイト,チケット,ハード故障,5
2026-04-10 03:37,HD2604101531,業務システム,人事,緊急,係長,128,2026-04-10,あり,未達,なし,オンサイト,チケット,設定不備,2
2025-03-06 11:00,HD2503061532,PCトラブル,人事,高,係長,129,2025-03-06,あり,達成,なし,リモート,チャット,教育不足,5
2025-03-22 09:52,HD2503221533,アカウント,経理,緊急,主任,223,2025-03-22,あり,未達,なし,リモート,チャット,外部要因,2
2025-05-14 20:45,HD2505141534,セキュリティ,人事,低,主任,51,2025-05-14,あり,達成,なし,オンサイト,チャット,教育不足,5
2024-06-03 11:08,HD2406031535,アカウント,マーケ,中,係長,53,2024-06-03,あり,達成,なし,電話,チャット,教育不足,5
2024-01-03 22:40,HD2401031536,VPN,人事,中,係長,76,2024-01-03,なし,達成,なし,リモート,メール,ハード故障,4
2024-10-24 00:02,HD2410241537,アカウント,開発,中,主任,55,2024-10-24,あり,達成,なし,リモート,チャット,その他,4
2024-09-21 08:25,HD2409211538,プリンタ,総務,低,係長,10,2024-09-21,あり,達成,なし,オンサイト,チケット,設定不備,5
2025-11-27 15:16,HD2511271539,プリンタ,開発,高,主任,105,2025-11-27,あり,未達,なし,リモート,メール,仕様,3
2026-02-15 08:12,HD2602151540,SaaS利用,経理,低,主任,22,2026-02-15,あり,達成,なし,リモート,チケット,教育不足,4
2026-01-18 10:00,HD2601181541,ネットワーク,営業,中,主任,30,2026-01-18,なし,達成,なし,リモート,チケット,ハード故障,3
2025-09-14 03:48,HD2509141542,メール,経理,中,係長,63,2025-09-14,あり,達成,なし,リモート,チケット,設定不備,5
2025-04-14 12:51,HD2504141543,VPN,総務,高,係長,116,2025-04-14,あり,達成,なし,オンサイト,チケット,教育不足,5
2025-03-29 11:49,HD2503291544,セキュリティ,法務,低,課長,29,2025-03-29,あり,達成,なし,リモート,メール,ハード故障,4
2024-09-20 23:04,HD2409201545,アカウント,経理,緊急,主任,184,2024-09-21,あり,未達,なし,電話,メール,ハード故障,2
2025-04-30 23:05,HD2504301546,PCトラブル,製造,高,係長,169,2025-05-01,あり,未達,なし,電話,チャット,脆弱性,1
2024-12-22 17:14,HD2412221547,PCトラブル,法務,低,係長,21,2024-12-22,なし,達成,なし,オンサイト,チケット,ハード故障,4
2025-04-29 05:37,HD2504291548,PCトラブル,製造,低,主任,30,2025-04-29,なし,達成,なし,オンサイト,チャット,仕様,4
2024-09-06 03:45,HD2409061549,PCトラブル,法務,緊急,課長,254,2024-09-06,あり,未達,なし,リモート,電話,設定不備,3
2026-01-22 19:52,HD2601221550,ネットワーク,営業,中,係長,125,2026-01-22,あり,達成,なし,電話,チケット,教育不足,5
2025-03-20 23:06,HD2503201551,プリンタ,総務,中,課長,44,2025-03-20,あり,達成,なし,リモート,チャット,設定不備,5
2025-11-29 06:14,HD2511291552,SaaS利用,情シス,中,主任,64,2025-11-29,なし,達成,なし,電話,チケット,仕様,5
2026-04-20 16:26,HD2604201553,その他,法務,中,課長,82,2026-04-20,なし,達成,なし,電話,チケット,仕様,3
2024-01-18 08:36,HD2401181554,プリンタ,経理,中,主任,79,2024-01-18,あり,達成,なし,リモート,チケット,設定不備,5
2024-06-11 04:51,HD2406111555,PCトラブル,製造,中,課長,61,2024-06-11,なし,達成,なし,オンサイト,チケット,設定不備,4
2026-03-11 08:11,HD2603111556,メール,情シス,低,課長,27,2026-03-11,あり,達成,なし,リモート,チャット,ハード故障,5
2024-12-12 21:50,HD2412121557,PCトラブル,法務,中,主任,108,2024-12-12,あり,達成,なし,リモート,チケット,教育不足,5
2025-05-05 03:29,HD2505051558,メール,法務,中,係長,22,2025-05-05,なし,達成,なし,リモート,チケット,仕様,4
2024-11-20 14:23,HD2411201559,VPN,営業,中,主任,68,2024-11-20,あり,達成,なし,オンサイト,メール,教育不足,4
2025-07-20 03:16,HD2507201560,アカウント,総務,中,課長,69,2025-07-20,あり,達成,なし,リモート,メール,設定不備,5
2026-03-10 16:17,HD2603101561,PCトラブル,製造,高,課長,190,2026-03-10,あり,未達,なし,リモート,電話,設定不備,3
2024-08-01 00:17,HD2408011562,ネットワーク,人事,中,課長,55,2024-08-01,なし,達成,なし,電話,チャット,ハード故障,4
2024-02-16 16:44,HD2402161563,PCトラブル,製造,高,係長,161,2024-02-16,あり,未達,なし,オンサイト,電話,教育不足,1
2024-07-11 14:28,HD2407111564,アカウント,人事,高,課長,92,2024-07-11,あり,達成,なし,電話,チケット,ハード故障,4
2026-02-03 13:04,HD2602031565,アカウント,情シス,高,係長,137,2026-02-03,あり,未達,なし,リモート,チケット,ハード故障,3
2024-07-23 16:33,HD2407231566,VPN,製造,低,係長,30,2024-07-23,あり,達成,なし,リモート,チケット,教育不足,5
2025-07-27 04:16,HD2507271567,セキュリティ,総務,中,主任,57,2025-07-27,なし,達成,なし,リモート,チャット,その他,3
2025-09-28 05:09,HD2509281568,セキュリティ,営業,高,係長,176,2025-09-28,あり,未達,なし,リモート,チャット,ハード故障,1
2024-10-31 11:13,HD2410311569,アカウント,開発,低,係長,26,2024-10-31,あり,達成,なし,電話,チャット,仕様,4
2024-04-22 12:23,HD2404221570,プリンタ,経理,低,課長,34,2024-04-22,あり,達成,なし,リモート,メール,外部要因,4
2026-05-12 00:27,HD2605121571,その他,マーケ,中,課長,57,2026-05-12,あり,達成,なし,リモート,チケット,外部要因,5
2025-01-12 15:45,HD2501121572,アカウント,経理,低,課長,25,2025-01-12,あり,達成,なし,リモート,対面,設定不備,5
2024-12-25 02:27,HD2412251573,ネットワーク,マーケ,中,係長,48,2024-12-25,なし,達成,なし,電話,チケット,教育不足,4
2025-09-17 09:38,HD2509171574,SaaS利用,総務,中,主任,73,2025-09-17,あり,達成,あり,リモート,チケット,教育不足,4
2024-06-21 00:06,HD2406211575,アカウント,開発,中,主任,38,2024-06-21,あり,達成,なし,リモート,メール,ハード故障,4
2024-06-06 18:05,HD2406061576,PCトラブル,人事,低,係長,17,2024-06-06,あり,達成,なし,リモート,チケット,その他,4
2024-01-27 17:54,HD2401271577,業務システム,製造,緊急,係長,448,2024-01-28,あり,未達,なし,リモート,メール,脆弱性,3
2025-03-11 05:06,HD2503111578,メール,製造,低,課長,21,2025-03-11,なし,達成,なし,リモート,チャット,設定不備,4
2024-10-14 18:27,HD2410141579,PCトラブル,マーケ,低,課長,50,2024-10-14,あり,達成,なし,リモート,チケット,教育不足,4
2024-10-20 10:29,HD2410201580,プリンタ,営業,低,課長,43,2024-10-20,あり,達成,なし,リモート,チケット,脆弱性,5
2025-03-15 01:32,HD2503151581,アカウント,マーケ,中,主任,19,2025-03-15,あり,達成,なし,電話,チケット,外部要因,4
2024-01-28 04:37,HD2401281582,業務システム,製造,中,主任,40,2024-01-28,なし,達成,なし,電話,チケット,仕様,4
2025-03-29 13:07,HD2503291583,VPN,総務,中,主任,73,2025-03-29,あり,達成,なし,リモート,チャット,設定不備,5
2025-06-20 09:03,HD2506201584,アカウント,マーケ,中,主任,76,2025-06-20,あり,達成,なし,リモート,電話,教育不足,5
2026-03-21 19:04,HD2603211585,アカウント,開発,高,係長,130,2026-03-21,あり,達成,なし,リモート,チャット,仕様,5
2026-02-11 18:54,HD2602111586,PCトラブル,情シス,高,主任,113,2026-02-11,あり,達成,あり,リモート,チケット,外部要因,5
2025-12-18 23:44,HD2512181587,PCトラブル,人事,低,主任,26,2025-12-19,あり,達成,なし,リモート,対面,教育不足,5
2026-05-04 06:05,HD2605041588,アカウント,営業,中,主任,44,2026-05-04,あり,達成,なし,オンサイト,チケット,ハード故障,5
2024-01-22 15:04,HD2401221589,業務システム,人事,中,課長,112,2024-01-22,あり,達成,なし,電話,チャット,教育不足,5
2025-10-29 09:27,HD2510291590,その他,経理,中,係長,61,2025-10-29,あり,達成,なし,電話,電話,設定不備,5
2024-11-09 09:39,HD2411091591,業務システム,営業,高,係長,266,2024-11-09,あり,未達,なし,リモート,チケット,その他,1
2025-07-30 22:28,HD2507301592,ネットワーク,マーケ,高,係長,57,2025-07-30,あり,達成,なし,リモート,メール,その他,5
2025-05-22 09:52,HD2505221593,PCトラブル,営業,低,主任,28,2025-05-22,あり,達成,なし,リモート,チャット,設定不備,5
2024-10-24 03:46,HD2410241594,PCトラブル,マーケ,低,主任,15,2024-10-24,なし,達成,なし,電話,メール,その他,5
2024-05-22 21:28,HD2405221595,PCトラブル,経理,中,主任,54,2024-05-22,あり,達成,なし,リモート,チャット,その他,5
2026-01-21 23:07,HD2601211596,ネットワーク,総務,中,課長,14,2026-01-21,あり,達成,なし,リモート,チケット,設定不備,5
2025-09-09 08:43,HD2509091597,PCトラブル,営業,中,係長,40,2025-09-09,あり,達成,なし,リモート,チケット,仕様,5
2024-02-05 04:58,HD2402051598,メール,経理,高,主任,179,2024-02-05,あり,未達,なし,オンサイト,電話,設定不備,3
2024-02-26 04:34,HD2402261599,メール,営業,低,主任,27,2024-02-26,あり,達成,なし,電話,電話,仕様,5
2026-04-12 15:40,HD2604121600,業務システム,製造,低,係長,57,2026-04-12,あり,達成,なし,オンサイト,チャット,ハード故障,4
2025-02-12 23:48,HD2502121601,アカウント,情シス,低,主任,26,2025-02-13,あり,達成,なし,リモート,チャット,設定不備,5
2025-03-14 08:23,HD2503141602,業務システム,マーケ,中,主任,131,2025-03-14,あり,達成,なし,リモート,チケット,ハード故障,5
2024-08-31 04:46,HD2408311603,ネットワーク,法務,低,主任,31,2024-08-31,なし,達成,なし,電話,対面,その他,5
2026-01-31 21:19,HD2601311604,PCトラブル,総務,低,主任,42,2026-01-31,あり,達成,なし,リモート,チケット,教育不足,5
2026-04-19 17:03,HD2604191605,VPN,製造,中,主任,35,2026-04-19,あり,達成,なし,リモート,電話,設定不備,4
2025-05-19 03:23,HD2505191606,セキュリティ,営業,低,係長,54,2025-05-19,なし,達成,なし,リモート,電話,教育不足,3
2025-05-23 00:14,HD2505231607,メール,マーケ,中,課長,9,2025-05-23,あり,達成,あり,電話,チケット,教育不足,5
2025-07-16 07:20,HD2507161608,アカウント,経理,低,係長,27,2025-07-16,あり,達成,あり,リモート,チケット,設定不備,5
2024-02-15 07:13,HD2402151609,PCトラブル,営業,中,係長,58,2024-02-15,あり,達成,なし,オンサイト,チャット,教育不足,4
2025-09-05 02:16,HD2509051610,SaaS利用,営業,低,課長,30,2025-09-05,あり,達成,なし,オンサイト,チケット,設定不備,5
2024-08-07 08:41,HD2408071611,VPN,開発,低,主任,34,2024-08-07,なし,達成,なし,リモート,チケット,外部要因,5
2024-11-15 13:13,HD2411151612,PCトラブル,マーケ,中,係長,49,2024-11-15,あり,達成,なし,リモート,電話,教育不足,4
2024-05-23 00:13,HD2405231613,業務システム,営業,中,課長,60,2024-05-23,あり,達成,なし,リモート,チケット,仕様,5
2025-07-11 10:19,HD2507111614,ネットワーク,製造,中,係長,23,2025-07-11,あり,達成,あり,リモート,チケット,教育不足,5
2025-08-18 23:55,HD2508181615,プリンタ,法務,緊急,係長,222,2025-08-19,なし,未達,なし,オンサイト,チケット,教育不足,3
2024-06-18 14:50,HD2406181616,アカウント,マーケ,中,係長,73,2024-06-18,なし,達成,なし,リモート,チケット,教育不足,4
2026-01-09 16:28,HD2601091617,VPN,営業,低,係長,44,2026-01-09,あり,達成,なし,リモート,メール,設定不備,5
2025-05-16 14:12,HD2505161618,SaaS利用,総務,中,係長,48,2025-05-16,なし,達成,なし,電話,チケット,その他,4
2024-09-22 17:46,HD2409221619,業務システム,マーケ,中,係長,84,2024-09-22,あり,達成,なし,オンサイト,チケット,教育不足,4
2026-02-05 22:06,HD2602051620,アカウント,法務,緊急,係長,253,2026-02-06,なし,未達,なし,リモート,チャット,ハード故障,3
2025-08-31 07:39,HD2508311621,アカウント,法務,中,係長,66,2025-08-31,あり,達成,なし,オンサイト,チャット,設定不備,5
2025-07-27 00:42,HD2507271622,プリンタ,営業,中,課長,34,2025-07-27,あり,達成,なし,リモート,チケット,設定不備,5
2024-11-30 15:09,HD2411301623,アカウント,製造,高,係長,136,2024-11-30,あり,未達,なし,電話,メール,外部要因,1
2025-09-11 19:09,HD2509111624,プリンタ,製造,緊急,主任,292,2025-09-12,あり,未達,なし,リモート,チケット,ハード故障,2
2024-11-29 21:51,HD2411291625,PCトラブル,マーケ,緊急,係長,125,2024-11-29,あり,未達,なし,リモート,チャット,ハード故障,1
2025-02-05 16:36,HD2502051626,セキュリティ,法務,中,主任,59,2025-02-05,あり,達成,なし,オンサイト,電話,仕様,5
2024-10-13 00:53,HD2410131627,セキュリティ,営業,中,係長,102,2024-10-13,あり,達成,なし,オンサイト,チケット,ハード故障,4
2024-07-08 08:19,HD2407081628,PCトラブル,人事,低,係長,16,2024-07-08,あり,達成,なし,リモート,チケット,ハード故障,5
2024-12-30 14:48,HD2412301629,アカウント,経理,低,主任,36,2024-12-30,あり,達成,なし,リモート,チケット,その他,5
2026-05-05 14:15,HD2605051630,ネットワーク,総務,低,主任,18,2026-05-05,あり,達成,なし,リモート,チャット,設定不備,5
2025-02-27 22:11,HD2502271631,VPN,総務,低,係長,7,2025-02-27,あり,達成,なし,リモート,チャット,設定不備,5
2026-05-25 11:35,HD2605251632,VPN,情シス,高,主任,150,2026-05-25,あり,未達,なし,リモート,チャット,設定不備,3
2024-10-15 16:16,HD2410151633,アカウント,製造,中,係長,35,2024-10-15,あり,達成,あり,リモート,メール,外部要因,5
2025-05-24 04:19,HD2505241634,SaaS利用,総務,低,課長,20,2025-05-24,あり,達成,なし,オンサイト,チケット,設定不備,4
2026-01-05 20:13,HD2601051635,ネットワーク,マーケ,高,主任,59,2026-01-05,あり,達成,なし,電話,チケット,仕様,5
2026-05-19 20:45,HD2605191636,PCトラブル,営業,中,課長,52,2026-05-19,なし,達成,なし,リモート,対面,ハード故障,3
2025-08-14 13:54,HD2508141637,ネットワーク,法務,中,係長,64,2025-08-14,あり,達成,なし,オンサイト,チケット,設定不備,4
2025-11-30 05:40,HD2511301638,アカウント,経理,低,係長,34,2025-11-30,あり,達成,なし,リモート,チャット,脆弱性,4
2025-12-12 03:10,HD2512121639,PCトラブル,情シス,低,課長,41,2025-12-12,あり,達成,なし,オンサイト,メール,仕様,4
2026-02-04 10:44,HD2602041640,PCトラブル,総務,中,係長,74,2026-02-04,あり,達成,なし,リモート,チケット,教育不足,5
2024-09-17 14:38,HD2409171641,アカウント,経理,低,係長,26,2024-09-17,あり,達成,なし,リモート,チャット,教育不足,5
2024-11-04 00:59,HD2411041642,PCトラブル,製造,高,主任,91,2024-11-04,あり,達成,なし,電話,チケット,教育不足,5
2025-08-29 16:59,HD2508291643,PCトラブル,開発,高,係長,123,2025-08-29,あり,未達,なし,リモート,対面,設定不備,1
2024-12-21 21:52,HD2412211644,アカウント,営業,低,係長,32,2024-12-21,あり,達成,なし,リモート,メール,ハード故障,5
2025-02-26 06:09,HD2502261645,アカウント,情シス,中,主任,110,2025-02-26,あり,達成,なし,リモート,チャット,教育不足,5
2025-06-02 14:04,HD2506021646,アカウント,情シス,低,主任,10,2025-06-02,なし,達成,なし,リモート,メール,教育不足,5
2025-03-17 11:02,HD2503171647,アカウント,製造,中,係長,90,2025-03-17,あり,達成,なし,オンサイト,メール,教育不足,4
2024-07-31 20:08,HD2407311648,VPN,製造,中,課長,51,2024-07-31,あり,達成,なし,リモート,チケット,教育不足,5
2025-01-03 19:05,HD2501031649,メール,人事,高,課長,57,2025-01-03,あり,達成,なし,リモート,チャット,教育不足,5
2025-05-15 13:09,HD2505151650,業務システム,人事,高,係長,133,2025-05-15,あり,達成,なし,リモート,チャット,設定不備,4
2024-12-17 02:53,HD2412171651,VPN,製造,中,課長,75,2024-12-17,あり,達成,なし,オンサイト,チャット,設定不備,5
2025-04-16 18:37,HD2504161652,アカウント,総務,高,係長,175,2025-04-16,なし,未達,なし,リモート,対面,脆弱性,3
2026-02-27 00:06,HD2602271653,その他,開発,中,係長,66,2026-02-27,あり,達成,なし,リモート,チャット,教育不足,5
2025-03-01 14:51,HD2503011654,SaaS利用,人事,中,課長,77,2025-03-01,あり,達成,なし,電話,チャット,ハード故障,4
2024-03-20 16:06,HD2403201655,メール,マーケ,低,課長,30,2024-03-20,あり,達成,なし,電話,メール,仕様,5
2025-04-22 06:30,HD2504221656,メール,情シス,高,主任,87,2025-04-22,あり,達成,なし,リモート,チャット,教育不足,5
2026-01-21 22:07,HD2601211657,PCトラブル,営業,高,課長,191,2026-01-22,あり,未達,なし,リモート,チケット,教育不足,1
2024-03-19 22:52,HD2403191658,アカウント,マーケ,低,係長,28,2024-03-19,あり,達成,なし,オンサイト,チャット,外部要因,5
2024-12-03 02:04,HD2412031659,SaaS利用,情シス,緊急,係長,75,2024-12-03,あり,未達,なし,電話,チケット,ハード故障,3
2024-10-22 15:29,HD2410221660,アカウント,マーケ,中,主任,83,2024-10-22,あり,達成,なし,オンサイト,チャット,教育不足,4
2026-04-09 19:51,HD2604091661,VPN,情シス,中,主任,14,2026-04-09,あり,達成,なし,リモート,チケット,教育不足,5
2024-08-31 12:07,HD2408311662,VPN,情シス,中,主任,29,2024-08-31,あり,達成,なし,リモート,チケット,外部要因,5
2024-05-10 12:21,HD2405101663,プリンタ,経理,中,主任,71,2024-05-10,あり,達成,なし,リモート,チケット,ハード故障,4
2024-04-25 05:13,HD2404251664,アカウント,マーケ,低,課長,35,2024-04-25,あり,達成,なし,リモート,対面,設定不備,5
2026-03-27 08:27,HD2603271665,VPN,法務,中,課長,32,2026-03-27,あり,達成,なし,電話,チケット,脆弱性,5
2024-03-16 07:06,HD2403161666,SaaS利用,経理,低,課長,37,2024-03-16,あり,達成,なし,リモート,電話,教育不足,5
2025-04-28 18:09,HD2504281667,業務システム,開発,中,課長,105,2025-04-28,なし,達成,なし,電話,メール,教育不足,5
2024-08-27 02:35,HD2408271668,業務システム,情シス,中,課長,40,2024-08-27,あり,達成,なし,電話,チケット,仕様,5
2025-11-29 04:57,HD2511291669,PCトラブル,開発,低,主任,35,2025-11-29,あり,達成,なし,オンサイト,チケット,設定不備,5
2025-04-06 06:17,HD2504061670,業務システム,人事,中,課長,86,2025-04-06,あり,達成,なし,電話,チャット,その他,5
2024-02-15 15:58,HD2402151671,VPN,マーケ,中,課長,51,2024-02-15,なし,達成,なし,リモート,チャット,ハード故障,4
2024-02-03 03:22,HD2402031672,ネットワーク,製造,低,課長,39,2024-02-03,なし,達成,なし,リモート,チケット,設定不備,5
2026-01-21 19:37,HD2601211673,業務システム,人事,中,係長,63,2026-01-21,あり,達成,なし,リモート,チャット,教育不足,5
2025-03-06 17:05,HD2503061674,PCトラブル,法務,中,課長,90,2025-03-06,あり,達成,なし,リモート,チケット,設定不備,4
2025-01-10 06:59,HD2501101675,ネットワーク,経理,低,係長,29,2025-01-10,あり,達成,なし,オンサイト,チケット,外部要因,5
2026-02-05 05:06,HD2602051676,アカウント,経理,中,課長,38,2026-02-05,あり,達成,なし,リモート,電話,教育不足,5
2024-05-14 15:59,HD2405141677,SaaS利用,情シス,高,主任,85,2024-05-14,あり,達成,なし,オンサイト,電話,設定不備,5
2024-07-24 19:51,HD2407241678,SaaS利用,経理,低,課長,15,2024-07-24,あり,達成,なし,電話,チケット,ハード故障,5
2025-10-27 05:49,HD2510271679,SaaS利用,総務,中,課長,29,2025-10-27,なし,達成,なし,オンサイト,チケット,設定不備,4
2024-12-20 03:44,HD2412201680,業務システム,マーケ,中,主任,68,2024-12-20,なし,達成,あり,リモート,チケット,仕様,1
2025-09-29 17:01,HD2509291681,セキュリティ,マーケ,中,課長,119,2025-09-29,あり,達成,なし,リモート,チケット,設定不備,5
2024-07-23 22:37,HD2407231682,業務システム,開発,高,課長,228,2024-07-24,なし,未達,なし,リモート,チケット,ハード故障,1
2026-02-07 11:40,HD2602071683,メール,情シス,緊急,主任,186,2026-02-07,なし,未達,なし,オンサイト,電話,外部要因,3
2024-09-07 01:48,HD2409071684,アカウント,情シス,高,課長,115,2024-09-07,あり,未達,なし,電話,チャット,教育不足,3
2024-09-19 02:50,HD2409191685,PCトラブル,情シス,高,主任,95,2024-09-19,なし,達成,なし,オンサイト,チャット,教育不足,4
2026-02-15 19:30,HD2602151686,アカウント,開発,中,主任,90,2026-02-15,あり,達成,なし,リモート,チケット,ハード故障,4
2026-04-19 03:12,HD2604191687,ネットワーク,開発,低,係長,42,2026-04-19,あり,達成,あり,電話,チケット,その他,4
2025-04-23 09:57,HD2504231688,業務システム,人事,中,課長,97,2025-04-23,あり,達成,なし,電話,メール,設定不備,5
2025-01-16 16:06,HD2501161689,メール,マーケ,中,係長,37,2025-01-16,なし,達成,なし,リモート,チャット,教育不足,4
2024-12-23 16:25,HD2412231690,ネットワーク,総務,低,主任,16,2024-12-23,あり,達成,なし,リモート,メール,設定不備,4
2025-06-25 10:28,HD2506251691,業務システム,法務,高,課長,99,2025-06-25,あり,達成,なし,リモート,チケット,教育不足,5
2025-02-09 11:46,HD2502091692,業務システム,情シス,中,係長,78,2025-02-09,あり,達成,なし,リモート,チャット,ハード故障,4
2025-06-30 02:11,HD2506301693,PCトラブル,製造,低,課長,16,2025-06-30,あり,達成,なし,オンサイト,対面,脆弱性,5
2025-03-29 08:12,HD2503291694,VPN,経理,低,課長,32,2025-03-29,なし,達成,なし,オンサイト,メール,教育不足,3
2026-04-05 16:47,HD2604051695,業務システム,営業,低,係長,41,2026-04-05,あり,達成,なし,電話,電話,設定不備,5
2026-02-16 21:12,HD2602161696,アカウント,総務,低,課長,27,2026-02-16,なし,達成,なし,オンサイト,電話,外部要因,4
2024-11-29 15:46,HD2411291697,SaaS利用,経理,高,課長,150,2024-11-29,あり,未達,なし,リモート,チケット,教育不足,1
2024-07-10 02:40,HD2407101698,ネットワーク,マーケ,高,課長,29,2024-07-10,あり,達成,なし,オンサイト,チャット,教育不足,5
2026-02-09 20:37,HD2602091699,PCトラブル,営業,中,主任,79,2026-02-09,あり,達成,なし,リモート,メール,仕様,4
2025-12-08 07:52,HD2512081700,ネットワーク,営業,低,係長,18,2025-12-08,あり,達成,なし,オンサイト,チケット,教育不足,5
2024-12-06 05:43,HD2412061701,ネットワーク,開発,低,係長,26,2024-12-06,あり,達成,なし,オンサイト,メール,ハード故障,5
2025-02-08 08:27,HD2502081702,PCトラブル,情シス,低,係長,27,2025-02-08,あり,達成,あり,リモート,対面,教育不足,5
2024-02-08 16:21,HD2402081703,PCトラブル,法務,高,係長,99,2024-02-08,なし,達成,なし,オンサイト,メール,設定不備,4
2026-05-22 08:43,HD2605221704,アカウント,法務,中,課長,79,2026-05-22,あり,達成,なし,オンサイト,チケット,ハード故障,5
2026-03-25 03:49,HD2603251705,アカウント,営業,中,主任,80,2026-03-25,あり,達成,なし,リモート,チャット,教育不足,5
2024-09-02 16:45,HD2409021706,メール,製造,中,係長,64,2024-09-02,あり,達成,なし,リモート,メール,教育不足,5
2025-06-30 07:14,HD2506301707,SaaS利用,経理,低,課長,25,2025-06-30,あり,達成,なし,リモート,電話,教育不足,5
2025-04-02 02:35,HD2504021708,PCトラブル,総務,低,係長,22,2025-04-02,あり,達成,なし,リモート,チャット,教育不足,5
2024-02-29 10:36,HD2402291709,SaaS利用,情シス,高,課長,112,2024-02-29,あり,未達,なし,リモート,メール,設定不備,3
2025-09-01 07:06,HD2509011710,VPN,開発,低,係長,19,2025-09-01,あり,達成,なし,リモート,チャット,教育不足,5
2024-11-27 10:11,HD2411271711,アカウント,製造,低,係長,22,2024-11-27,あり,達成,なし,リモート,チケット,設定不備,5
2025-10-03 15:16,HD2510031712,業務システム,総務,中,係長,95,2025-10-03,あり,達成,あり,オンサイト,チャット,その他,5
2026-05-14 15:40,HD2605141713,セキュリティ,開発,低,課長,20,2026-05-14,あり,達成,なし,オンサイト,チケット,教育不足,5
2024-01-05 16:59,HD2401051714,PCトラブル,情シス,低,主任,21,2024-01-05,あり,達成,なし,リモート,メール,外部要因,5
2025-01-13 16:42,HD2501131715,アカウント,マーケ,低,課長,33,2025-01-13,あり,達成,なし,リモート,チャット,仕様,4
2024-07-11 08:11,HD2407111716,SaaS利用,営業,中,主任,90,2024-07-11,あり,達成,なし,電話,メール,外部要因,5
2025-01-05 05:36,HD2501051717,プリンタ,製造,中,主任,92,2025-01-05,あり,達成,なし,リモート,チャット,外部要因,5
2025-12-06 23:00,HD2512061718,VPN,情シス,中,主任,87,2025-12-07,あり,達成,なし,リモート,チャット,教育不足,5
2024-07-19 21:23,HD2407191719,セキュリティ,開発,低,課長,33,2024-07-19,あり,達成,なし,リモート,チャット,設定不備,5
2024-12-02 03:07,HD2412021720,PCトラブル,製造,低,課長,18,2024-12-02,あり,達成,なし,リモート,チケット,外部要因,4
2026-05-19 22:35,HD2605191721,プリンタ,人事,高,主任,59,2026-05-19,あり,達成,なし,リモート,メール,設定不備,5
2024-12-04 21:54,HD2412041722,PCトラブル,人事,中,主任,85,2024-12-04,あり,達成,なし,オンサイト,チャット,仕様,5
2026-03-18 12:27,HD2603181723,SaaS利用,マーケ,低,係長,28,2026-03-18,あり,達成,なし,オンサイト,チケット,その他,5
2026-05-24 09:54,HD2605241724,アカウント,人事,中,係長,68,2026-05-24,あり,達成,なし,リモート,メール,仕様,5
2026-01-29 22:17,HD2601291725,アカウント,製造,中,係長,46,2026-01-29,あり,達成,なし,リモート,電話,ハード故障,4
2024-10-16 05:15,HD2410161726,ネットワーク,人事,中,主任,76,2024-10-16,あり,達成,なし,リモート,チャット,設定不備,5
2026-05-20 16:56,HD2605201727,SaaS利用,経理,低,課長,15,2026-05-20,あり,達成,なし,電話,チケット,ハード故障,5
2024-01-18 21:57,HD2401181728,ネットワーク,法務,高,課長,141,2024-01-19,あり,未達,なし,リモート,チケット,仕様,3
2026-01-08 17:43,HD2601081729,PCトラブル,経理,高,課長,145,2026-01-08,あり,未達,なし,リモート,チケット,設定不備,3
2025-09-04 03:25,HD2509041730,PCトラブル,製造,高,課長,84,2025-09-04,あり,達成,なし,オンサイト,チケット,ハード故障,5
2024-09-11 02:50,HD2409111731,ネットワーク,法務,中,主任,39,2024-09-11,あり,達成,なし,電話,チャット,設定不備,5
2024-04-18 03:27,HD2404181732,メール,総務,低,課長,37,2024-04-18,あり,達成,なし,リモート,電話,外部要因,5
2025-09-06 20:37,HD2509061733,セキュリティ,経理,中,主任,46,2025-09-06,なし,達成,なし,電話,電話,ハード故障,3
2026-05-27 07:39,HD2605271734,ネットワーク,営業,中,課長,59,2026-05-27,あり,達成,なし,リモート,チケット,設定不備,5
2025-08-12 09:20,HD2508121735,PCトラブル,総務,中,課長,77,2025-08-12,あり,達成,なし,オンサイト,チャット,仕様,4
2024-07-27 19:01,HD2407271736,PCトラブル,営業,中,係長,84,2024-07-27,あり,達成,なし,電話,チケット,外部要因,5
2026-05-25 08:05,HD2605251737,メール,マーケ,低,課長,9,2026-05-25,あり,達成,なし,電話,電話,教育不足,5
2025-11-13 14:27,HD2511131738,SaaS利用,法務,低,係長,24,2025-11-13,あり,達成,あり,オンサイト,電話,教育不足,5
2024-09-14 16:45,HD2409141739,ネットワーク,経理,低,係長,24,2024-09-14,あり,達成,なし,リモート,電話,脆弱性,4
2025-11-06 16:14,HD2511061740,VPN,営業,低,主任,20,2025-11-06,あり,達成,なし,リモート,チケット,設定不備,5
2025-07-02 05:08,HD2507021741,業務システム,開発,高,主任,104,2025-07-02,あり,未達,なし,電話,チャット,設定不備,3
2024-04-11 22:43,HD2404111742,ネットワーク,情シス,低,課長,14,2024-04-11,あり,達成,なし,リモート,チャット,外部要因,5
2024-02-16 16:56,HD2402161743,SaaS利用,営業,中,課長,84,2024-02-16,あり,達成,なし,電話,チャット,ハード故障,4
2025-06-10 15:53,HD2506101744,PCトラブル,法務,中,課長,31,2025-06-10,あり,達成,なし,リモート,メール,脆弱性,4
2024-12-24 00:05,HD2412241745,SaaS利用,人事,低,主任,19,2024-12-24,あり,達成,なし,電話,チャット,仕様,5
2025-04-29 21:50,HD2504291746,ネットワーク,経理,中,係長,67,2025-04-29,あり,達成,なし,リモート,電話,外部要因,4
2024-11-30 04:19,HD2411301747,ネットワーク,マーケ,中,主任,51,2024-11-30,なし,達成,なし,リモート,チケット,教育不足,3
2026-04-15 17:41,HD2604151748,ネットワーク,営業,中,課長,33,2026-04-15,あり,達成,なし,オンサイト,チケット,ハード故障,5
2026-05-01 21:58,HD2605011749,ネットワーク,人事,中,課長,60,2026-05-01,なし,達成,なし,リモート,チケット,仕様,4
2026-03-17 23:51,HD2603171750,セキュリティ,情シス,高,主任,180,2026-03-18,あり,未達,なし,電話,チャット,設定不備,1
2025-12-02 18:07,HD2512021751,その他,情シス,中,主任,95,2025-12-02,あり,達成,なし,リモート,チケット,外部要因,5
2026-01-18 23:25,HD2601181752,業務システム,経理,低,課長,21,2026-01-18,あり,達成,なし,リモート,チケット,外部要因,4
2025-04-14 07:49,HD2504141753,PCトラブル,開発,高,主任,144,2025-04-14,あり,達成,なし,リモート,チケット,外部要因,5
2025-09-16 11:30,HD2509161754,PCトラブル,総務,中,課長,47,2025-09-16,なし,達成,なし,電話,対面,仕様,4
2025-07-07 13:37,HD2507071755,プリンタ,開発,高,主任,117,2025-07-07,あり,未達,なし,オンサイト,チケット,仕様,2
2025-06-24 03:02,HD2506241756,VPN,経理,低,係長,30,2025-06-24,あり,達成,なし,リモート,対面,外部要因,5
2025-05-03 02:16,HD2505031757,SaaS利用,経理,高,課長,104,2025-05-03,あり,未達,なし,オンサイト,チケット,ハード故障,3
2025-10-15 08:21,HD2510151758,業務システム,製造,低,主任,34,2025-10-15,あり,達成,なし,リモート,チケット,ハード故障,5
2024-01-21 14:53,HD2401211759,プリンタ,営業,高,課長,217,2024-01-21,あり,未達,なし,リモート,メール,設定不備,2
2026-05-16 11:20,HD2605161760,SaaS利用,総務,中,課長,94,2026-05-16,あり,達成,なし,リモート,メール,教育不足,5
2025-07-18 13:18,HD2507181761,アカウント,経理,低,主任,34,2025-07-18,あり,達成,なし,リモート,チケット,設定不備,5
2025-02-14 16:20,HD2502141762,VPN,総務,低,主任,31,2025-02-14,あり,達成,なし,電話,電話,仕様,5
2024-09-25 02:48,HD2409251763,SaaS利用,総務,中,係長,48,2024-09-25,あり,達成,あり,電話,チケット,外部要因,5
2025-06-06 14:47,HD2506061764,PCトラブル,製造,低,主任,27,2025-06-06,あり,達成,なし,リモート,チケット,教育不足,5
2025-09-07 14:10,HD2509071765,アカウント,開発,中,係長,74,2025-09-07,あり,達成,なし,リモート,電話,教育不足,5
2024-01-14 16:21,HD2401141766,PCトラブル,情シス,低,課長,25,2024-01-14,あり,達成,なし,リモート,チャット,教育不足,5
2025-01-03 17:46,HD2501031767,PCトラブル,開発,低,課長,17,2025-01-03,あり,達成,なし,リモート,チャット,設定不備,4
2026-03-04 06:09,HD2603041768,ネットワーク,開発,中,課長,30,2026-03-04,あり,達成,なし,オンサイト,チャット,教育不足,5
2025-06-18 01:23,HD2506181769,ネットワーク,経理,低,係長,8,2025-06-18,あり,達成,あり,リモート,メール,設定不備,4
2024-12-17 13:49,HD2412171770,PCトラブル,開発,低,課長,21,2024-12-17,あり,達成,なし,リモート,チャット,ハード故障,5
2025-04-14 23:26,HD2504141771,VPN,マーケ,中,課長,68,2025-04-15,あり,達成,なし,リモート,電話,設定不備,4
2024-11-26 01:23,HD2411261772,メール,営業,低,係長,36,2024-11-26,あり,達成,なし,電話,チャット,脆弱性,5
2025-01-16 08:53,HD2501161773,SaaS利用,マーケ,中,主任,67,2025-01-16,あり,達成,なし,リモート,チケット,設定不備,5
2026-05-17 01:46,HD2605171774,PCトラブル,総務,高,係長,115,2026-05-17,あり,達成,なし,オンサイト,チケット,教育不足,5
2025-07-20 05:17,HD2507201775,業務システム,法務,低,係長,37,2025-07-20,あり,達成,なし,オンサイト,チャット,外部要因,5
2025-07-25 05:24,HD2507251776,アカウント,人事,低,課長,17,2025-07-25,あり,達成,あり,リモート,チケット,ハード故障,4
2024-11-27 21:51,HD2411271777,セキュリティ,法務,中,係長,65,2024-11-27,あり,達成,あり,リモート,チャット,設定不備,5
2024-07-02 00:51,HD2407021778,アカウント,経理,中,係長,93,2024-07-02,あり,達成,なし,電話,チャット,脆弱性,5
2025-01-24 01:19,HD2501241779,PCトラブル,製造,中,主任,57,2025-01-24,あり,達成,なし,リモート,チケット,設定不備,4
2026-04-09 05:18,HD2604091780,PCトラブル,開発,中,係長,56,2026-04-09,あり,達成,なし,電話,チケット,設定不備,5
2024-01-11 18:53,HD2401111781,プリンタ,開発,中,課長,67,2024-01-11,あり,達成,なし,リモート,チャット,仕様,4
2025-08-14 00:45,HD2508141782,その他,人事,中,課長,76,2025-08-14,あり,達成,なし,リモート,メール,その他,5
2025-04-25 00:09,HD2504251783,SaaS利用,製造,低,主任,25,2025-04-25,なし,達成,なし,リモート,対面,外部要因,5
2025-08-06 01:25,HD2508061784,業務システム,人事,低,係長,30,2025-08-06,あり,達成,なし,リモート,チャット,設定不備,5
2024-12-29 02:08,HD2412291785,セキュリティ,総務,高,係長,204,2024-12-29,あり,未達,なし,リモート,メール,教育不足,1
2024-07-04 04:27,HD2407041786,PCトラブル,営業,低,係長,10,2024-07-04,あり,達成,なし,リモート,メール,設定不備,5
2025-08-10 10:17,HD2508101787,VPN,人事,中,課長,55,2025-08-10,あり,達成,あり,リモート,対面,ハード故障,4
2025-04-07 06:50,HD2504071788,PCトラブル,経理,低,係長,27,2025-04-07,なし,達成,なし,リモート,チケット,教育不足,4
2026-04-20 02:06,HD2604201789,PCトラブル,開発,中,係長,77,2026-04-20,あり,達成,なし,オンサイト,チャット,外部要因,5
2026-01-03 08:39,HD2601031790,PCトラブル,情シス,中,係長,88,2026-01-03,あり,達成,なし,オンサイト,チケット,設定不備,5
2026-05-06 18:36,HD2605061791,PCトラブル,営業,低,主任,21,2026-05-06,なし,達成,なし,電話,チャット,その他,4
2025-08-21 04:25,HD2508211792,VPN,情シス,緊急,主任,155,2025-08-21,あり,未達,なし,電話,チャット,ハード故障,1
2025-10-17 19:02,HD2510171793,PCトラブル,情シス,低,係長,11,2025-10-17,あり,達成,なし,リモート,チャット,教育不足,5
2025-02-07 12:41,HD2502071794,プリンタ,人事,低,課長,29,2025-02-07,あり,達成,なし,リモート,チャット,設定不備,5
2026-03-07 03:19,HD2603071795,セキュリティ,法務,低,課長,31,2026-03-07,あり,達成,なし,オンサイト,チケット,設定不備,5
2025-03-31 14:33,HD2503311796,アカウント,総務,中,課長,39,2025-03-31,あり,達成,なし,オンサイト,チャット,設定不備,5
2025-12-04 10:40,HD2512041797,SaaS利用,経理,中,課長,71,2025-12-04,なし,達成,なし,リモート,チケット,ハード故障,4
2024-11-09 15:42,HD2411091798,アカウント,開発,中,主任,23,2024-11-09,あり,達成,なし,リモート,チャット,教育不足,5
2024-02-29 19:08,HD2402291799,アカウント,人事,低,係長,32,2024-02-29,あり,達成,なし,リモート,チケット,教育不足,5
2025-10-18 20:51,HD2510181800,PCトラブル,人事,高,係長,105,2025-10-18,あり,達成,なし,リモート,チケット,脆弱性,5
2026-02-09 17:51,HD2602091801,プリンタ,総務,高,主任,100,2026-02-09,あり,未達,なし,オンサイト,メール,設定不備,3
2024-08-31 17:43,HD2408311802,PCトラブル,総務,低,主任,32,2024-08-31,あり,達成,なし,電話,チケット,教育不足,5
2024-07-14 15:34,HD2407141803,アカウント,人事,低,係長,19,2024-07-14,あり,達成,なし,電話,チケット,教育不足,4
2025-01-18 01:54,HD2501181804,SaaS利用,総務,低,主任,18,2025-01-18,あり,達成,なし,オンサイト,チケット,外部要因,5
2024-03-01 14:47,HD2403011805,ネットワーク,製造,低,係長,23,2024-03-01,あり,達成,なし,リモート,電話,教育不足,5
2026-05-04 18:10,HD2605041806,PCトラブル,製造,中,課長,49,2026-05-04,あり,達成,なし,リモート,チケット,ハード故障,4
2025-11-04 22:03,HD2511041807,アカウント,法務,中,課長,24,2025-11-04,あり,達成,なし,電話,メール,教育不足,5
2025-02-28 00:44,HD2502281808,アカウント,開発,緊急,係長,265,2025-02-28,あり,未達,なし,オンサイト,メール,設定不備,1
2025-06-25 17:06,HD2506251809,アカウント,情シス,中,係長,103,2025-06-25,あり,達成,なし,リモート,チケット,脆弱性,4
2024-01-29 16:24,HD2401291810,ネットワーク,開発,中,主任,84,2024-01-29,あり,達成,なし,電話,チケット,ハード故障,5
2024-04-18 04:30,HD2404181811,アカウント,経理,中,課長,64,2024-04-18,あり,達成,なし,リモート,チケット,ハード故障,5
2024-05-17 10:55,HD2405171812,PCトラブル,総務,緊急,課長,79,2024-05-17,あり,未達,なし,リモート,チャット,設定不備,1
2025-08-22 09:08,HD2508221813,アカウント,開発,中,課長,41,2025-08-22,あり,達成,なし,オンサイト,電話,設定不備,5
2026-04-26 06:40,HD2604261814,PCトラブル,情シス,低,課長,27,2026-04-26,あり,達成,なし,リモート,メール,脆弱性,4
2025-10-10 16:56,HD2510101815,ネットワーク,総務,低,係長,12,2025-10-10,あり,達成,なし,リモート,チャット,設定不備,5
2025-04-04 15:37,HD2504041816,アカウント,情シス,低,課長,9,2025-04-04,あり,達成,なし,オンサイト,チケット,その他,5
2024-02-06 11:48,HD2402061817,メール,情シス,高,課長,102,2024-02-06,あり,未達,なし,オンサイト,メール,設定不備,2
2025-07-15 18:30,HD2507151818,VPN,マーケ,高,課長,197,2025-07-15,あり,未達,なし,リモート,チケット,教育不足,1
2024-01-30 03:05,HD2401301819,プリンタ,経理,高,課長,125,2024-01-30,なし,達成,なし,リモート,チケット,仕様,4
2025-11-02 08:42,HD2511021820,ネットワーク,営業,中,課長,74,2025-11-02,あり,達成,なし,リモート,電話,ハード故障,5
2024-10-14 10:23,HD2410141821,PCトラブル,営業,低,係長,36,2024-10-14,あり,達成,なし,リモート,メール,教育不足,5
2024-10-12 06:54,HD2410121822,ネットワーク,開発,低,課長,12,2024-10-12,なし,達成,なし,リモート,チケット,ハード故障,3
2024-04-13 06:25,HD2404131823,セキュリティ,営業,低,係長,15,2024-04-13,あり,達成,なし,電話,チケット,その他,5
2024-05-02 03:01,HD2405021824,セキュリティ,人事,低,係長,30,2024-05-02,あり,達成,なし,電話,チャット,設定不備,5
2025-01-29 08:57,HD2501291825,アカウント,人事,低,主任,31,2025-01-29,あり,達成,なし,オンサイト,メール,外部要因,4
2024-09-13 13:01,HD2409131826,ネットワーク,経理,低,課長,12,2024-09-13,なし,達成,なし,オンサイト,チケット,ハード故障,3
2026-01-30 13:29,HD2601301827,プリンタ,開発,低,課長,26,2026-01-30,あり,達成,あり,オンサイト,チャット,教育不足,5
2026-01-01 09:57,HD2601011828,メール,開発,低,課長,44,2026-01-01,あり,達成,なし,オンサイト,チケット,外部要因,5
2025-04-26 04:25,HD2504261829,VPN,マーケ,中,主任,44,2025-04-26,あり,達成,なし,リモート,チケット,仕様,4
2024-11-20 11:30,HD2411201830,セキュリティ,開発,低,課長,18,2024-11-20,あり,達成,なし,リモート,チャット,ハード故障,4
2025-05-28 14:33,HD2505281831,プリンタ,経理,高,主任,123,2025-05-28,あり,未達,あり,オンサイト,チケット,外部要因,1
2025-12-21 11:17,HD2512211832,セキュリティ,マーケ,中,係長,84,2025-12-21,あり,達成,なし,オンサイト,電話,教育不足,5
2026-01-05 23:02,HD2601051833,PCトラブル,法務,高,課長,148,2026-01-06,あり,達成,なし,電話,チャット,ハード故障,5
2024-06-10 11:50,HD2406101834,メール,情シス,低,課長,16,2024-06-10,あり,達成,なし,オンサイト,チケット,教育不足,5
2024-11-16 01:20,HD2411161835,プリンタ,マーケ,低,係長,27,2024-11-16,あり,達成,なし,オンサイト,メール,仕様,5
2025-06-07 18:17,HD2506071836,メール,人事,低,課長,33,2025-06-07,あり,達成,なし,リモート,チャット,仕様,4
2025-04-23 06:23,HD2504231837,アカウント,人事,低,主任,26,2025-04-23,あり,達成,なし,オンサイト,メール,設定不備,4
2025-12-31 00:02,HD2512311838,業務システム,総務,低,課長,7,2025-12-31,あり,達成,なし,リモート,メール,設定不備,5
2024-12-13 19:22,HD2412131839,ネットワーク,情シス,中,主任,79,2024-12-13,あり,達成,なし,電話,チケット,仕様,5
2025-09-29 09:19,HD2509291840,アカウント,開発,低,課長,34,2025-09-29,あり,達成,なし,オンサイト,メール,仕様,5
2024-06-16 06:52,HD2406161841,PCトラブル,マーケ,中,課長,56,2024-06-16,あり,達成,なし,リモート,チケット,教育不足,5
2025-12-20 22:11,HD2512201842,アカウント,情シス,中,主任,74,2025-12-20,あり,達成,なし,オンサイト,チケット,その他,5
2025-01-19 11:41,HD2501191843,セキュリティ,人事,緊急,課長,215,2025-01-19,あり,未達,なし,リモート,チャット,設定不備,3
2025-07-12 12:58,HD2507121844,VPN,製造,中,係長,71,2025-07-12,なし,達成,なし,リモート,チケット,設定不備,4
2024-10-03 00:50,HD2410031845,PCトラブル,情シス,緊急,課長,317,2024-10-03,なし,未達,なし,オンサイト,メール,設定不備,1
2025-10-24 00:51,HD2510241846,メール,総務,中,課長,20,2025-10-24,あり,達成,なし,リモート,メール,仕様,5
2024-05-05 00:25,HD2405051847,アカウント,法務,中,主任,59,2024-05-05,あり,達成,なし,リモート,チケット,教育不足,5
2026-03-21 00:56,HD2603211848,ネットワーク,総務,中,課長,72,2026-03-21,あり,達成,なし,リモート,チケット,外部要因,5
2025-04-08 17:36,HD2504081849,業務システム,営業,中,主任,110,2025-04-08,あり,達成,なし,リモート,チャット,教育不足,5
2025-05-07 01:53,HD2505071850,ネットワーク,総務,中,係長,57,2025-05-07,あり,達成,なし,リモート,電話,仕様,5
2025-08-21 08:17,HD2508211851,アカウント,マーケ,高,係長,72,2025-08-21,あり,達成,なし,リモート,電話,設定不備,5
2025-11-23 06:25,HD2511231852,ネットワーク,人事,高,係長,71,2025-11-23,あり,達成,なし,オンサイト,チケット,教育不足,4
2024-04-28 11:39,HD2404281853,メール,総務,低,主任,23,2024-04-28,あり,達成,なし,リモート,メール,設定不備,5
2024-06-11 06:19,HD2406111854,業務システム,製造,中,主任,40,2024-06-11,あり,達成,あり,リモート,チケット,教育不足,5
2025-02-03 17:12,HD2502031855,SaaS利用,総務,高,主任,239,2025-02-03,あり,未達,なし,リモート,電話,その他,1
2025-05-13 14:28,HD2505131856,ネットワーク,開発,低,係長,23,2025-05-13,あり,達成,あり,リモート,チャット,教育不足,5
2024-05-10 21:56,HD2405101857,アカウント,人事,中,係長,51,2024-05-10,あり,達成,なし,リモート,チャット,設定不備,4
2025-05-30 22:56,HD2505301858,アカウント,開発,低,課長,37,2025-05-30,あり,達成,なし,リモート,チケット,設定不備,4
2025-05-13 01:38,HD2505131859,PCトラブル,営業,低,係長,29,2025-05-13,あり,達成,なし,オンサイト,チケット,教育不足,5
2024-10-25 23:57,HD2410251860,セキュリティ,営業,中,係長,60,2024-10-26,あり,達成,なし,リモート,チケット,教育不足,5
2024-01-11 07:48,HD2401111861,アカウント,情シス,中,係長,123,2024-01-11,あり,達成,なし,リモート,チケット,設定不備,5
2025-12-29 00:28,HD2512291862,プリンタ,開発,低,課長,35,2025-12-29,あり,達成,なし,リモート,チケット,教育不足,5
2025-04-05 19:50,HD2504051863,SaaS利用,人事,中,主任,55,2025-04-05,あり,達成,なし,電話,チャット,教育不足,4
2025-07-24 20:23,HD2507241864,その他,情シス,中,係長,85,2025-07-24,あり,達成,なし,リモート,チャット,外部要因,5
2025-08-02 08:14,HD2508021865,メール,法務,低,課長,25,2025-08-02,あり,達成,なし,オンサイト,チケット,ハード故障,4
2025-02-20 00:04,HD2502201866,セキュリティ,製造,中,主任,105,2025-02-20,あり,達成,なし,リモート,チャット,外部要因,4
2024-01-19 06:35,HD2401191867,アカウント,開発,高,主任,120,2024-01-19,あり,達成,なし,リモート,チケット,設定不備,5
2024-07-13 23:39,HD2407131868,アカウント,開発,中,主任,75,2024-07-14,あり,達成,なし,オンサイト,メール,外部要因,5
2026-02-06 13:10,HD2602061869,ネットワーク,法務,中,係長,59,2026-02-06,あり,達成,なし,リモート,チケット,外部要因,5
2025-06-17 20:57,HD2506171870,SaaS利用,情シス,中,主任,54,2025-06-17,あり,達成,なし,オンサイト,チャット,設定不備,5
2024-01-16 08:01,HD2401161871,ネットワーク,製造,緊急,主任,211,2024-01-16,なし,未達,なし,リモート,メール,仕様,2
2024-04-11 17:57,HD2404111872,ネットワーク,人事,低,主任,24,2024-04-11,あり,達成,なし,リモート,チケット,脆弱性,5
2025-12-28 02:32,HD2512281873,ネットワーク,法務,中,課長,81,2025-12-28,あり,達成,なし,オンサイト,チャット,教育不足,5
2025-06-04 14:33,HD2506041874,その他,人事,中,係長,57,2025-06-04,あり,達成,なし,オンサイト,チャット,設定不備,5
2026-03-09 07:40,HD2603091875,業務システム,法務,中,課長,149,2026-03-09,あり,達成,なし,リモート,電話,ハード故障,5
2024-09-16 03:08,HD2409161876,ネットワーク,営業,低,係長,36,2024-09-16,あり,達成,なし,リモート,チャット,設定不備,5
2025-06-19 02:07,HD2506191877,PCトラブル,営業,低,係長,18,2025-06-19,あり,達成,なし,オンサイト,チケット,教育不足,5
2025-08-13 10:52,HD2508131878,PCトラブル,営業,中,係長,77,2025-08-13,あり,達成,なし,リモート,メール,設定不備,4
2024-10-04 18:45,HD2410041879,アカウント,人事,低,課長,13,2024-10-04,あり,達成,なし,リモート,チケット,外部要因,5
2025-11-16 12:20,HD2511161880,VPN,開発,低,係長,49,2025-11-16,あり,達成,なし,オンサイト,チケット,設定不備,5
2024-05-26 15:39,HD2405261881,業務システム,マーケ,中,課長,113,2024-05-26,あり,達成,あり,リモート,チャット,教育不足,5
2024-10-26 01:35,HD2410261882,VPN,経理,低,係長,25,2024-10-26,あり,達成,なし,オンサイト,チャット,設定不備,5
2026-05-07 08:43,HD2605071883,ネットワーク,法務,緊急,主任,129,2026-05-07,あり,未達,なし,リモート,チャット,設定不備,3
2024-05-05 01:48,HD2405051884,PCトラブル,総務,中,係長,75,2024-05-05,あり,達成,なし,オンサイト,電話,設定不備,5
2025-11-01 23:07,HD2511011885,SaaS利用,マーケ,低,係長,28,2025-11-01,あり,達成,なし,電話,チャット,設定不備,5
2025-03-24 11:51,HD2503241886,業務システム,製造,中,課長,87,2025-03-24,あり,達成,なし,オンサイト,チャット,外部要因,4
2025-03-19 22:32,HD2503191887,業務システム,情シス,中,主任,76,2025-03-19,あり,達成,なし,リモート,メール,教育不足,5
2025-07-18 21:24,HD2507181888,アカウント,経理,緊急,係長,32,2025-07-18,あり,達成,あり,リモート,メール,仕様,5
2024-03-22 07:47,HD2403221889,ネットワーク,法務,低,係長,28,2024-03-22,あり,達成,あり,電話,メール,仕様,4
2024-06-02 03:43,HD2406021890,アカウント,法務,中,課長,65,2024-06-02,あり,達成,なし,オンサイト,チケット,設定不備,5
2024-07-11 02:47,HD2407111891,ネットワーク,経理,低,主任,5,2024-07-11,あり,達成,なし,リモート,電話,脆弱性,5
2025-12-31 07:49,HD2512311892,メール,経理,低,主任,31,2025-12-31,なし,達成,なし,リモート,メール,教育不足,5
2025-06-22 10:58,HD2506221893,ネットワーク,法務,低,主任,15,2025-06-22,あり,達成,なし,電話,チャット,設定不備,5
2025-12-06 16:31,HD2512061894,VPN,法務,低,主任,26,2025-12-06,あり,達成,なし,オンサイト,チャット,外部要因,5
2025-12-26 19:13,HD2512261895,ネットワーク,マーケ,緊急,課長,255,2025-12-26,あり,未達,なし,リモート,メール,設定不備,3
2024-06-07 02:37,HD2406071896,SaaS利用,法務,低,課長,19,2024-06-07,あり,達成,なし,オンサイト,チケット,設定不備,5
2025-09-24 03:02,HD2509241897,SaaS利用,開発,低,係長,27,2025-09-24,なし,達成,なし,電話,チケット,設定不備,4
2026-01-15 07:10,HD2601151898,その他,開発,中,主任,30,2026-01-15,あり,達成,なし,リモート,チケット,設定不備,5
2024-04-16 11:31,HD2404161899,SaaS利用,法務,中,係長,81,2024-04-16,なし,達成,なし,リモート,メール,ハード故障,3
2024-06-11 21:12,HD2406111900,その他,経理,低,課長,21,2024-06-11,なし,達成,なし,電話,チケット,脆弱性,4
2024-03-17 05:14,HD2403171901,PCトラブル,総務,高,主任,126,2024-03-17,あり,達成,なし,リモート,チャット,教育不足,5
2025-12-31 06:52,HD2512311902,PCトラブル,総務,低,係長,30,2025-12-31,あり,達成,なし,オンサイト,対面,外部要因,5
2024-05-22 18:54,HD2405221903,ネットワーク,人事,低,課長,22,2024-05-22,あり,達成,なし,リモート,対面,ハード故障,5
2024-04-13 19:48,HD2404131904,プリンタ,法務,中,主任,69,2024-04-13,なし,達成,なし,電話,チャット,仕様,5
2024-10-27 20:48,HD2410271905,PCトラブル,製造,低,課長,7,2024-10-27,あり,達成,なし,オンサイト,メール,教育不足,5
2024-10-31 11:04,HD2410311906,SaaS利用,経理,低,係長,30,2024-10-31,あり,達成,なし,リモート,チケット,教育不足,4
2025-04-14 19:37,HD2504141907,業務システム,法務,中,係長,119,2025-04-14,なし,達成,なし,オンサイト,チケット,教育不足,3
2025-12-13 13:17,HD2512131908,VPN,営業,中,係長,59,2025-12-13,あり,達成,なし,電話,電話,設定不備,5
2024-04-18 12:17,HD2404181909,アカウント,営業,低,主任,18,2024-04-18,あり,達成,なし,オンサイト,チャット,仕様,5
2026-05-14 14:59,HD2605141910,アカウント,開発,低,係長,24,2026-05-14,あり,達成,なし,電話,チケット,設定不備,4
2026-02-12 07:24,HD2602121911,VPN,法務,中,係長,56,2026-02-12,あり,達成,なし,オンサイト,メール,設定不備,5
2025-02-05 12:55,HD2502051912,PCトラブル,営業,中,主任,53,2025-02-05,あり,達成,なし,リモート,チケット,教育不足,5
2024-11-26 15:22,HD2411261913,アカウント,情シス,低,主任,32,2024-11-26,あり,達成,なし,リモート,メール,外部要因,4
2025-08-18 05:47,HD2508181914,業務システム,製造,低,主任,19,2025-08-18,あり,達成,なし,リモート,チケット,設定不備,5
2024-08-20 01:25,HD2408201915,PCトラブル,開発,高,係長,160,2024-08-20,あり,未達,なし,リモート,チケット,仕様,3
2025-07-05 01:41,HD2507051916,アカウント,人事,中,係長,84,2025-07-05,あり,達成,なし,リモート,チケット,設定不備,5
2024-05-03 19:32,HD2405031917,業務システム,経理,低,主任,52,2024-05-03,あり,達成,あり,オンサイト,チケット,仕様,5
2024-02-20 16:54,HD2402201918,SaaS利用,営業,低,係長,25,2024-02-20,あり,達成,なし,リモート,チケット,教育不足,5
2026-02-14 22:32,HD2602141919,PCトラブル,情シス,低,係長,29,2026-02-14,あり,達成,なし,リモート,チャット,設定不備,5
2024-02-23 13:32,HD2402231920,セキュリティ,製造,低,主任,62,2024-02-23,あり,達成,なし,リモート,チャット,設定不備,5
2024-08-16 08:14,HD2408161921,プリンタ,経理,低,課長,23,2024-08-16,あり,達成,なし,オンサイト,メール,設定不備,4
2024-01-11 15:00,HD2401111922,ネットワーク,マーケ,低,課長,35,2024-01-11,あり,達成,なし,オンサイト,チケット,教育不足,5
2026-01-15 18:09,HD2601151923,メール,情シス,低,主任,15,2026-01-15,あり,達成,なし,リモート,チケット,教育不足,4
2024-09-05 23:23,HD2409051924,PCトラブル,製造,中,係長,101,2024-09-06,あり,達成,なし,電話,チャット,その他,5
2024-03-16 00:40,HD2403161925,アカウント,マーケ,中,主任,102,2024-03-16,あり,達成,なし,オンサイト,チケット,設定不備,5
2024-11-05 21:32,HD2411051926,メール,経理,高,係長,80,2024-11-05,あり,達成,なし,オンサイト,チャット,その他,5
2025-07-07 19:12,HD2507071927,PCトラブル,製造,中,主任,85,2025-07-07,あり,達成,なし,リモート,チャット,仕様,5
2024-10-05 08:05,HD2410051928,メール,総務,高,課長,54,2024-10-05,あり,達成,なし,リモート,チャット,教育不足,5
2025-10-23 23:22,HD2510231929,VPN,人事,中,課長,20,2025-10-23,あり,達成,なし,電話,メール,ハード故障,5
2024-06-02 01:07,HD2406021930,プリンタ,法務,中,係長,35,2024-06-02,あり,達成,なし,電話,チャット,ハード故障,4
2024-10-21 20:41,HD2410211931,メール,経理,低,課長,30,2024-10-21,あり,達成,なし,リモート,チャット,設定不備,4
2025-05-25 11:26,HD2505251932,ネットワーク,法務,低,課長,33,2025-05-25,あり,達成,なし,リモート,チャット,教育不足,5
2026-04-04 11:55,HD2604041933,アカウント,情シス,低,係長,19,2026-04-04,あり,達成,あり,リモート,チャット,仕様,5
2024-01-26 09:21,HD2401261934,PCトラブル,マーケ,低,課長,10,2024-01-26,あり,達成,なし,電話,メール,設定不備,5
2025-06-03 11:21,HD2506031935,アカウント,経理,低,課長,12,2025-06-03,なし,達成,なし,リモート,チャット,ハード故障,4
2025-12-08 21:26,HD2512081936,SaaS利用,製造,高,主任,163,2025-12-09,なし,未達,なし,電話,チケット,設定不備,1
2025-02-20 10:16,HD2502201937,セキュリティ,開発,低,課長,63,2025-02-20,あり,達成,なし,電話,チケット,教育不足,4
2024-11-14 11:49,HD2411141938,ネットワーク,開発,低,主任,40,2024-11-14,あり,達成,なし,オンサイト,チケット,仕様,4
2025-10-09 04:21,HD2510091939,ネットワーク,営業,中,係長,56,2025-10-09,あり,達成,なし,電話,チケット,設定不備,5
2026-04-10 21:12,HD2604101940,PCトラブル,開発,中,係長,80,2026-04-10,あり,達成,なし,リモート,チケット,ハード故障,5
2024-05-25 07:02,HD2405251941,PCトラブル,営業,高,係長,137,2024-05-25,あり,未達,なし,リモート,チケット,教育不足,3
2025-06-03 01:38,HD2506031942,プリンタ,開発,中,課長,55,2025-06-03,あり,達成,なし,オンサイト,チャット,仕様,4
2025-01-03 00:59,HD2501031943,アカウント,製造,低,課長,11,2025-01-03,あり,達成,なし,電話,チケット,設定不備,5
2025-07-15 00:33,HD2507151944,アカウント,経理,低,課長,38,2025-07-15,なし,達成,なし,リモート,チャット,その他,4
2024-05-06 11:09,HD2405061945,プリンタ,マーケ,低,主任,24,2024-05-06,あり,達成,なし,オンサイト,チャット,設定不備,5
2024-09-30 17:46,HD2409301946,ネットワーク,開発,低,課長,31,2024-09-30,あり,達成,なし,電話,チャット,仕様,5
2025-06-14 06:12,HD2506141947,ネットワーク,マーケ,高,課長,128,2025-06-14,あり,未達,なし,オンサイト,メール,設定不備,3
2024-01-01 05:28,HD2401011948,PCトラブル,総務,緊急,主任,126,2024-01-01,あり,未達,あり,リモート,チャット,設定不備,3
2024-02-22 07:11,HD2402221949,プリンタ,総務,中,係長,29,2024-02-22,あり,達成,なし,リモート,チケット,教育不足,4
2024-05-29 16:52,HD2405291950,プリンタ,マーケ,低,係長,17,2024-05-29,あり,達成,なし,オンサイト,チャット,ハード故障,5
2025-06-13 17:06,HD2506131951,業務システム,法務,中,主任,117,2025-06-13,あり,達成,なし,リモート,チケット,教育不足,4
2025-08-07 15:06,HD2508071952,アカウント,製造,中,係長,75,2025-08-07,あり,達成,なし,リモート,メール,設定不備,5
2024-04-22 14:04,HD2404221953,ネットワーク,経理,低,課長,48,2024-04-22,あり,達成,なし,リモート,チケット,教育不足,5
2024-01-22 02:18,HD2401221954,VPN,営業,低,係長,22,2024-01-22,あり,達成,なし,リモート,電話,設定不備,4
2025-08-21 13:52,HD2508211955,アカウント,経理,高,課長,167,2025-08-21,あり,未達,なし,オンサイト,チケット,設定不備,3
2026-02-17 00:30,HD2602171956,PCトラブル,開発,中,主任,65,2026-02-17,あり,達成,なし,電話,チャット,仕様,5
2024-12-17 20:18,HD2412171957,セキュリティ,製造,中,課長,60,2024-12-17,あり,達成,なし,リモート,チケット,設定不備,5
2025-01-22 23:11,HD2501221958,PCトラブル,情シス,中,係長,68,2025-01-23,なし,達成,なし,リモート,電話,外部要因,3
2026-03-27 03:00,HD2603271959,SaaS利用,情シス,高,主任,189,2026-03-27,あり,未達,なし,リモート,電話,外部要因,3
2025-01-27 11:32,HD2501271960,メール,法務,中,課長,15,2025-01-27,あり,達成,なし,リモート,チャット,設定不備,5
2024-01-11 16:02,HD2401111961,アカウント,情シス,中,主任,24,2024-01-11,あり,達成,なし,リモート,チケット,教育不足,5
2025-06-14 04:12,HD2506141962,ネットワーク,経理,中,課長,79,2025-06-14,なし,達成,なし,オンサイト,チャット,外部要因,5
2025-08-19 20:13,HD2508191963,SaaS利用,開発,低,主任,20,2025-08-19,あり,達成,なし,リモート,電話,仕様,5
2025-05-16 20:18,HD2505161964,VPN,経理,低,課長,37,2025-05-16,あり,達成,なし,リモート,チャット,外部要因,5
2024-03-14 21:56,HD2403141965,VPN,人事,高,課長,176,2024-03-15,あり,未達,なし,電話,チャット,教育不足,3
2025-11-07 06:40,HD2511071966,PCトラブル,経理,低,課長,19,2025-11-07,あり,達成,なし,オンサイト,電話,設定不備,5
2025-10-24 14:07,HD2510241967,業務システム,総務,緊急,課長,152,2025-10-24,なし,未達,なし,リモート,メール,設定不備,3
2024-06-16 14:06,HD2406161968,SaaS利用,マーケ,高,課長,80,2024-06-16,なし,達成,なし,オンサイト,チャット,設定不備,5
2024-03-21 13:06,HD2403211969,アカウント,開発,高,係長,40,2024-03-21,あり,達成,なし,リモート,チケット,教育不足,5
2025-04-29 19:30,HD2504291970,ネットワーク,営業,中,課長,38,2025-04-29,あり,達成,なし,リモート,チケット,その他,5
2025-07-30 04:07,HD2507301971,業務システム,マーケ,緊急,主任,438,2025-07-30,なし,未達,なし,リモート,チケット,外部要因,3
2024-09-27 19:23,HD2409271972,アカウント,法務,低,課長,30,2024-09-27,なし,達成,なし,リモート,チャット,ハード故障,5
2025-09-26 21:11,HD2509261973,業務システム,情シス,中,係長,44,2025-09-26,なし,達成,なし,リモート,チャット,教育不足,4
2025-03-18 15:49,HD2503181974,アカウント,総務,高,課長,75,2025-03-18,あり,達成,なし,リモート,対面,ハード故障,5
2024-01-30 10:53,HD2401301975,PCトラブル,経理,低,課長,5,2024-01-30,なし,達成,なし,リモート,チャット,設定不備,5
2026-02-28 08:00,HD2602281976,プリンタ,経理,中,係長,104,2026-02-28,あり,達成,なし,オンサイト,電話,教育不足,5
2024-03-15 20:46,HD2403151977,業務システム,営業,高,課長,234,2024-03-16,あり,未達,なし,リモート,チケット,ハード故障,1
2024-08-05 06:23,HD2408051978,PCトラブル,人事,低,係長,16,2024-08-05,あり,達成,なし,電話,対面,仕様,5
2024-12-19 11:16,HD2412191979,SaaS利用,総務,中,係長,37,2024-12-19,あり,達成,なし,電話,対面,教育不足,5
2024-08-13 02:55,HD2408131980,SaaS利用,情シス,低,係長,28,2024-08-13,あり,達成,なし,リモート,チャット,設定不備,5
2024-02-09 17:48,HD2402091981,PCトラブル,総務,低,主任,14,2024-02-09,なし,達成,なし,オンサイト,チャット,設定不備,3
2025-08-16 07:04,HD2508161982,業務システム,情シス,中,主任,80,2025-08-16,あり,達成,なし,リモート,チケット,仕様,5
2026-04-03 07:41,HD2604031983,業務システム,総務,低,係長,63,2026-04-03,あり,達成,なし,リモート,チャット,ハード故障,5
2025-10-17 05:53,HD2510171984,アカウント,法務,中,主任,78,2025-10-17,あり,達成,なし,オンサイト,チャット,脆弱性,5
2026-02-03 11:36,HD2602031985,ネットワーク,情シス,高,課長,93,2026-02-03,なし,達成,なし,リモート,チケット,設定不備,4
2026-02-25 16:23,HD2602251986,プリンタ,情シス,低,主任,34,2026-02-25,あり,達成,なし,リモート,チケット,設定不備,5
2024-03-19 02:27,HD2403191987,PCトラブル,開発,高,課長,212,2024-03-19,あり,未達,なし,リモート,メール,設定不備,3
2025-07-11 19:30,HD2507111988,PCトラブル,総務,中,主任,77,2025-07-11,あり,達成,なし,オンサイト,メール,教育不足,5
2024-10-05 06:44,HD2410051989,ネットワーク,法務,中,係長,50,2024-10-05,あり,達成,なし,リモート,チケット,仕様,5
2024-12-02 02:50,HD2412021990,ネットワーク,営業,低,課長,10,2024-12-02,なし,達成,なし,リモート,チケット,教育不足,3
2025-10-06 22:16,HD2510061991,セキュリティ,製造,中,主任,87,2025-10-06,なし,達成,なし,リモート,チケット,設定不備,4
2025-02-21 18:57,HD2502211992,SaaS利用,総務,中,係長,72,2025-02-21,なし,達成,なし,オンサイト,メール,設定不備,5
2024-10-16 20:27,HD2410161993,SaaS利用,情シス,中,係長,52,2024-10-16,あり,達成,なし,電話,メール,仕様,5
2025-03-28 05:42,HD2503281994,PCトラブル,人事,低,課長,15,2025-03-28,あり,達成,なし,リモート,チケット,ハード故障,5
2025-03-13 15:54,HD2503131995,PCトラブル,経理,低,課長,25,2025-03-13,あり,達成,なし,リモート,チャット,仕様,5
2025-08-23 05:38,HD2508231996,ネットワーク,営業,低,係長,41,2025-08-23,なし,達成,なし,リモート,チケット,脆弱性,4
2025-11-24 23:22,HD2511241997,セキュリティ,情シス,低,主任,29,2025-11-24,あり,達成,なし,リモート,チャット,設定不備,5
2024-07-02 06:18,HD2407021998,メール,製造,中,課長,54,2024-07-02,あり,達成,なし,オンサイト,チャット,設定不備,4
2024-05-15 05:40,HD2405151999,セキュリティ,営業,低,主任,34,2024-05-15,なし,達成,なし,オンサイト,メール,設定不備,4
